ISO-10303-21;
HEADER;
FILE_DESCRIPTION(('ViewDefinition [CoordinationView]'),'2;1');
FILE_NAME('electrical-room-2500a.ifc','2026-07-30T02:29:46',(''),(''),'three-d-stage IFC writer','three-d-stage','');
FILE_SCHEMA(('IFC4'));
ENDSEC;
DATA;
#1=IFCPERSON($,$,'',$,$,$,$,$);
#2=IFCORGANIZATION($,'three-d-stage',$,$,$);
#3=IFCPERSONANDORGANIZATION(#1,#2,$);
#4=IFCAPPLICATION(#2,'1.0','three-d-stage IFC writer','three_d_stage');
#5=IFCOWNERHISTORY(#3,#4,$,.NOCHANGE.,$,$,$,1785378586);
#6=IFCDIRECTION((1.,0.,0.));
#7=IFCDIRECTION((0.,0.,1.));
#8=IFCCARTESIANPOINT((0.,0.,0.));
#9=IFCAXIS2PLACEMENT3D(#8,#7,#6);
#10=IFCGEOMETRICREPRESENTATIONCONTEXT($,'Model',3,1.E-05,#9,$);
#11=IFCGEOMETRICREPRESENTATIONSUBCONTEXT('Body','Model',*,*,*,*,#10,$,.MODEL_VIEW.,$);
#12=IFCSIUNIT(*,.LENGTHUNIT.,$,.METRE.);
#13=IFCSIUNIT(*,.AREAUNIT.,$,.SQUARE_METRE.);
#14=IFCSIUNIT(*,.VOLUMEUNIT.,$,.CUBIC_METRE.);
#15=IFCSIUNIT(*,.PLANEANGLEUNIT.,$,.RADIAN.);
#16=IFCSIUNIT(*,.ELECTRICVOLTAGEUNIT.,$,.VOLT.);
#17=IFCSIUNIT(*,.ELECTRICCURRENTUNIT.,$,.AMPERE.);
#18=IFCSIUNIT(*,.POWERUNIT.,$,.WATT.);
#19=IFCUNITASSIGNMENT((#12,#13,#14,#15,#16,#17,#18));
#20=IFCPROJECT('0EWNhiOIUFfo7dDTy4oCTD',#5,'Electrical room - 2500 A service',$,$,$,$,(#10),#19);
#21=IFCLOCALPLACEMENT($,#9);
#22=IFCSITE('3R55fP1civ7tMWG$s6rtSv',#5,'Site',$,$,#21,$,$,.ELEMENT.,$,$,$,$,$);
#23=IFCLOCALPLACEMENT(#21,#9);
#24=IFCBUILDING('0rwzRaCDIfpSyNmTyzTZLG',#5,'Building',$,$,#23,$,$,.ELEMENT.,$,$,$);
#25=IFCLOCALPLACEMENT(#23,#9);
#26=IFCBUILDINGSTOREY('14kxonpfZf0kKWo7G2nBh$',#5,'Level 1',$,$,#25,$,$,.ELEMENT.,0.);
#27=IFCRELAGGREGATES('3UpoTt87u1wQVwcM4HSSC3',#5,$,$,#20,(#22));
#28=IFCRELAGGREGATES('3HQFNzYoXxOt5k4oLnImUV',#5,$,$,#22,(#24));
#29=IFCRELAGGREGATES('3tZeI_SmPBi7Tm32cEnPOc',#5,$,$,#24,(#26));
#30=IFCCARTESIANPOINTLIST3D(((-3.29,2.29,2.386),(-3.29,2.9,2.386),(-3.29,2.29,0.1),(-3.29,2.9,0.1),(-4.196,2.9,2.386),(-4.196,2.29,2.386),(-4.196,2.9,0.1),(-4.196,2.29,0.1),(-4.196,2.9,2.386),(-3.29,2.9,2.386),(-4.196,2.29,2.386),(-3.29,2.29,2.386),(-4.196,2.29,0.1),(-3.29,2.29,0.1),(-4.196,2.9,0.1),(-3.29,2.9,0.1),(-4.196,2.29,2.386),(-3.29,2.29,2.386),(-4.196,2.29,0.1),(-3.29,2.29,0.1),(-3.29,2.9,2.386),(-4.196,2.9,2.386),(-3.29,2.9,0.1),(-4.196,2.9,0.1)));
#31=IFCTRIANGULATEDFACESET(#30,$,$,((1,3,2),(3,4,2),(5,7,6),(7,8,6),(9,11,10),(11,12,10),(13,15,14),(15,16,14),(17,19,18),(19,20,18),(21,23,22),(23,24,22)),$);
#32=IFCCOLOURRGB($,0.611765,0.635294,0.639216);
#33=IFCSURFACESTYLERENDERING(#32,0.,$,$,$,$,$,$,.NOTDEFINED.);
#34=IFCSURFACESTYLE('ansi61_gray',.BOTH.,(#33));
#35=IFCPRESENTATIONSTYLEASSIGNMENT((#34));
#36=IFCSTYLEDITEM(#31,(#35),'msb_ct_body');
#37=IFCCARTESIANPOINTLIST3D(((-2.376,2.29,2.386),(-2.376,2.9,2.386),(-2.376,2.29,0.1),(-2.376,2.9,0.1),(-3.282,2.9,2.386),(-3.282,2.29,2.386),(-3.282,2.9,0.1),(-3.282,2.29,0.1),(-3.282,2.9,2.386),(-2.376,2.9,2.386),(-3.282,2.29,2.386),(-2.376,2.29,2.386),(-3.282,2.29,0.1),(-2.376,2.29,0.1),(-3.282,2.9,0.1),(-2.376,2.9,0.1),(-3.282,2.29,2.386),(-2.376,2.29,2.386),(-3.282,2.29,0.1),(-2.376,2.29,0.1),(-2.376,2.9,2.386),(-3.282,2.9,2.386),(-2.376,2.9,0.1),(-3.282,2.9,0.1)));
#38=IFCTRIANGULATEDFACESET(#37,$,$,((1,3,2),(3,4,2),(5,7,6),(7,8,6),(9,11,10),(11,12,10),(13,15,14),(15,16,14),(17,19,18),(19,20,18),(21,23,22),(23,24,22)),$);
#39=IFCSTYLEDITEM(#38,(#35),'msb_mb_body');
#40=IFCCARTESIANPOINTLIST3D(((-1.157,2.29,2.386),(-1.157,2.9,2.386),(-1.157,2.29,0.1),(-1.157,2.9,0.1),(-2.368,2.9,2.386),(-2.368,2.29,2.386),(-2.368,2.9,0.1),(-2.368,2.29,0.1),(-2.368,2.9,2.386),(-1.157,2.9,2.386),(-2.368,2.29,2.386),(-1.157,2.29,2.386),(-2.368,2.29,0.1),(-1.157,2.29,0.1),(-2.368,2.9,0.1),(-1.157,2.9,0.1),(-2.368,2.29,2.386),(-1.157,2.29,2.386),(-2.368,2.29,0.1),(-1.157,2.29,0.1),(-1.157,2.9,2.386),(-2.368,2.9,2.386),(-1.157,2.9,0.1),(-2.368,2.9,0.1)));
#41=IFCTRIANGULATEDFACESET(#40,$,$,((1,3,2),(3,4,2),(5,7,6),(7,8,6),(9,11,10),(11,12,10),(13,15,14),(15,16,14),(17,19,18),(19,20,18),(21,23,22),(23,24,22)),$);
#42=IFCSTYLEDITEM(#41,(#35),'msb_d1_body');
#43=IFCCARTESIANPOINTLIST3D(((0.062,2.29,2.386),(0.062,2.9,2.386),(0.062,2.29,0.1),(0.062,2.9,0.1),(-1.149,2.9,2.386),(-1.149,2.29,2.386),(-1.149,2.9,0.1),(-1.149,2.29,0.1),(-1.149,2.9,2.386),(0.062,2.9,2.386),(-1.149,2.29,2.386),(0.062,2.29,2.386),(-1.149,2.29,0.1),(0.062,2.29,0.1),(-1.149,2.9,0.1),(0.062,2.9,0.1),(-1.149,2.29,2.386),(0.062,2.29,2.386),(-1.149,2.29,0.1),(0.062,2.29,0.1),(0.062,2.9,2.386),(-1.149,2.9,2.386),(0.062,2.9,0.1),(-1.149,2.9,0.1)));
#44=IFCTRIANGULATEDFACESET(#43,$,$,((1,3,2),(3,4,2),(5,7,6),(7,8,6),(9,11,10),(11,12,10),(13,15,14),(15,16,14),(17,19,18),(19,20,18),(21,23,22),(23,24,22)),$);
#45=IFCSTYLEDITEM(#44,(#35),'msb_d2_body');
#46=IFCCARTESIANPOINTLIST3D(((-4.193,2.286,2.345),(-4.193,2.29,2.345),(-4.193,2.286,0.155),(-4.193,2.29,0.155),(-4.199,2.29,2.345),(-4.199,2.286,2.345),(-4.199,2.29,0.155),(-4.199,2.286,0.155),(-4.199,2.29,2.345),(-4.193,2.29,2.345),(-4.199,2.286,2.345),(-4.193,2.286,2.345),(-4.199,2.286,0.155),(-4.193,2.286,0.155),(-4.199,2.29,0.155),(-4.193,2.29,0.155),(-4.199,2.286,2.345),(-4.193,2.286,2.345),(-4.199,2.286,0.155),(-4.193,2.286,0.155),(-4.193,2.29,2.345),(-4.199,2.29,2.345),(-4.193,2.29,0.155),(-4.199,2.29,0.155),(-3.287,2.286,2.345),(-3.287,2.29,2.345),(-3.287,2.286,0.155),(-3.287,2.29,0.155),(-3.293,2.29,2.345),(-3.293,2.286,2.345),(-3.293,2.29,0.155),(-3.293,2.286,0.155),(-3.293,2.29,2.345),(-3.287,2.29,2.345),(-3.293,2.286,2.345),(-3.287,2.286,2.345),(-3.293,2.286,0.155),(-3.287,2.286,0.155),(-3.293,2.29,0.155),(-3.287,2.29,0.155),(-3.293,2.286,2.345),(-3.287,2.286,2.345),(-3.293,2.286,0.155),(-3.287,2.286,0.155),(-3.287,2.29,2.345),(-3.293,2.29,2.345),(-3.287,2.29,0.155),(-3.293,2.29,0.155),(-3.279,2.286,2.345),(-3.279,2.29,2.345),(-3.279,2.286,0.155),(-3.279,2.29,0.155),(-3.285,2.29,2.345),(-3.285,2.286,2.345),(-3.285,2.29,0.155),(-3.285,2.286,0.155),(-3.285,2.29,2.345),(-3.279,2.29,2.345),(-3.285,2.286,2.345),(-3.279,2.286,2.345),(-3.285,2.286,0.155),(-3.279,2.286,0.155),(-3.285,2.29,0.155),(-3.279,2.29,0.155),(-3.285,2.286,2.345),(-3.279,2.286,2.345),(-3.285,2.286,0.155),(-3.279,2.286,0.155),(-3.279,2.29,2.345),(-3.285,2.29,2.345),(-3.279,2.29,0.155),(-3.285,2.29,0.155),(-2.373,2.286,2.345),(-2.373,2.29,2.345),(-2.373,2.286,0.155),(-2.373,2.29,0.155),(-2.379,2.29,2.345),(-2.379,2.286,2.345),(-2.379,2.29,0.155),(-2.379,2.286,0.155),(-2.379,2.29,2.345),(-2.373,2.29,2.345),(-2.379,2.286,2.345),(-2.373,2.286,2.345),(-2.379,2.286,0.155),(-2.373,2.286,0.155),(-2.379,2.29,0.155),(-2.373,2.29,0.155),(-2.379,2.286,2.345),(-2.373,2.286,2.345),(-2.379,2.286,0.155),(-2.373,2.286,0.155),(-2.373,2.29,2.345),(-2.379,2.29,2.345),(-2.373,2.29,0.155),(-2.379,2.29,0.155),(-2.365,2.286,2.345),(-2.365,2.29,2.345),(-2.365,2.286,0.155),(-2.365,2.29,0.155),(-2.371,2.29,2.345),(-2.371,2.286,2.345),(-2.371,2.29,0.155),(-2.371,2.286,0.155),(-2.371,2.29,2.345),(-2.365,2.29,2.345),(-2.371,2.286,2.345),(-2.365,2.286,2.345),(-2.371,2.286,0.155),(-2.365,2.286,0.155),(-2.371,2.29,0.155),(-2.365,2.29,0.155),(-2.371,2.286,2.345),(-2.365,2.286,2.345),(-2.371,2.286,0.155),(-2.365,2.286,0.155),(-2.365,2.29,2.345),(-2.371,2.29,2.345),(-2.365,2.29,0.155),(-2.371,2.29,0.155),(-1.154,2.286,2.345),(-1.154,2.29,2.345),(-1.154,2.286,0.155),(-1.154,2.29,0.155),(-1.16,2.29,2.345),(-1.16,2.286,2.345),(-1.16,2.29,0.155),(-1.16,2.286,0.155),(-1.16,2.29,2.345),(-1.154,2.29,2.345),(-1.16,2.286,2.345),(-1.154,2.286,2.345),(-1.16,2.286,0.155),(-1.154,2.286,0.155),(-1.16,2.29,0.155),(-1.154,2.29,0.155),(-1.16,2.286,2.345),(-1.154,2.286,2.345),(-1.16,2.286,0.155),(-1.154,2.286,0.155),(-1.154,2.29,2.345),(-1.16,2.29,2.345),(-1.154,2.29,0.155),(-1.16,2.29,0.155),(-1.146,2.286,2.345),(-1.146,2.29,2.345),(-1.146,2.286,0.155),(-1.146,2.29,0.155),(-1.152,2.29,2.345),(-1.152,2.286,2.345),(-1.152,2.29,0.155),(-1.152,2.286,0.155),(-1.152,2.29,2.345),(-1.146,2.29,2.345),(-1.152,2.286,2.345),(-1.146,2.286,2.345),(-1.152,2.286,0.155),(-1.146,2.286,0.155),(-1.152,2.29,0.155),(-1.146,2.29,0.155),(-1.152,2.286,2.345),(-1.146,2.286,2.345),(-1.152,2.286,0.155),(-1.146,2.286,0.155),(-1.146,2.29,2.345),(-1.152,2.29,2.345),(-1.146,2.29,0.155),(-1.152,2.29,0.155),(0.065,2.286,2.345),(0.065,2.29,2.345),(0.065,2.286,0.155),(0.065,2.29,0.155),(0.059,2.29,2.345),(0.059,2.286,2.345),(0.059,2.29,0.155),(0.059,2.286,0.155),(0.059,2.29,2.345),(0.065,2.29,2.345),(0.059,2.286,2.345),(0.065,2.286,2.345),(0.059,2.286,0.155),(0.065,2.286,0.155),(0.059,2.29,0.155),(0.065,2.29,0.155),(0.059,2.286,2.345),(0.065,2.286,2.345),(0.059,2.286,0.155),(0.065,2.286,0.155),(0.065,2.29,2.345),(0.059,2.29,2.345),(0.065,2.29,0.155),(0.059,2.29,0.155),(0.068,2.286,1.423),(0.068,2.29,1.423),(0.068,2.286,1.417),(0.068,2.29,1.417),(-4.202,2.29,1.423),(-4.202,2.286,1.423),(-4.202,2.29,1.417),(-4.202,2.286,1.417),(-4.202,2.29,1.423),(0.068,2.29,1.423),(-4.202,2.286,1.423),(0.068,2.286,1.423),(-4.202,2.286,1.417),(0.068,2.286,1.417),(-4.202,2.29,1.417),(0.068,2.29,1.417),(-4.202,2.286,1.423),(0.068,2.286,1.423),(-4.202,2.286,1.417),(0.068,2.286,1.417),(0.068,2.29,1.423),(-4.202,2.29,1.423),(0.068,2.29,1.417),(-4.202,2.29,1.417)));
#47=IFCTRIANGULATEDFACESET(#46,$,$,((1,3,2),(3,4,2),(5,7,6),(7,8,6),(9,11,10),(11,12,10),(13,15,14),(15,16,14),(17,19,18),(19,20,18),(21,23,22),(23,24,22),(25,27,26),(27,28,26),(29,31,30),(31,32,30),(33,35,34),(35,36,34),(37,39,38),(39,40,38),(41,43,42),(43,44,42),(45,47,46),(47,48,46),(49,51,50),(51,52,50),(53,55,54),(55,56,54),(57,59,58),(59,60,58),(61,63,62),(63,64,62),(65,67,66),(67,68,66),(69,71,70),(71,72,70),(73,75,74),(75,76,74),(77,79,78),(79,80,78),(81,83,82),(83,84,82),(85,87,86),(87,88,86),(89,91,90),(91,92,90),(93,95,94),(95,96,94),(97,99,98),(99,100,98),(101,103,102),(103,104,102),(105,107,106),(107,108,106),(109,111,110),(111,112,110),(113,115,114),(115,116,114),(117,119,118),(119,120,118),(121,123,122),(123,124,122),(125,127,126),(127,128,126),(129,131,130),(131,132,130),(133,135,134),(135,136,134),(137,139,138),(139,140,138),(141,143,142),(143,144,142),(145,147,146),(147,148,146),(149,151,150),(151,152,150),(153,155,154),(155,156,154),(157,159,158),(159,160,158),(161,163,162),(163,164,162),(165,167,166),(167,168,166),(169,171,170),(171,172,170),(173,175,174),(175,176,174),(177,179,178),(179,180,178),(181,183,182),(183,184,182),(185,187,186),(187,188,186),(189,191,190),(191,192,190),(193,195,194),(195,196,194),(197,199,198),(199,200,198),(201,203,202),(203,204,202),(205,207,206),(207,208,206),(209,211,210),(211,212,210),(213,215,214),(215,216,214)),$);
#48=IFCCOLOURRGB($,0.164706,0.164706,0.156863);
#49=IFCSURFACESTYLERENDERING(#48,0.,$,$,$,$,$,$,.NOTDEFINED.);
#50=IFCSURFACESTYLE('black_hardware',.BOTH.,(#49));
#51=IFCPRESENTATIONSTYLEASSIGNMENT((#50));
#52=IFCSTYLEDITEM(#47,(#51),'msb_cover_seams');
#53=IFCCARTESIANPOINTLIST3D(((-3.623,2.287,2.3125),(-3.623,2.289,2.3125),(-3.623,2.287,2.2675),(-3.623,2.289,2.2675),(-3.863,2.289,2.3125),(-3.863,2.287,2.3125),(-3.863,2.289,2.2675),(-3.863,2.287,2.2675),(-3.863,2.289,2.3125),(-3.623,2.289,2.3125),(-3.863,2.287,2.3125),(-3.623,2.287,2.3125),(-3.863,2.287,2.2675),(-3.623,2.287,2.2675),(-3.863,2.289,2.2675),(-3.623,2.289,2.2675),(-3.863,2.287,2.3125),(-3.623,2.287,2.3125),(-3.863,2.287,2.2675),(-3.623,2.287,2.2675),(-3.623,2.289,2.3125),(-3.863,2.289,2.3125),(-3.623,2.289,2.2675),(-3.863,2.289,2.2675),(-2.709,2.287,2.3125),(-2.709,2.289,2.3125),(-2.709,2.287,2.2675),(-2.709,2.289,2.2675),(-2.949,2.289,2.3125),(-2.949,2.287,2.3125),(-2.949,2.289,2.2675),(-2.949,2.287,2.2675),(-2.949,2.289,2.3125),(-2.709,2.289,2.3125),(-2.949,2.287,2.3125),(-2.709,2.287,2.3125),(-2.949,2.287,2.2675),(-2.709,2.287,2.2675),(-2.949,2.289,2.2675),(-2.709,2.289,2.2675),(-2.949,2.287,2.3125),(-2.709,2.287,2.3125),(-2.949,2.287,2.2675),(-2.709,2.287,2.2675),(-2.709,2.289,2.3125),(-2.949,2.289,2.3125),(-2.709,2.289,2.2675),(-2.949,2.289,2.2675),(-1.6425,2.287,2.3125),(-1.6425,2.289,2.3125),(-1.6425,2.287,2.2675),(-1.6425,2.289,2.2675),(-1.8825,2.289,2.3125),(-1.8825,2.287,2.3125),(-1.8825,2.289,2.2675),(-1.8825,2.287,2.2675),(-1.8825,2.289,2.3125),(-1.6425,2.289,2.3125),(-1.8825,2.287,2.3125),(-1.6425,2.287,2.3125),(-1.8825,2.287,2.2675),(-1.6425,2.287,2.2675),(-1.8825,2.289,2.2675),(-1.6425,2.289,2.2675),(-1.8825,2.287,2.3125),(-1.6425,2.287,2.3125),(-1.8825,2.287,2.2675),(-1.6425,2.287,2.2675),(-1.6425,2.289,2.3125),(-1.8825,2.289,2.3125),(-1.6425,2.289,2.2675),(-1.8825,2.289,2.2675),(-0.4235,2.287,2.3125),(-0.4235,2.289,2.3125),(-0.4235,2.287,2.2675),(-0.4235,2.289,2.2675),(-0.6635,2.289,2.3125),(-0.6635,2.287,2.3125),(-0.6635,2.289,2.2675),(-0.6635,2.287,2.2675),(-0.6635,2.289,2.3125),(-0.4235,2.289,2.3125),(-0.6635,2.287,2.3125),(-0.4235,2.287,2.3125),(-0.6635,2.287,2.2675),(-0.4235,2.287,2.2675),(-0.6635,2.289,2.2675),(-0.4235,2.289,2.2675),(-0.6635,2.287,2.3125),(-0.4235,2.287,2.3125),(-0.6635,2.287,2.2675),(-0.4235,2.287,2.2675),(-0.4235,2.289,2.3125),(-0.6635,2.289,2.3125),(-0.4235,2.289,2.2675),(-0.6635,2.289,2.2675)));
#54=IFCTRIANGULATEDFACESET(#53,$,$,((1,3,2),(3,4,2),(5,7,6),(7,8,6),(9,11,10),(11,12,10),(13,15,14),(15,16,14),(17,19,18),(19,20,18),(21,23,22),(23,24,22),(25,27,26),(27,28,26),(29,31,30),(31,32,30),(33,35,34),(35,36,34),(37,39,38),(39,40,38),(41,43,42),(43,44,42),(45,47,46),(47,48,46),(49,51,50),(51,52,50),(53,55,54),(55,56,54),(57,59,58),(59,60,58),(61,63,62),(63,64,62),(65,67,66),(67,68,66),(69,71,70),(71,72,70),(73,75,74),(75,76,74),(77,79,78),(79,80,78),(81,83,82),(83,84,82),(85,87,86),(87,88,86),(89,91,90),(91,92,90),(93,95,94),(95,96,94)),$);
#55=IFCCOLOURRGB($,0.956863,0.94902,0.917647);
#56=IFCSURFACESTYLERENDERING(#55,0.,$,$,$,$,$,$,.NOTDEFINED.);
#57=IFCSURFACESTYLE('white_label',.BOTH.,(#56));
#58=IFCPRESENTATIONSTYLEASSIGNMENT((#57));
#59=IFCSTYLEDITEM(#54,(#58),'msb_section_nameplates');
#60=IFCCARTESIANPOINTLIST3D(((0.068,2.277,0.17),(0.068,2.291,0.17),(0.068,2.277,0.1),(0.068,2.291,0.1),(-4.202,2.291,0.17),(-4.202,2.277,0.17),(-4.202,2.291,0.1),(-4.202,2.277,0.1),(-4.202,2.291,0.17),(0.068,2.291,0.17),(-4.202,2.277,0.17),(0.068,2.277,0.17),(-4.202,2.277,0.1),(0.068,2.277,0.1),(-4.202,2.291,0.1),(0.068,2.291,0.1),(-4.202,2.277,0.17),(0.068,2.277,0.17),(-4.202,2.277,0.1),(0.068,2.277,0.1),(0.068,2.291,0.17),(-4.202,2.291,0.17),(0.068,2.291,0.1),(-4.202,2.291,0.1)));
#61=IFCTRIANGULATEDFACESET(#60,$,$,((1,3,2),(3,4,2),(5,7,6),(7,8,6),(9,11,10),(11,12,10),(13,15,14),(15,16,14),(17,19,18),(19,20,18),(21,23,22),(23,24,22)),$);
#62=IFCSTYLEDITEM(#61,(#51),'msb_kick_plate');
#63=IFCCARTESIANPOINTLIST3D(((-3.603,2.28,1.76),(-3.603,2.29,1.76),(-3.603,2.28,1.54),(-3.603,2.29,1.54),(-3.883,2.29,1.76),(-3.883,2.28,1.76),(-3.883,2.29,1.54),(-3.883,2.28,1.54),(-3.883,2.29,1.76),(-3.603,2.29,1.76),(-3.883,2.28,1.76),(-3.603,2.28,1.76),(-3.883,2.28,1.54),(-3.603,2.28,1.54),(-3.883,2.29,1.54),(-3.603,2.29,1.54),(-3.883,2.28,1.76),(-3.603,2.28,1.76),(-3.883,2.28,1.54),(-3.603,2.28,1.54),(-3.603,2.29,1.76),(-3.883,2.29,1.76),(-3.603,2.29,1.54),(-3.883,2.29,1.54)));
#64=IFCTRIANGULATEDFACESET(#63,$,$,((1,3,2),(3,4,2),(5,7,6),(7,8,6),(9,11,10),(11,12,10),(13,15,14),(15,16,14),(17,19,18),(19,20,18),(21,23,22),(23,24,22)),$);
#65=IFCSTYLEDITEM(#64,(#51),'msb_ct_window');
#66=IFCCARTESIANPOINTLIST3D(((-3.368,2.276,1.095),(-3.368,2.29,1.095),(-3.368,2.276,1.005),(-3.368,2.29,1.005),(-3.398,2.29,1.095),(-3.398,2.276,1.095),(-3.398,2.29,1.005),(-3.398,2.276,1.005),(-3.398,2.29,1.095),(-3.368,2.29,1.095),(-3.398,2.276,1.095),(-3.368,2.276,1.095),(-3.398,2.276,1.005),(-3.368,2.276,1.005),(-3.398,2.29,1.005),(-3.368,2.29,1.005),(-3.398,2.276,1.095),(-3.368,2.276,1.095),(-3.398,2.276,1.005),(-3.368,2.276,1.005),(-3.368,2.29,1.095),(-3.398,2.29,1.095),(-3.368,2.29,1.005),(-3.398,2.29,1.005),(-3.368,2.276,2.095),(-3.368,2.29,2.095),(-3.368,2.276,2.005),(-3.368,2.29,2.005),(-3.398,2.29,2.095),(-3.398,2.276,2.095),(-3.398,2.29,2.005),(-3.398,2.276,2.005),(-3.398,2.29,2.095),(-3.368,2.29,2.095),(-3.398,2.276,2.095),(-3.368,2.276,2.095),(-3.398,2.276,2.005),(-3.368,2.276,2.005),(-3.398,2.29,2.005),(-3.368,2.29,2.005),(-3.398,2.276,2.095),(-3.368,2.276,2.095),(-3.398,2.276,2.005),(-3.368,2.276,2.005),(-3.368,2.29,2.095),(-3.398,2.29,2.095),(-3.368,2.29,2.005),(-3.398,2.29,2.005)));
#67=IFCTRIANGULATEDFACESET(#66,$,$,((1,3,2),(3,4,2),(5,7,6),(7,8,6),(9,11,10),(11,12,10),(13,15,14),(15,16,14),(17,19,18),(19,20,18),(21,23,22),(23,24,22),(25,27,26),(27,28,26),(29,31,30),(31,32,30),(33,35,34),(35,36,34),(37,39,38),(39,40,38),(41,43,42),(43,44,42),(45,47,46),(47,48,46)),$);
#68=IFCSTYLEDITEM(#67,(#51),'msb_ct_hinges');
#69=IFCCARTESIANPOINTLIST3D(((-4.078,2.26,1.48),(-4.078,2.29,1.48),(-4.078,2.26,1.32),(-4.078,2.29,1.32),(-4.128,2.29,1.48),(-4.128,2.26,1.48),(-4.128,2.29,1.32),(-4.128,2.26,1.32),(-4.128,2.29,1.48),(-4.078,2.29,1.48),(-4.128,2.26,1.48),(-4.078,2.26,1.48),(-4.128,2.26,1.32),(-4.078,2.26,1.32),(-4.128,2.29,1.32),(-4.078,2.29,1.32),(-4.128,2.26,1.48),(-4.078,2.26,1.48),(-4.128,2.26,1.32),(-4.078,2.26,1.32),(-4.078,2.29,1.48),(-4.128,2.29,1.48),(-4.078,2.29,1.32),(-4.128,2.29,1.32)));
#70=IFCTRIANGULATEDFACESET(#69,$,$,((1,3,2),(3,4,2),(5,7,6),(7,8,6),(9,11,10),(11,12,10),(13,15,14),(15,16,14),(17,19,18),(19,20,18),(21,23,22),(23,24,22)),$);
#71=IFCSTYLEDITEM(#70,(#51),'msb_ct_lock_hasp');
#72=IFCCARTESIANPOINTLIST3D(((-2.579,2.26,1.4),(-2.579,2.29,1.4),(-2.579,2.26,0.7),(-2.579,2.29,0.7),(-3.079,2.29,1.4),(-3.079,2.26,1.4),(-3.079,2.29,0.7),(-3.079,2.26,0.7),(-3.079,2.29,1.4),(-2.579,2.29,1.4),(-3.079,2.26,1.4),(-2.579,2.26,1.4),(-3.079,2.26,0.7),(-2.579,2.26,0.7),(-3.079,2.29,0.7),(-2.579,2.29,0.7),(-3.079,2.26,1.4),(-2.579,2.26,1.4),(-3.079,2.26,0.7),(-2.579,2.26,0.7),(-2.579,2.29,1.4),(-3.079,2.29,1.4),(-2.579,2.29,0.7),(-3.079,2.29,0.7)));
#73=IFCTRIANGULATEDFACESET(#72,$,$,((1,3,2),(3,4,2),(5,7,6),(7,8,6),(9,11,10),(11,12,10),(13,15,14),(15,16,14),(17,19,18),(19,20,18),(21,23,22),(23,24,22)),$);
#74=IFCSTYLEDITEM(#73,(#51),'msb_main_breaker_escutcheon');
#75=IFCCARTESIANPOINTLIST3D(((-2.784,2.2,1.15),(-2.784,2.26,1.15),(-2.784,2.2,0.95),(-2.784,2.26,0.95),(-2.874,2.26,1.15),(-2.874,2.2,1.15),(-2.874,2.26,0.95),(-2.874,2.2,0.95),(-2.874,2.26,1.15),(-2.784,2.26,1.15),(-2.874,2.2,1.15),(-2.784,2.2,1.15),(-2.874,2.2,0.95),(-2.784,2.2,0.95),(-2.874,2.26,0.95),(-2.784,2.26,0.95),(-2.874,2.2,1.15),(-2.784,2.2,1.15),(-2.874,2.2,0.95),(-2.784,2.2,0.95),(-2.784,2.26,1.15),(-2.874,2.26,1.15),(-2.784,2.26,0.95),(-2.874,2.26,0.95)));
#76=IFCTRIANGULATEDFACESET(#75,$,$,((1,3,2),(3,4,2),(5,7,6),(7,8,6),(9,11,10),(11,12,10),(13,15,14),(15,16,14),(17,19,18),(19,20,18),(21,23,22),(23,24,22)),$);
#77=IFCSTYLEDITEM(#76,(#51),'msb_main_breaker_handle');
#78=IFCCARTESIANPOINTLIST3D(((-2.734,2.276,1.915),(-2.734,2.29,1.915),(-2.734,2.276,1.785),(-2.734,2.29,1.785),(-2.924,2.29,1.915),(-2.924,2.276,1.915),(-2.924,2.29,1.785),(-2.924,2.276,1.785),(-2.924,2.29,1.915),(-2.734,2.29,1.915),(-2.924,2.276,1.915),(-2.734,2.276,1.915),(-2.924,2.276,1.785),(-2.734,2.276,1.785),(-2.924,2.29,1.785),(-2.734,2.29,1.785),(-2.924,2.276,1.915),(-2.734,2.276,1.915),(-2.924,2.276,1.785),(-2.734,2.276,1.785),(-2.734,2.29,1.915),(-2.924,2.29,1.915),(-2.734,2.29,1.785),(-2.924,2.29,1.785)));
#79=IFCTRIANGULATEDFACESET(#78,$,$,((1,3,2),(3,4,2),(5,7,6),(7,8,6),(9,11,10),(11,12,10),(13,15,14),(15,16,14),(17,19,18),(19,20,18),(21,23,22),(23,24,22)),$);
#80=IFCSTYLEDITEM(#79,(#51),'msb_meter_display');
#81=IFCCARTESIANPOINTLIST3D(((-2.659,2.258,1.58),(-2.659,2.26,1.58),(-2.659,2.258,1.52),(-2.659,2.26,1.52),(-2.999,2.26,1.58),(-2.999,2.258,1.58),(-2.999,2.26,1.52),(-2.999,2.258,1.52),(-2.999,2.26,1.58),(-2.659,2.26,1.58),(-2.999,2.258,1.58),(-2.659,2.258,1.58),(-2.999,2.258,1.52),(-2.659,2.258,1.52),(-2.999,2.26,1.52),(-2.659,2.26,1.52),(-2.999,2.258,1.58),(-2.659,2.258,1.58),(-2.999,2.258,1.52),(-2.659,2.258,1.52),(-2.659,2.26,1.58),(-2.999,2.26,1.58),(-2.659,2.26,1.52),(-2.999,2.26,1.52)));
#82=IFCTRIANGULATEDFACESET(#81,$,$,((1,3,2),(3,4,2),(5,7,6),(7,8,6),(9,11,10),(11,12,10),(13,15,14),(15,16,14),(17,19,18),(19,20,18),(21,23,22),(23,24,22)),$);
#83=IFCSTYLEDITEM(#82,(#58),'msb_main_nameplate');
#84=IFCCARTESIANPOINTLIST3D(((-1.6225,2.27,0.5675),(-1.6225,2.29,0.5675),(-1.6225,2.27,0.4325),(-1.6225,2.29,0.4325),(-2.0025,2.29,0.5675),(-2.0025,2.27,0.5675),(-2.0025,2.29,0.4325),(-2.0025,2.27,0.4325),(-2.0025,2.29,0.5675),(-1.6225,2.29,0.5675),(-2.0025,2.27,0.5675),(-1.6225,2.27,0.5675),(-2.0025,2.27,0.4325),(-1.6225,2.27,0.4325),(-2.0025,2.29,0.4325),(-1.6225,2.29,0.4325),(-2.0025,2.27,0.5675),(-1.6225,2.27,0.5675),(-2.0025,2.27,0.4325),(-1.6225,2.27,0.4325),(-1.6225,2.29,0.5675),(-2.0025,2.29,0.5675),(-1.6225,2.29,0.4325),(-2.0025,2.29,0.4325),(-1.6225,2.27,0.8475),(-1.6225,2.29,0.8475),(-1.6225,2.27,0.7125),(-1.6225,2.29,0.7125),(-2.0025,2.29,0.8475),(-2.0025,2.27,0.8475),(-2.0025,2.29,0.7125),(-2.0025,2.27,0.7125),(-2.0025,2.29,0.8475),(-1.6225,2.29,0.8475),(-2.0025,2.27,0.8475),(-1.6225,2.27,0.8475),(-2.0025,2.27,0.7125),(-1.6225,2.27,0.7125),(-2.0025,2.29,0.7125),(-1.6225,2.29,0.7125),(-2.0025,2.27,0.8475),(-1.6225,2.27,0.8475),(-2.0025,2.27,0.7125),(-1.6225,2.27,0.7125),(-1.6225,2.29,0.8475),(-2.0025,2.29,0.8475),(-1.6225,2.29,0.7125),(-2.0025,2.29,0.7125),(-1.6225,2.27,1.1275),(-1.6225,2.29,1.1275),(-1.6225,2.27,0.9925),(-1.6225,2.29,0.9925),(-2.0025,2.29,1.1275),(-2.0025,2.27,1.1275),(-2.0025,2.29,0.9925),(-2.0025,2.27,0.9925),(-2.0025,2.29,1.1275),(-1.6225,2.29,1.1275),(-2.0025,2.27,1.1275),(-1.6225,2.27,1.1275),(-2.0025,2.27,0.9925),(-1.6225,2.27,0.9925),(-2.0025,2.29,0.9925),(-1.6225,2.29,0.9925),(-2.0025,2.27,1.1275),(-1.6225,2.27,1.1275),(-2.0025,2.27,0.9925),(-1.6225,2.27,0.9925),(-1.6225,2.29,1.1275),(-2.0025,2.29,1.1275),(-1.6225,2.29,0.9925),(-2.0025,2.29,0.9925),(-1.6225,2.27,1.4075),(-1.6225,2.29,1.4075),(-1.6225,2.27,1.2725),(-1.6225,2.29,1.2725),(-2.0025,2.29,1.4075),(-2.0025,2.27,1.4075),(-2.0025,2.29,1.2725),(-2.0025,2.27,1.2725),(-2.0025,2.29,1.4075),(-1.6225,2.29,1.4075),(-2.0025,2.27,1.4075),(-1.6225,2.27,1.4075),(-2.0025,2.27,1.2725),(-1.6225,2.27,1.2725),(-2.0025,2.29,1.2725),(-1.6225,2.29,1.2725),(-2.0025,2.27,1.4075),(-1.6225,2.27,1.4075),(-2.0025,2.27,1.2725),(-1.6225,2.27,1.2725),(-1.6225,2.29,1.4075),(-2.0025,2.29,1.4075),(-1.6225,2.29,1.2725),(-2.0025,2.29,1.2725),(-1.6225,2.27,1.6875),(-1.6225,2.29,1.6875),(-1.6225,2.27,1.5525),(-1.6225,2.29,1.5525),(-2.0025,2.29,1.6875),(-2.0025,2.27,1.6875),(-2.0025,2.29,1.5525),(-2.0025,2.27,1.5525),(-2.0025,2.29,1.6875),(-1.6225,2.29,1.6875),(-2.0025,2.27,1.6875),(-1.6225,2.27,1.6875),(-2.0025,2.27,1.5525),(-1.6225,2.27,1.5525),(-2.0025,2.29,1.5525),(-1.6225,2.29,1.5525),(-2.0025,2.27,1.6875),(-1.6225,2.27,1.6875),(-2.0025,2.27,1.5525),(-1.6225,2.27,1.5525),(-1.6225,2.29,1.6875),(-2.0025,2.29,1.6875),(-1.6225,2.29,1.5525),(-2.0025,2.29,1.5525),(-1.6225,2.27,1.9675),(-1.6225,2.29,1.9675),(-1.6225,2.27,1.8325),(-1.6225,2.29,1.8325),(-2.0025,2.29,1.9675),(-2.0025,2.27,1.9675),(-2.0025,2.29,1.8325),(-2.0025,2.27,1.8325),(-2.0025,2.29,1.9675),(-1.6225,2.29,1.9675),(-2.0025,2.27,1.9675),(-1.6225,2.27,1.9675),(-2.0025,2.27,1.8325),(-1.6225,2.27,1.8325),(-2.0025,2.29,1.8325),(-1.6225,2.29,1.8325),(-2.0025,2.27,1.9675),(-1.6225,2.27,1.9675),(-2.0025,2.27,1.8325),(-1.6225,2.27,1.8325),(-1.6225,2.29,1.9675),(-2.0025,2.29,1.9675),(-1.6225,2.29,1.8325),(-2.0025,2.29,1.8325)));
#85=IFCTRIANGULATEDFACESET(#84,$,$,((1,3,2),(3,4,2),(5,7,6),(7,8,6),(9,11,10),(11,12,10),(13,15,14),(15,16,14),(17,19,18),(19,20,18),(21,23,22),(23,24,22),(25,27,26),(27,28,26),(29,31,30),(31,32,30),(33,35,34),(35,36,34),(37,39,38),(39,40,38),(41,43,42),(43,44,42),(45,47,46),(47,48,46),(49,51,50),(51,52,50),(53,55,54),(55,56,54),(57,59,58),(59,60,58),(61,63,62),(63,64,62),(65,67,66),(67,68,66),(69,71,70),(71,72,70),(73,75,74),(75,76,74),(77,79,78),(79,80,78),(81,83,82),(83,84,82),(85,87,86),(87,88,86),(89,91,90),(91,92,90),(93,95,94),(95,96,94),(97,99,98),(99,100,98),(101,103,102),(103,104,102),(105,107,106),(107,108,106),(109,111,110),(111,112,110),(113,115,114),(115,116,114),(117,119,118),(119,120,118),(121,123,122),(123,124,122),(125,127,126),(127,128,126),(129,131,130),(131,132,130),(133,135,134),(135,136,134),(137,139,138),(139,140,138),(141,143,142),(143,144,142)),$);
#86=IFCSTYLEDITEM(#85,(#51),'msb_d1_feeder_breakers');
#87=IFCCARTESIANPOINTLIST3D(((-1.6565,2.2275,0.5325),(-1.6565,2.2725,0.5325),(-1.6565,2.2275,0.4675),(-1.6565,2.2725,0.4675),(-1.6885,2.2725,0.5325),(-1.6885,2.2275,0.5325),(-1.6885,2.2725,0.4675),(-1.6885,2.2275,0.4675),(-1.6885,2.2725,0.5325),(-1.6565,2.2725,0.5325),(-1.6885,2.2275,0.5325),(-1.6565,2.2275,0.5325),(-1.6885,2.2275,0.4675),(-1.6565,2.2275,0.4675),(-1.6885,2.2725,0.4675),(-1.6565,2.2725,0.4675),(-1.6885,2.2275,0.5325),(-1.6565,2.2275,0.5325),(-1.6885,2.2275,0.4675),(-1.6565,2.2275,0.4675),(-1.6565,2.2725,0.5325),(-1.6885,2.2725,0.5325),(-1.6565,2.2725,0.4675),(-1.6885,2.2725,0.4675),(-1.6565,2.2275,0.8125),(-1.6565,2.2725,0.8125),(-1.6565,2.2275,0.7475),(-1.6565,2.2725,0.7475),(-1.6885,2.2725,0.8125),(-1.6885,2.2275,0.8125),(-1.6885,2.2725,0.7475),(-1.6885,2.2275,0.7475),(-1.6885,2.2725,0.8125),(-1.6565,2.2725,0.8125),(-1.6885,2.2275,0.8125),(-1.6565,2.2275,0.8125),(-1.6885,2.2275,0.7475),(-1.6565,2.2275,0.7475),(-1.6885,2.2725,0.7475),(-1.6565,2.2725,0.7475),(-1.6885,2.2275,0.8125),(-1.6565,2.2275,0.8125),(-1.6885,2.2275,0.7475),(-1.6565,2.2275,0.7475),(-1.6565,2.2725,0.8125),(-1.6885,2.2725,0.8125),(-1.6565,2.2725,0.7475),(-1.6885,2.2725,0.7475),(-1.6565,2.2275,1.0925),(-1.6565,2.2725,1.0925),(-1.6565,2.2275,1.0275),(-1.6565,2.2725,1.0275),(-1.6885,2.2725,1.0925),(-1.6885,2.2275,1.0925),(-1.6885,2.2725,1.0275),(-1.6885,2.2275,1.0275),(-1.6885,2.2725,1.0925),(-1.6565,2.2725,1.0925),(-1.6885,2.2275,1.0925),(-1.6565,2.2275,1.0925),(-1.6885,2.2275,1.0275),(-1.6565,2.2275,1.0275),(-1.6885,2.2725,1.0275),(-1.6565,2.2725,1.0275),(-1.6885,2.2275,1.0925),(-1.6565,2.2275,1.0925),(-1.6885,2.2275,1.0275),(-1.6565,2.2275,1.0275),(-1.6565,2.2725,1.0925),(-1.6885,2.2725,1.0925),(-1.6565,2.2725,1.0275),(-1.6885,2.2725,1.0275),(-1.6565,2.2275,1.3725),(-1.6565,2.2725,1.3725),(-1.6565,2.2275,1.3075),(-1.6565,2.2725,1.3075),(-1.6885,2.2725,1.3725),(-1.6885,2.2275,1.3725),(-1.6885,2.2725,1.3075),(-1.6885,2.2275,1.3075),(-1.6885,2.2725,1.3725),(-1.6565,2.2725,1.3725),(-1.6885,2.2275,1.3725),(-1.6565,2.2275,1.3725),(-1.6885,2.2275,1.3075),(-1.6565,2.2275,1.3075),(-1.6885,2.2725,1.3075),(-1.6565,2.2725,1.3075),(-1.6885,2.2275,1.3725),(-1.6565,2.2275,1.3725),(-1.6885,2.2275,1.3075),(-1.6565,2.2275,1.3075),(-1.6565,2.2725,1.3725),(-1.6885,2.2725,1.3725),(-1.6565,2.2725,1.3075),(-1.6885,2.2725,1.3075),(-1.6565,2.2275,1.6525),(-1.6565,2.2725,1.6525),(-1.6565,2.2275,1.5875),(-1.6565,2.2725,1.5875),(-1.6885,2.2725,1.6525),(-1.6885,2.2275,1.6525),(-1.6885,2.2725,1.5875),(-1.6885,2.2275,1.5875),(-1.6885,2.2725,1.6525),(-1.6565,2.2725,1.6525),(-1.6885,2.2275,1.6525),(-1.6565,2.2275,1.6525),(-1.6885,2.2275,1.5875),(-1.6565,2.2275,1.5875),(-1.6885,2.2725,1.5875),(-1.6565,2.2725,1.5875),(-1.6885,2.2275,1.6525),(-1.6565,2.2275,1.6525),(-1.6885,2.2275,1.5875),(-1.6565,2.2275,1.5875),(-1.6565,2.2725,1.6525),(-1.6885,2.2725,1.6525),(-1.6565,2.2725,1.5875),(-1.6885,2.2725,1.5875),(-1.6565,2.2275,1.9325),(-1.6565,2.2725,1.9325),(-1.6565,2.2275,1.8675),(-1.6565,2.2725,1.8675),(-1.6885,2.2725,1.9325),(-1.6885,2.2275,1.9325),(-1.6885,2.2725,1.8675),(-1.6885,2.2275,1.8675),(-1.6885,2.2725,1.9325),(-1.6565,2.2725,1.9325),(-1.6885,2.2275,1.9325),(-1.6565,2.2275,1.9325),(-1.6885,2.2275,1.8675),(-1.6565,2.2275,1.8675),(-1.6885,2.2725,1.8675),(-1.6565,2.2725,1.8675),(-1.6885,2.2275,1.9325),(-1.6565,2.2275,1.9325),(-1.6885,2.2275,1.8675),(-1.6565,2.2275,1.8675),(-1.6565,2.2725,1.9325),(-1.6885,2.2725,1.9325),(-1.6565,2.2725,1.8675),(-1.6885,2.2725,1.8675)));
#88=IFCTRIANGULATEDFACESET(#87,$,$,((1,3,2),(3,4,2),(5,7,6),(7,8,6),(9,11,10),(11,12,10),(13,15,14),(15,16,14),(17,19,18),(19,20,18),(21,23,22),(23,24,22),(25,27,26),(27,28,26),(29,31,30),(31,32,30),(33,35,34),(35,36,34),(37,39,38),(39,40,38),(41,43,42),(43,44,42),(45,47,46),(47,48,46),(49,51,50),(51,52,50),(53,55,54),(55,56,54),(57,59,58),(59,60,58),(61,63,62),(63,64,62),(65,67,66),(67,68,66),(69,71,70),(71,72,70),(73,75,74),(75,76,74),(77,79,78),(79,80,78),(81,83,82),(83,84,82),(85,87,86),(87,88,86),(89,91,90),(91,92,90),(93,95,94),(95,96,94),(97,99,98),(99,100,98),(101,103,102),(103,104,102),(105,107,106),(107,108,106),(109,111,110),(111,112,110),(113,115,114),(115,116,114),(117,119,118),(119,120,118),(121,123,122),(123,124,122),(125,127,126),(127,128,126),(129,131,130),(131,132,130),(133,135,134),(135,136,134),(137,139,138),(139,140,138),(141,143,142),(143,144,142)),$);
#89=IFCSTYLEDITEM(#88,(#51),'msb_d1_breaker_handles');
#90=IFCCARTESIANPOINTLIST3D(((-1.8375,2.268,0.56),(-1.8375,2.27,0.56),(-1.8375,2.268,0.53),(-1.8375,2.27,0.53),(-1.9675,2.27,0.56),(-1.9675,2.268,0.56),(-1.9675,2.27,0.53),(-1.9675,2.268,0.53),(-1.9675,2.27,0.56),(-1.8375,2.27,0.56),(-1.9675,2.268,0.56),(-1.8375,2.268,0.56),(-1.9675,2.268,0.53),(-1.8375,2.268,0.53),(-1.9675,2.27,0.53),(-1.8375,2.27,0.53),(-1.9675,2.268,0.56),(-1.8375,2.268,0.56),(-1.9675,2.268,0.53),(-1.8375,2.268,0.53),(-1.8375,2.27,0.56),(-1.9675,2.27,0.56),(-1.8375,2.27,0.53),(-1.9675,2.27,0.53),(-1.8375,2.268,0.84),(-1.8375,2.27,0.84),(-1.8375,2.268,0.81),(-1.8375,2.27,0.81),(-1.9675,2.27,0.84),(-1.9675,2.268,0.84),(-1.9675,2.27,0.81),(-1.9675,2.268,0.81),(-1.9675,2.27,0.84),(-1.8375,2.27,0.84),(-1.9675,2.268,0.84),(-1.8375,2.268,0.84),(-1.9675,2.268,0.81),(-1.8375,2.268,0.81),(-1.9675,2.27,0.81),(-1.8375,2.27,0.81),(-1.9675,2.268,0.84),(-1.8375,2.268,0.84),(-1.9675,2.268,0.81),(-1.8375,2.268,0.81),(-1.8375,2.27,0.84),(-1.9675,2.27,0.84),(-1.8375,2.27,0.81),(-1.9675,2.27,0.81),(-1.8375,2.268,1.12),(-1.8375,2.27,1.12),(-1.8375,2.268,1.09),(-1.8375,2.27,1.09),(-1.9675,2.27,1.12),(-1.9675,2.268,1.12),(-1.9675,2.27,1.09),(-1.9675,2.268,1.09),(-1.9675,2.27,1.12),(-1.8375,2.27,1.12),(-1.9675,2.268,1.12),(-1.8375,2.268,1.12),(-1.9675,2.268,1.09),(-1.8375,2.268,1.09),(-1.9675,2.27,1.09),(-1.8375,2.27,1.09),(-1.9675,2.268,1.12),(-1.8375,2.268,1.12),(-1.9675,2.268,1.09),(-1.8375,2.268,1.09),(-1.8375,2.27,1.12),(-1.9675,2.27,1.12),(-1.8375,2.27,1.09),(-1.9675,2.27,1.09),(-1.8375,2.268,1.4),(-1.8375,2.27,1.4),(-1.8375,2.268,1.37),(-1.8375,2.27,1.37),(-1.9675,2.27,1.4),(-1.9675,2.268,1.4),(-1.9675,2.27,1.37),(-1.9675,2.268,1.37),(-1.9675,2.27,1.4),(-1.8375,2.27,1.4),(-1.9675,2.268,1.4),(-1.8375,2.268,1.4),(-1.9675,2.268,1.37),(-1.8375,2.268,1.37),(-1.9675,2.27,1.37),(-1.8375,2.27,1.37),(-1.9675,2.268,1.4),(-1.8375,2.268,1.4),(-1.9675,2.268,1.37),(-1.8375,2.268,1.37),(-1.8375,2.27,1.4),(-1.9675,2.27,1.4),(-1.8375,2.27,1.37),(-1.9675,2.27,1.37),(-1.8375,2.268,1.68),(-1.8375,2.27,1.68),(-1.8375,2.268,1.65),(-1.8375,2.27,1.65),(-1.9675,2.27,1.68),(-1.9675,2.268,1.68),(-1.9675,2.27,1.65),(-1.9675,2.268,1.65),(-1.9675,2.27,1.68),(-1.8375,2.27,1.68),(-1.9675,2.268,1.68),(-1.8375,2.268,1.68),(-1.9675,2.268,1.65),(-1.8375,2.268,1.65),(-1.9675,2.27,1.65),(-1.8375,2.27,1.65),(-1.9675,2.268,1.68),(-1.8375,2.268,1.68),(-1.9675,2.268,1.65),(-1.8375,2.268,1.65),(-1.8375,2.27,1.68),(-1.9675,2.27,1.68),(-1.8375,2.27,1.65),(-1.9675,2.27,1.65),(-1.8375,2.268,1.96),(-1.8375,2.27,1.96),(-1.8375,2.268,1.93),(-1.8375,2.27,1.93),(-1.9675,2.27,1.96),(-1.9675,2.268,1.96),(-1.9675,2.27,1.93),(-1.9675,2.268,1.93),(-1.9675,2.27,1.96),(-1.8375,2.27,1.96),(-1.9675,2.268,1.96),(-1.8375,2.268,1.96),(-1.9675,2.268,1.93),(-1.8375,2.268,1.93),(-1.9675,2.27,1.93),(-1.8375,2.27,1.93),(-1.9675,2.268,1.96),(-1.8375,2.268,1.96),(-1.9675,2.268,1.93),(-1.8375,2.268,1.93),(-1.8375,2.27,1.96),(-1.9675,2.27,1.96),(-1.8375,2.27,1.93),(-1.9675,2.27,1.93)));
#91=IFCTRIANGULATEDFACESET(#90,$,$,((1,3,2),(3,4,2),(5,7,6),(7,8,6),(9,11,10),(11,12,10),(13,15,14),(15,16,14),(17,19,18),(19,20,18),(21,23,22),(23,24,22),(25,27,26),(27,28,26),(29,31,30),(31,32,30),(33,35,34),(35,36,34),(37,39,38),(39,40,38),(41,43,42),(43,44,42),(45,47,46),(47,48,46),(49,51,50),(51,52,50),(53,55,54),(55,56,54),(57,59,58),(59,60,58),(61,63,62),(63,64,62),(65,67,66),(67,68,66),(69,71,70),(71,72,70),(73,75,74),(75,76,74),(77,79,78),(79,80,78),(81,83,82),(83,84,82),(85,87,86),(87,88,86),(89,91,90),(91,92,90),(93,95,94),(95,96,94),(97,99,98),(99,100,98),(101,103,102),(103,104,102),(105,107,106),(107,108,106),(109,111,110),(111,112,110),(113,115,114),(115,116,114),(117,119,118),(119,120,118),(121,123,122),(123,124,122),(125,127,126),(127,128,126),(129,131,130),(131,132,130),(133,135,134),(135,136,134),(137,139,138),(139,140,138),(141,143,142),(143,144,142)),$);
#92=IFCSTYLEDITEM(#91,(#58),'msb_d1_breaker_labels');
#93=IFCCARTESIANPOINTLIST3D(((-0.4035,2.27,0.5675),(-0.4035,2.29,0.5675),(-0.4035,2.27,0.4325),(-0.4035,2.29,0.4325),(-0.7835,2.29,0.5675),(-0.7835,2.27,0.5675),(-0.7835,2.29,0.4325),(-0.7835,2.27,0.4325),(-0.7835,2.29,0.5675),(-0.4035,2.29,0.5675),(-0.7835,2.27,0.5675),(-0.4035,2.27,0.5675),(-0.7835,2.27,0.4325),(-0.4035,2.27,0.4325),(-0.7835,2.29,0.4325),(-0.4035,2.29,0.4325),(-0.7835,2.27,0.5675),(-0.4035,2.27,0.5675),(-0.7835,2.27,0.4325),(-0.4035,2.27,0.4325),(-0.4035,2.29,0.5675),(-0.7835,2.29,0.5675),(-0.4035,2.29,0.4325),(-0.7835,2.29,0.4325),(-0.4035,2.27,0.8475),(-0.4035,2.29,0.8475),(-0.4035,2.27,0.7125),(-0.4035,2.29,0.7125),(-0.7835,2.29,0.8475),(-0.7835,2.27,0.8475),(-0.7835,2.29,0.7125),(-0.7835,2.27,0.7125),(-0.7835,2.29,0.8475),(-0.4035,2.29,0.8475),(-0.7835,2.27,0.8475),(-0.4035,2.27,0.8475),(-0.7835,2.27,0.7125),(-0.4035,2.27,0.7125),(-0.7835,2.29,0.7125),(-0.4035,2.29,0.7125),(-0.7835,2.27,0.8475),(-0.4035,2.27,0.8475),(-0.7835,2.27,0.7125),(-0.4035,2.27,0.7125),(-0.4035,2.29,0.8475),(-0.7835,2.29,0.8475),(-0.4035,2.29,0.7125),(-0.7835,2.29,0.7125),(-0.4035,2.27,1.1275),(-0.4035,2.29,1.1275),(-0.4035,2.27,0.9925),(-0.4035,2.29,0.9925),(-0.7835,2.29,1.1275),(-0.7835,2.27,1.1275),(-0.7835,2.29,0.9925),(-0.7835,2.27,0.9925),(-0.7835,2.29,1.1275),(-0.4035,2.29,1.1275),(-0.7835,2.27,1.1275),(-0.4035,2.27,1.1275),(-0.7835,2.27,0.9925),(-0.4035,2.27,0.9925),(-0.7835,2.29,0.9925),(-0.4035,2.29,0.9925),(-0.7835,2.27,1.1275),(-0.4035,2.27,1.1275),(-0.7835,2.27,0.9925),(-0.4035,2.27,0.9925),(-0.4035,2.29,1.1275),(-0.7835,2.29,1.1275),(-0.4035,2.29,0.9925),(-0.7835,2.29,0.9925),(-0.4035,2.27,1.4075),(-0.4035,2.29,1.4075),(-0.4035,2.27,1.2725),(-0.4035,2.29,1.2725),(-0.7835,2.29,1.4075),(-0.7835,2.27,1.4075),(-0.7835,2.29,1.2725),(-0.7835,2.27,1.2725),(-0.7835,2.29,1.4075),(-0.4035,2.29,1.4075),(-0.7835,2.27,1.4075),(-0.4035,2.27,1.4075),(-0.7835,2.27,1.2725),(-0.4035,2.27,1.2725),(-0.7835,2.29,1.2725),(-0.4035,2.29,1.2725),(-0.7835,2.27,1.4075),(-0.4035,2.27,1.4075),(-0.7835,2.27,1.2725),(-0.4035,2.27,1.2725),(-0.4035,2.29,1.4075),(-0.7835,2.29,1.4075),(-0.4035,2.29,1.2725),(-0.7835,2.29,1.2725),(-0.4035,2.27,1.6875),(-0.4035,2.29,1.6875),(-0.4035,2.27,1.5525),(-0.4035,2.29,1.5525),(-0.7835,2.29,1.6875),(-0.7835,2.27,1.6875),(-0.7835,2.29,1.5525),(-0.7835,2.27,1.5525),(-0.7835,2.29,1.6875),(-0.4035,2.29,1.6875),(-0.7835,2.27,1.6875),(-0.4035,2.27,1.6875),(-0.7835,2.27,1.5525),(-0.4035,2.27,1.5525),(-0.7835,2.29,1.5525),(-0.4035,2.29,1.5525),(-0.7835,2.27,1.6875),(-0.4035,2.27,1.6875),(-0.7835,2.27,1.5525),(-0.4035,2.27,1.5525),(-0.4035,2.29,1.6875),(-0.7835,2.29,1.6875),(-0.4035,2.29,1.5525),(-0.7835,2.29,1.5525),(-0.4035,2.27,1.9675),(-0.4035,2.29,1.9675),(-0.4035,2.27,1.8325),(-0.4035,2.29,1.8325),(-0.7835,2.29,1.9675),(-0.7835,2.27,1.9675),(-0.7835,2.29,1.8325),(-0.7835,2.27,1.8325),(-0.7835,2.29,1.9675),(-0.4035,2.29,1.9675),(-0.7835,2.27,1.9675),(-0.4035,2.27,1.9675),(-0.7835,2.27,1.8325),(-0.4035,2.27,1.8325),(-0.7835,2.29,1.8325),(-0.4035,2.29,1.8325),(-0.7835,2.27,1.9675),(-0.4035,2.27,1.9675),(-0.7835,2.27,1.8325),(-0.4035,2.27,1.8325),(-0.4035,2.29,1.9675),(-0.7835,2.29,1.9675),(-0.4035,2.29,1.8325),(-0.7835,2.29,1.8325)));
#94=IFCTRIANGULATEDFACESET(#93,$,$,((1,3,2),(3,4,2),(5,7,6),(7,8,6),(9,11,10),(11,12,10),(13,15,14),(15,16,14),(17,19,18),(19,20,18),(21,23,22),(23,24,22),(25,27,26),(27,28,26),(29,31,30),(31,32,30),(33,35,34),(35,36,34),(37,39,38),(39,40,38),(41,43,42),(43,44,42),(45,47,46),(47,48,46),(49,51,50),(51,52,50),(53,55,54),(55,56,54),(57,59,58),(59,60,58),(61,63,62),(63,64,62),(65,67,66),(67,68,66),(69,71,70),(71,72,70),(73,75,74),(75,76,74),(77,79,78),(79,80,78),(81,83,82),(83,84,82),(85,87,86),(87,88,86),(89,91,90),(91,92,90),(93,95,94),(95,96,94),(97,99,98),(99,100,98),(101,103,102),(103,104,102),(105,107,106),(107,108,106),(109,111,110),(111,112,110),(113,115,114),(115,116,114),(117,119,118),(119,120,118),(121,123,122),(123,124,122),(125,127,126),(127,128,126),(129,131,130),(131,132,130),(133,135,134),(135,136,134),(137,139,138),(139,140,138),(141,143,142),(143,144,142)),$);
#95=IFCSTYLEDITEM(#94,(#51),'msb_d2_feeder_breakers');
#96=IFCCARTESIANPOINTLIST3D(((-0.4375,2.2275,0.5325),(-0.4375,2.2725,0.5325),(-0.4375,2.2275,0.4675),(-0.4375,2.2725,0.4675),(-0.4695,2.2725,0.5325),(-0.4695,2.2275,0.5325),(-0.4695,2.2725,0.4675),(-0.4695,2.2275,0.4675),(-0.4695,2.2725,0.5325),(-0.4375,2.2725,0.5325),(-0.4695,2.2275,0.5325),(-0.4375,2.2275,0.5325),(-0.4695,2.2275,0.4675),(-0.4375,2.2275,0.4675),(-0.4695,2.2725,0.4675),(-0.4375,2.2725,0.4675),(-0.4695,2.2275,0.5325),(-0.4375,2.2275,0.5325),(-0.4695,2.2275,0.4675),(-0.4375,2.2275,0.4675),(-0.4375,2.2725,0.5325),(-0.4695,2.2725,0.5325),(-0.4375,2.2725,0.4675),(-0.4695,2.2725,0.4675),(-0.4375,2.2275,0.8125),(-0.4375,2.2725,0.8125),(-0.4375,2.2275,0.7475),(-0.4375,2.2725,0.7475),(-0.4695,2.2725,0.8125),(-0.4695,2.2275,0.8125),(-0.4695,2.2725,0.7475),(-0.4695,2.2275,0.7475),(-0.4695,2.2725,0.8125),(-0.4375,2.2725,0.8125),(-0.4695,2.2275,0.8125),(-0.4375,2.2275,0.8125),(-0.4695,2.2275,0.7475),(-0.4375,2.2275,0.7475),(-0.4695,2.2725,0.7475),(-0.4375,2.2725,0.7475),(-0.4695,2.2275,0.8125),(-0.4375,2.2275,0.8125),(-0.4695,2.2275,0.7475),(-0.4375,2.2275,0.7475),(-0.4375,2.2725,0.8125),(-0.4695,2.2725,0.8125),(-0.4375,2.2725,0.7475),(-0.4695,2.2725,0.7475),(-0.4375,2.2275,1.0925),(-0.4375,2.2725,1.0925),(-0.4375,2.2275,1.0275),(-0.4375,2.2725,1.0275),(-0.4695,2.2725,1.0925),(-0.4695,2.2275,1.0925),(-0.4695,2.2725,1.0275),(-0.4695,2.2275,1.0275),(-0.4695,2.2725,1.0925),(-0.4375,2.2725,1.0925),(-0.4695,2.2275,1.0925),(-0.4375,2.2275,1.0925),(-0.4695,2.2275,1.0275),(-0.4375,2.2275,1.0275),(-0.4695,2.2725,1.0275),(-0.4375,2.2725,1.0275),(-0.4695,2.2275,1.0925),(-0.4375,2.2275,1.0925),(-0.4695,2.2275,1.0275),(-0.4375,2.2275,1.0275),(-0.4375,2.2725,1.0925),(-0.4695,2.2725,1.0925),(-0.4375,2.2725,1.0275),(-0.4695,2.2725,1.0275),(-0.4375,2.2275,1.3725),(-0.4375,2.2725,1.3725),(-0.4375,2.2275,1.3075),(-0.4375,2.2725,1.3075),(-0.4695,2.2725,1.3725),(-0.4695,2.2275,1.3725),(-0.4695,2.2725,1.3075),(-0.4695,2.2275,1.3075),(-0.4695,2.2725,1.3725),(-0.4375,2.2725,1.3725),(-0.4695,2.2275,1.3725),(-0.4375,2.2275,1.3725),(-0.4695,2.2275,1.3075),(-0.4375,2.2275,1.3075),(-0.4695,2.2725,1.3075),(-0.4375,2.2725,1.3075),(-0.4695,2.2275,1.3725),(-0.4375,2.2275,1.3725),(-0.4695,2.2275,1.3075),(-0.4375,2.2275,1.3075),(-0.4375,2.2725,1.3725),(-0.4695,2.2725,1.3725),(-0.4375,2.2725,1.3075),(-0.4695,2.2725,1.3075),(-0.4375,2.2275,1.6525),(-0.4375,2.2725,1.6525),(-0.4375,2.2275,1.5875),(-0.4375,2.2725,1.5875),(-0.4695,2.2725,1.6525),(-0.4695,2.2275,1.6525),(-0.4695,2.2725,1.5875),(-0.4695,2.2275,1.5875),(-0.4695,2.2725,1.6525),(-0.4375,2.2725,1.6525),(-0.4695,2.2275,1.6525),(-0.4375,2.2275,1.6525),(-0.4695,2.2275,1.5875),(-0.4375,2.2275,1.5875),(-0.4695,2.2725,1.5875),(-0.4375,2.2725,1.5875),(-0.4695,2.2275,1.6525),(-0.4375,2.2275,1.6525),(-0.4695,2.2275,1.5875),(-0.4375,2.2275,1.5875),(-0.4375,2.2725,1.6525),(-0.4695,2.2725,1.6525),(-0.4375,2.2725,1.5875),(-0.4695,2.2725,1.5875),(-0.4375,2.2275,1.9325),(-0.4375,2.2725,1.9325),(-0.4375,2.2275,1.8675),(-0.4375,2.2725,1.8675),(-0.4695,2.2725,1.9325),(-0.4695,2.2275,1.9325),(-0.4695,2.2725,1.8675),(-0.4695,2.2275,1.8675),(-0.4695,2.2725,1.9325),(-0.4375,2.2725,1.9325),(-0.4695,2.2275,1.9325),(-0.4375,2.2275,1.9325),(-0.4695,2.2275,1.8675),(-0.4375,2.2275,1.8675),(-0.4695,2.2725,1.8675),(-0.4375,2.2725,1.8675),(-0.4695,2.2275,1.9325),(-0.4375,2.2275,1.9325),(-0.4695,2.2275,1.8675),(-0.4375,2.2275,1.8675),(-0.4375,2.2725,1.9325),(-0.4695,2.2725,1.9325),(-0.4375,2.2725,1.8675),(-0.4695,2.2725,1.8675)));
#97=IFCTRIANGULATEDFACESET(#96,$,$,((1,3,2),(3,4,2),(5,7,6),(7,8,6),(9,11,10),(11,12,10),(13,15,14),(15,16,14),(17,19,18),(19,20,18),(21,23,22),(23,24,22),(25,27,26),(27,28,26),(29,31,30),(31,32,30),(33,35,34),(35,36,34),(37,39,38),(39,40,38),(41,43,42),(43,44,42),(45,47,46),(47,48,46),(49,51,50),(51,52,50),(53,55,54),(55,56,54),(57,59,58),(59,60,58),(61,63,62),(63,64,62),(65,67,66),(67,68,66),(69,71,70),(71,72,70),(73,75,74),(75,76,74),(77,79,78),(79,80,78),(81,83,82),(83,84,82),(85,87,86),(87,88,86),(89,91,90),(91,92,90),(93,95,94),(95,96,94),(97,99,98),(99,100,98),(101,103,102),(103,104,102),(105,107,106),(107,108,106),(109,111,110),(111,112,110),(113,115,114),(115,116,114),(117,119,118),(119,120,118),(121,123,122),(123,124,122),(125,127,126),(127,128,126),(129,131,130),(131,132,130),(133,135,134),(135,136,134),(137,139,138),(139,140,138),(141,143,142),(143,144,142)),$);
#98=IFCSTYLEDITEM(#97,(#51),'msb_d2_breaker_handles');
#99=IFCCARTESIANPOINTLIST3D(((-0.6185,2.268,0.56),(-0.6185,2.27,0.56),(-0.6185,2.268,0.53),(-0.6185,2.27,0.53),(-0.7485,2.27,0.56),(-0.7485,2.268,0.56),(-0.7485,2.27,0.53),(-0.7485,2.268,0.53),(-0.7485,2.27,0.56),(-0.6185,2.27,0.56),(-0.7485,2.268,0.56),(-0.6185,2.268,0.56),(-0.7485,2.268,0.53),(-0.6185,2.268,0.53),(-0.7485,2.27,0.53),(-0.6185,2.27,0.53),(-0.7485,2.268,0.56),(-0.6185,2.268,0.56),(-0.7485,2.268,0.53),(-0.6185,2.268,0.53),(-0.6185,2.27,0.56),(-0.7485,2.27,0.56),(-0.6185,2.27,0.53),(-0.7485,2.27,0.53),(-0.6185,2.268,0.84),(-0.6185,2.27,0.84),(-0.6185,2.268,0.81),(-0.6185,2.27,0.81),(-0.7485,2.27,0.84),(-0.7485,2.268,0.84),(-0.7485,2.27,0.81),(-0.7485,2.268,0.81),(-0.7485,2.27,0.84),(-0.6185,2.27,0.84),(-0.7485,2.268,0.84),(-0.6185,2.268,0.84),(-0.7485,2.268,0.81),(-0.6185,2.268,0.81),(-0.7485,2.27,0.81),(-0.6185,2.27,0.81),(-0.7485,2.268,0.84),(-0.6185,2.268,0.84),(-0.7485,2.268,0.81),(-0.6185,2.268,0.81),(-0.6185,2.27,0.84),(-0.7485,2.27,0.84),(-0.6185,2.27,0.81),(-0.7485,2.27,0.81),(-0.6185,2.268,1.12),(-0.6185,2.27,1.12),(-0.6185,2.268,1.09),(-0.6185,2.27,1.09),(-0.7485,2.27,1.12),(-0.7485,2.268,1.12),(-0.7485,2.27,1.09),(-0.7485,2.268,1.09),(-0.7485,2.27,1.12),(-0.6185,2.27,1.12),(-0.7485,2.268,1.12),(-0.6185,2.268,1.12),(-0.7485,2.268,1.09),(-0.6185,2.268,1.09),(-0.7485,2.27,1.09),(-0.6185,2.27,1.09),(-0.7485,2.268,1.12),(-0.6185,2.268,1.12),(-0.7485,2.268,1.09),(-0.6185,2.268,1.09),(-0.6185,2.27,1.12),(-0.7485,2.27,1.12),(-0.6185,2.27,1.09),(-0.7485,2.27,1.09),(-0.6185,2.268,1.4),(-0.6185,2.27,1.4),(-0.6185,2.268,1.37),(-0.6185,2.27,1.37),(-0.7485,2.27,1.4),(-0.7485,2.268,1.4),(-0.7485,2.27,1.37),(-0.7485,2.268,1.37),(-0.7485,2.27,1.4),(-0.6185,2.27,1.4),(-0.7485,2.268,1.4),(-0.6185,2.268,1.4),(-0.7485,2.268,1.37),(-0.6185,2.268,1.37),(-0.7485,2.27,1.37),(-0.6185,2.27,1.37),(-0.7485,2.268,1.4),(-0.6185,2.268,1.4),(-0.7485,2.268,1.37),(-0.6185,2.268,1.37),(-0.6185,2.27,1.4),(-0.7485,2.27,1.4),(-0.6185,2.27,1.37),(-0.7485,2.27,1.37),(-0.6185,2.268,1.68),(-0.6185,2.27,1.68),(-0.6185,2.268,1.65),(-0.6185,2.27,1.65),(-0.7485,2.27,1.68),(-0.7485,2.268,1.68),(-0.7485,2.27,1.65),(-0.7485,2.268,1.65),(-0.7485,2.27,1.68),(-0.6185,2.27,1.68),(-0.7485,2.268,1.68),(-0.6185,2.268,1.68),(-0.7485,2.268,1.65),(-0.6185,2.268,1.65),(-0.7485,2.27,1.65),(-0.6185,2.27,1.65),(-0.7485,2.268,1.68),(-0.6185,2.268,1.68),(-0.7485,2.268,1.65),(-0.6185,2.268,1.65),(-0.6185,2.27,1.68),(-0.7485,2.27,1.68),(-0.6185,2.27,1.65),(-0.7485,2.27,1.65),(-0.6185,2.268,1.96),(-0.6185,2.27,1.96),(-0.6185,2.268,1.93),(-0.6185,2.27,1.93),(-0.7485,2.27,1.96),(-0.7485,2.268,1.96),(-0.7485,2.27,1.93),(-0.7485,2.268,1.93),(-0.7485,2.27,1.96),(-0.6185,2.27,1.96),(-0.7485,2.268,1.96),(-0.6185,2.268,1.96),(-0.7485,2.268,1.93),(-0.6185,2.268,1.93),(-0.7485,2.27,1.93),(-0.6185,2.27,1.93),(-0.7485,2.268,1.96),(-0.6185,2.268,1.96),(-0.7485,2.268,1.93),(-0.6185,2.268,1.93),(-0.6185,2.27,1.96),(-0.7485,2.27,1.96),(-0.6185,2.27,1.93),(-0.7485,2.27,1.93)));
#100=IFCTRIANGULATEDFACESET(#99,$,$,((1,3,2),(3,4,2),(5,7,6),(7,8,6),(9,11,10),(11,12,10),(13,15,14),(15,16,14),(17,19,18),(19,20,18),(21,23,22),(23,24,22),(25,27,26),(27,28,26),(29,31,30),(31,32,30),(33,35,34),(35,36,34),(37,39,38),(39,40,38),(41,43,42),(43,44,42),(45,47,46),(47,48,46),(49,51,50),(51,52,50),(53,55,54),(55,56,54),(57,59,58),(59,60,58),(61,63,62),(63,64,62),(65,67,66),(67,68,66),(69,71,70),(71,72,70),(73,75,74),(75,76,74),(77,79,78),(79,80,78),(81,83,82),(83,84,82),(85,87,86),(87,88,86),(89,91,90),(91,92,90),(93,95,94),(95,96,94),(97,99,98),(99,100,98),(101,103,102),(103,104,102),(105,107,106),(107,108,106),(109,111,110),(111,112,110),(113,115,114),(115,116,114),(117,119,118),(119,120,118),(121,123,122),(123,124,122),(125,127,126),(127,128,126),(129,131,130),(131,132,130),(133,135,134),(135,136,134),(137,139,138),(139,140,138),(141,143,142),(143,144,142)),$);
#101=IFCSTYLEDITEM(#100,(#58),'msb_d2_breaker_labels');
#102=IFCSHAPEREPRESENTATION(#11,'Body','Tessellation',(#31,#38,#41,#44,#47,#54,#61,#64,#67,#70,#73,#76,#79,#82,#85,#88,#91,#94,#97,#100));
#103=IFCPRODUCTDEFINITIONSHAPE($,$,(#102));
#104=IFCLOCALPLACEMENT(#25,#9);
#105=IFCELECTRICDISTRIBUTIONBOARD('34Pawl0YOj7oNC4WS$ykcf',#5,'MSB - main switchboard 2500 A, 480Y/277 V','4-section front-accessible lineup: utility CT / metering, 2500 A main breaker, two group-mounted feeder distribution sections; all feeders exit the top in conduit',$,#104,#103,'MSB',.SWITCHBOARD.);
#106=IFCPROPERTYSINGLEVALUE('BusRating',$,IFCELECTRICCURRENTMEASURE(2500.),$);
#107=IFCPROPERTYSINGLEVALUE('Voltage',$,IFCLABEL('480Y/277 V'),$);
#108=IFCPROPERTYSINGLEVALUE('Phases',$,IFCINTEGER(3),$);
#109=IFCPROPERTYSINGLEVALUE('Wires',$,IFCINTEGER(4),$);
#110=IFCPROPERTYSINGLEVALUE('MainDevice',$,IFCLABEL('2500 A, 3-pole insulated-case main breaker, 100% rated'),$);
#111=IFCPROPERTYSINGLEVALUE('ShortCircuitRatingkA',$,IFCREAL(65.),$);
#112=IFCPROPERTYSINGLEVALUE('Sections',$,IFCINTEGER(4),$);
#113=IFCPROPERTYSINGLEVALUE('Mounting',$,IFCLABEL('Floor, on 100 mm housekeeping pad, front accessible'),$);
#114=IFCPROPERTYSINGLEVALUE('FeederEntry',$,IFCLABEL('Top; overhead EMT on trapeze hangers'),$);
#115=IFCPROPERTYSET('0ow3zRKqGlhuMHLrlrRJ1i',#5,'SwitchboardSchedule',$,(#106,#107,#108,#109,#110,#111,#112,#113,#114));
#116=IFCRELDEFINESBYPROPERTIES('1I6QprP7fcr5GguRO5J4o1',#5,$,$,(#105),#115);
#117=IFCPROPERTYSINGLEVALUE('Manufacturer',$,IFCLABEL('Eaton'),$);
#118=IFCPROPERTYSINGLEVALUE('ModelLabel',$,IFCLABEL('Pow-R-Line C style switchboard'),$);
#119=IFCPROPERTYSET('0iwVB_IbE60NDveSQSShty',#5,'Pset_ManufacturerTypeInformation',$,(#117,#118));
#120=IFCELECTRICDISTRIBUTIONBOARDTYPE('3FwJ3euVwL$AuxbHGeyww0',#5,'Front-accessible switchboard - 2500 A, 65 kA SCCR',$,$,(#119),$,'MSB',$,.SWITCHBOARD.);
#121=IFCRELDEFINESBYTYPE('3MUT6NfdGRqJklT9jPvMhf',#5,$,$,(#105),#120);
#122=IFCCARTESIANPOINTLIST3D(((3.15,2.1,0.16),(3.15,2.85,0.16),(3.15,2.1,0.1),(3.15,2.85,0.1),(2.25,2.85,0.16),(2.25,2.1,0.16),(2.25,2.85,0.1),(2.25,2.1,0.1),(2.25,2.85,0.16),(3.15,2.85,0.16),(2.25,2.1,0.16),(3.15,2.1,0.16),(2.25,2.1,0.1),(3.15,2.1,0.1),(2.25,2.85,0.1),(3.15,2.85,0.1),(2.25,2.1,0.16),(3.15,2.1,0.16),(2.25,2.1,0.1),(3.15,2.1,0.1),(3.15,2.85,0.16),(2.25,2.85,0.16),(3.15,2.85,0.1),(2.25,2.85,0.1)));
#123=IFCTRIANGULATEDFACESET(#122,$,$,((1,3,2),(3,4,2),(5,7,6),(7,8,6),(9,11,10),(11,12,10),(13,15,14),(15,16,14),(17,19,18),(19,20,18),(21,23,22),(23,24,22)),$);
#124=IFCSTYLEDITEM(#123,(#51),'t1_base_skid');
#125=IFCCARTESIANPOINTLIST3D(((3.15,2.1,1.24),(3.15,2.85,1.24),(3.15,2.1,0.16),(3.15,2.85,0.16),(2.25,2.85,1.24),(2.25,2.1,1.24),(2.25,2.85,0.16),(2.25,2.1,0.16),(2.25,2.85,1.24),(3.15,2.85,1.24),(2.25,2.1,1.24),(3.15,2.1,1.24),(2.25,2.1,0.16),(3.15,2.1,0.16),(2.25,2.85,0.16),(3.15,2.85,0.16),(2.25,2.1,1.24),(3.15,2.1,1.24),(2.25,2.1,0.16),(3.15,2.1,0.16),(3.15,2.85,1.24),(2.25,2.85,1.24),(3.15,2.85,0.16),(2.25,2.85,0.16)));
#126=IFCTRIANGULATEDFACESET(#125,$,$,((1,3,2),(3,4,2),(5,7,6),(7,8,6),(9,11,10),(11,12,10),(13,15,14),(15,16,14),(17,19,18),(19,20,18),(21,23,22),(23,24,22)),$);
#127=IFCSTYLEDITEM(#126,(#35),'t1_enclosure');
#128=IFCCARTESIANPOINTLIST3D(((3.06,2.094,0.257),(3.06,2.1,0.257),(3.06,2.094,0.243),(3.06,2.1,0.243),(2.34,2.1,0.257),(2.34,2.094,0.257),(2.34,2.1,0.243),(2.34,2.094,0.243),(2.34,2.1,0.257),(3.06,2.1,0.257),(2.34,2.094,0.257),(3.06,2.094,0.257),(2.34,2.094,0.243),(3.06,2.094,0.243),(2.34,2.1,0.243),(3.06,2.1,0.243),(2.34,2.094,0.257),(3.06,2.094,0.257),(2.34,2.094,0.243),(3.06,2.094,0.243),(3.06,2.1,0.257),(2.34,2.1,0.257),(3.06,2.1,0.243),(2.34,2.1,0.243),(3.06,2.094,0.285),(3.06,2.1,0.285),(3.06,2.094,0.271),(3.06,2.1,0.271),(2.34,2.1,0.285),(2.34,2.094,0.285),(2.34,2.1,0.271),(2.34,2.094,0.271),(2.34,2.1,0.285),(3.06,2.1,0.285),(2.34,2.094,0.285),(3.06,2.094,0.285),(2.34,2.094,0.271),(3.06,2.094,0.271),(2.34,2.1,0.271),(3.06,2.1,0.271),(2.34,2.094,0.285),(3.06,2.094,0.285),(2.34,2.094,0.271),(3.06,2.094,0.271),(3.06,2.1,0.285),(2.34,2.1,0.285),(3.06,2.1,0.271),(2.34,2.1,0.271),(3.06,2.094,0.313),(3.06,2.1,0.313),(3.06,2.094,0.299),(3.06,2.1,0.299),(2.34,2.1,0.313),(2.34,2.094,0.313),(2.34,2.1,0.299),(2.34,2.094,0.299),(2.34,2.1,0.313),(3.06,2.1,0.313),(2.34,2.094,0.313),(3.06,2.094,0.313),(2.34,2.094,0.299),(3.06,2.094,0.299),(2.34,2.1,0.299),(3.06,2.1,0.299),(2.34,2.094,0.313),(3.06,2.094,0.313),(2.34,2.094,0.299),(3.06,2.094,0.299),(3.06,2.1,0.313),(2.34,2.1,0.313),(3.06,2.1,0.299),(2.34,2.1,0.299),(3.06,2.094,0.341),(3.06,2.1,0.341),(3.06,2.094,0.327),(3.06,2.1,0.327),(2.34,2.1,0.341),(2.34,2.094,0.341),(2.34,2.1,0.327),(2.34,2.094,0.327),(2.34,2.1,0.341),(3.06,2.1,0.341),(2.34,2.094,0.341),(3.06,2.094,0.341),(2.34,2.094,0.327),(3.06,2.094,0.327),(2.34,2.1,0.327),(3.06,2.1,0.327),(2.34,2.094,0.341),(3.06,2.094,0.341),(2.34,2.094,0.327),(3.06,2.094,0.327),(3.06,2.1,0.341),(2.34,2.1,0.341),(3.06,2.1,0.327),(2.34,2.1,0.327),(3.06,2.094,0.369),(3.06,2.1,0.369),(3.06,2.094,0.355),(3.06,2.1,0.355),(2.34,2.1,0.369),(2.34,2.094,0.369),(2.34,2.1,0.355),(2.34,2.094,0.355),(2.34,2.1,0.369),(3.06,2.1,0.369),(2.34,2.094,0.369),(3.06,2.094,0.369),(2.34,2.094,0.355),(3.06,2.094,0.355),(2.34,2.1,0.355),(3.06,2.1,0.355),(2.34,2.094,0.369),(3.06,2.094,0.369),(2.34,2.094,0.355),(3.06,2.094,0.355),(3.06,2.1,0.369),(2.34,2.1,0.369),(3.06,2.1,0.355),(2.34,2.1,0.355),(3.06,2.094,0.397),(3.06,2.1,0.397),(3.06,2.094,0.383),(3.06,2.1,0.383),(2.34,2.1,0.397),(2.34,2.094,0.397),(2.34,2.1,0.383),(2.34,2.094,0.383),(2.34,2.1,0.397),(3.06,2.1,0.397),(2.34,2.094,0.397),(3.06,2.094,0.397),(2.34,2.094,0.383),(3.06,2.094,0.383),(2.34,2.1,0.383),(3.06,2.1,0.383),(2.34,2.094,0.397),(3.06,2.094,0.397),(2.34,2.094,0.383),(3.06,2.094,0.383),(3.06,2.1,0.397),(2.34,2.1,0.397),(3.06,2.1,0.383),(2.34,2.1,0.383),(3.06,2.094,1.057),(3.06,2.1,1.057),(3.06,2.094,1.043),(3.06,2.1,1.043),(2.34,2.1,1.057),(2.34,2.094,1.057),(2.34,2.1,1.043),(2.34,2.094,1.043),(2.34,2.1,1.057),(3.06,2.1,1.057),(2.34,2.094,1.057),(3.06,2.094,1.057),(2.34,2.094,1.043),(3.06,2.094,1.043),(2.34,2.1,1.043),(3.06,2.1,1.043),(2.34,2.094,1.057),(3.06,2.094,1.057),(2.34,2.094,1.043),(3.06,2.094,1.043),(3.06,2.1,1.057),(2.34,2.1,1.057),(3.06,2.1,1.043),(2.34,2.1,1.043),(3.06,2.094,1.085),(3.06,2.1,1.085),(3.06,2.094,1.071),(3.06,2.1,1.071),(2.34,2.1,1.085),(2.34,2.094,1.085),(2.34,2.1,1.071),(2.34,2.094,1.071),(2.34,2.1,1.085),(3.06,2.1,1.085),(2.34,2.094,1.085),(3.06,2.094,1.085),(2.34,2.094,1.071),(3.06,2.094,1.071),(2.34,2.1,1.071),(3.06,2.1,1.071),(2.34,2.094,1.085),(3.06,2.094,1.085),(2.34,2.094,1.071),(3.06,2.094,1.071),(3.06,2.1,1.085),(2.34,2.1,1.085),(3.06,2.1,1.071),(2.34,2.1,1.071),(3.06,2.094,1.113),(3.06,2.1,1.113),(3.06,2.094,1.099),(3.06,2.1,1.099),(2.34,2.1,1.113),(2.34,2.094,1.113),(2.34,2.1,1.099),(2.34,2.094,1.099),(2.34,2.1,1.113),(3.06,2.1,1.113),(2.34,2.094,1.113),(3.06,2.094,1.113),(2.34,2.094,1.099),(3.06,2.094,1.099),(2.34,2.1,1.099),(3.06,2.1,1.099),(2.34,2.094,1.113),(3.06,2.094,1.113),(2.34,2.094,1.099),(3.06,2.094,1.099),(3.06,2.1,1.113),(2.34,2.1,1.113),(3.06,2.1,1.099),(2.34,2.1,1.099),(3.06,2.094,1.141),(3.06,2.1,1.141),(3.06,2.094,1.127),(3.06,2.1,1.127),(2.34,2.1,1.141),(2.34,2.094,1.141),(2.34,2.1,1.127),(2.34,2.094,1.127),(2.34,2.1,1.141),(3.06,2.1,1.141),(2.34,2.094,1.141),(3.06,2.094,1.141),(2.34,2.094,1.127),(3.06,2.094,1.127),(2.34,2.1,1.127),(3.06,2.1,1.127),(2.34,2.094,1.141),(3.06,2.094,1.141),(2.34,2.094,1.127),(3.06,2.094,1.127),(3.06,2.1,1.141),(2.34,2.1,1.141),(3.06,2.1,1.127),(2.34,2.1,1.127),(3.06,2.094,1.169),(3.06,2.1,1.169),(3.06,2.094,1.155),(3.06,2.1,1.155),(2.34,2.1,1.169),(2.34,2.094,1.169),(2.34,2.1,1.155),(2.34,2.094,1.155),(2.34,2.1,1.169),(3.06,2.1,1.169),(2.34,2.094,1.169),(3.06,2.094,1.169),(2.34,2.094,1.155),(3.06,2.094,1.155),(2.34,2.1,1.155),(3.06,2.1,1.155),(2.34,2.094,1.169),(3.06,2.094,1.169),(2.34,2.094,1.155),(3.06,2.094,1.155),(3.06,2.1,1.169),(2.34,2.1,1.169),(3.06,2.1,1.155),(2.34,2.1,1.155)));
#129=IFCTRIANGULATEDFACESET(#128,$,$,((1,3,2),(3,4,2),(5,7,6),(7,8,6),(9,11,10),(11,12,10),(13,15,14),(15,16,14),(17,19,18),(19,20,18),(21,23,22),(23,24,22),(25,27,26),(27,28,26),(29,31,30),(31,32,30),(33,35,34),(35,36,34),(37,39,38),(39,40,38),(41,43,42),(43,44,42),(45,47,46),(47,48,46),(49,51,50),(51,52,50),(53,55,54),(55,56,54),(57,59,58),(59,60,58),(61,63,62),(63,64,62),(65,67,66),(67,68,66),(69,71,70),(71,72,70),(73,75,74),(75,76,74),(77,79,78),(79,80,78),(81,83,82),(83,84,82),(85,87,86),(87,88,86),(89,91,90),(91,92,90),(93,95,94),(95,96,94),(97,99,98),(99,100,98),(101,103,102),(103,104,102),(105,107,106),(107,108,106),(109,111,110),(111,112,110),(113,115,114),(115,116,114),(117,119,118),(119,120,118),(121,123,122),(123,124,122),(125,127,126),(127,128,126),(129,131,130),(131,132,130),(133,135,134),(135,136,134),(137,139,138),(139,140,138),(141,143,142),(143,144,142),(145,147,146),(147,148,146),(149,151,150),(151,152,150),(153,155,154),(155,156,154),(157,159,158),(159,160,158),(161,163,162),(163,164,162),(165,167,166),(167,168,166),(169,171,170),(171,172,170),(173,175,174),(175,176,174),(177,179,178),(179,180,178),(181,183,182),(183,184,182),(185,187,186),(187,188,186),(189,191,190),(191,192,190),(193,195,194),(195,196,194),(197,199,198),(199,200,198),(201,203,202),(203,204,202),(205,207,206),(207,208,206),(209,211,210),(211,212,210),(213,215,214),(215,216,214),(217,219,218),(219,220,218),(221,223,222),(223,224,222),(225,227,226),(227,228,226),(229,231,230),(231,232,230),(233,235,234),(235,236,234),(237,239,238),(239,240,238),(241,243,242),(243,244,242),(245,247,246),(247,248,246),(249,251,250),(251,252,250),(253,255,254),(255,256,254),(257,259,258),(259,260,258),(261,263,262),(263,264,262)),$);
#130=IFCSTYLEDITEM(#129,(#51),'t1_ventilation_louvers');
#131=IFCCARTESIANPOINTLIST3D(((2.78,2.097,0.875),(2.78,2.099,0.875),(2.78,2.097,0.825),(2.78,2.099,0.825),(2.62,2.099,0.875),(2.62,2.097,0.875),(2.62,2.099,0.825),(2.62,2.097,0.825),(2.62,2.099,0.875),(2.78,2.099,0.875),(2.62,2.097,0.875),(2.78,2.097,0.875),(2.62,2.097,0.825),(2.78,2.097,0.825),(2.62,2.099,0.825),(2.78,2.099,0.825),(2.62,2.097,0.875),(2.78,2.097,0.875),(2.62,2.097,0.825),(2.78,2.097,0.825),(2.78,2.099,0.875),(2.62,2.099,0.875),(2.78,2.099,0.825),(2.62,2.099,0.825)));
#132=IFCTRIANGULATEDFACESET(#131,$,$,((1,3,2),(3,4,2),(5,7,6),(7,8,6),(9,11,10),(11,12,10),(13,15,14),(15,16,14),(17,19,18),(19,20,18),(21,23,22),(23,24,22)),$);
#133=IFCSTYLEDITEM(#132,(#58),'t1_nameplate');
#134=IFCSHAPEREPRESENTATION(#11,'Body','Tessellation',(#123,#126,#129,#132));
#135=IFCPRODUCTDEFINITIONSHAPE($,$,(#134));
#136=IFCLOCALPLACEMENT(#25,#9);
#137=IFCTRANSFORMER('1yu$TUbC_SbpjZDZZXmBpB',#5,'T1 - 150 kVA dry-type transformer','Ventilated NEMA 1 enclosure on housekeeping pad; primary from MSB, secondary to LP-4, both overhead in EMT',$,#136,#135,'T1',.VOLTAGE.);
#138=IFCPROPERTYSINGLEVALUE('RatingkVA',$,IFCREAL(150.),$);
#139=IFCPROPERTYSINGLEVALUE('Primary',$,IFCLABEL('480 V delta'),$);
#140=IFCPROPERTYSINGLEVALUE('Secondary',$,IFCLABEL('208Y/120 V'),$);
#141=IFCPROPERTYSINGLEVALUE('ImpedancePercent',$,IFCREAL(4.5),$);
#142=IFCPROPERTYSINGLEVALUE('TemperatureRise',$,IFCLABEL('150 C'),$);
#143=IFCPROPERTYSINGLEVALUE('FedFrom',$,IFCLABEL('MSB'),$);
#144=IFCPROPERTYSET('0gR995FL4s2v1sS0KCyjeg',#5,'TransformerSchedule',$,(#138,#139,#140,#141,#142,#143));
#145=IFCRELDEFINESBYPROPERTIES('3KBGfmqu3mG$mD_XlipDU6',#5,$,$,(#137),#144);
#146=IFCCARTESIANPOINTLIST3D(((-4.265,1.954,2.),(-4.455,1.954,2.),(-4.265,1.954,0.628),(-4.455,1.954,0.628),(-4.455,1.446,2.),(-4.265,1.446,2.),(-4.455,1.446,0.628),(-4.265,1.446,0.628),(-4.455,1.446,2.),(-4.455,1.954,2.),(-4.265,1.446,2.),(-4.265,1.954,2.),(-4.265,1.446,0.628),(-4.265,1.954,0.628),(-4.455,1.446,0.628),(-4.455,1.954,0.628),(-4.265,1.446,2.),(-4.265,1.954,2.),(-4.265,1.446,0.628),(-4.265,1.954,0.628),(-4.455,1.954,2.),(-4.455,1.446,2.),(-4.455,1.954,0.628),(-4.455,1.446,0.628)));
#147=IFCTRIANGULATEDFACESET(#146,$,$,((1,3,2),(3,4,2),(5,7,6),(7,8,6),(9,11,10),(11,12,10),(13,15,14),(15,16,14),(17,19,18),(19,20,18),(21,23,22),(23,24,22)),$);
#148=IFCSTYLEDITEM(#147,(#35),'dp1_enclosure');
#149=IFCCARTESIANPOINTLIST3D(((-4.26,1.939,1.985),(-4.264,1.939,1.985),(-4.26,1.939,0.643),(-4.264,1.939,0.643),(-4.264,1.461,1.985),(-4.26,1.461,1.985),(-4.264,1.461,0.643),(-4.26,1.461,0.643),(-4.264,1.461,1.985),(-4.264,1.939,1.985),(-4.26,1.461,1.985),(-4.26,1.939,1.985),(-4.26,1.461,0.643),(-4.26,1.939,0.643),(-4.264,1.461,0.643),(-4.264,1.939,0.643),(-4.26,1.461,1.985),(-4.26,1.939,1.985),(-4.26,1.461,0.643),(-4.26,1.939,0.643),(-4.264,1.939,1.985),(-4.264,1.461,1.985),(-4.264,1.939,0.643),(-4.264,1.461,0.643)));
#150=IFCTRIANGULATEDFACESET(#149,$,$,((1,3,2),(3,4,2),(5,7,6),(7,8,6),(9,11,10),(11,12,10),(13,15,14),(15,16,14),(17,19,18),(19,20,18),(21,23,22),(23,24,22)),$);
#151=IFCSTYLEDITEM(#150,(#35),'dp1_door');
#152=IFCCARTESIANPOINTLIST3D(((-4.255,1.467,1.98),(-4.259,1.467,1.98),(-4.255,1.467,0.648),(-4.259,1.467,0.648),(-4.259,1.461,1.98),(-4.255,1.461,1.98),(-4.259,1.461,0.648),(-4.255,1.461,0.648),(-4.259,1.461,1.98),(-4.259,1.467,1.98),(-4.255,1.461,1.98),(-4.255,1.467,1.98),(-4.255,1.461,0.648),(-4.255,1.467,0.648),(-4.259,1.461,0.648),(-4.259,1.467,0.648),(-4.255,1.461,1.98),(-4.255,1.467,1.98),(-4.255,1.461,0.648),(-4.255,1.467,0.648),(-4.259,1.467,1.98),(-4.259,1.461,1.98),(-4.259,1.467,0.648),(-4.259,1.461,0.648),(-4.255,1.939,1.985),(-4.259,1.939,1.985),(-4.255,1.939,1.979),(-4.259,1.939,1.979),(-4.259,1.461,1.985),(-4.255,1.461,1.985),(-4.259,1.461,1.979),(-4.255,1.461,1.979),(-4.259,1.461,1.985),(-4.259,1.939,1.985),(-4.255,1.461,1.985),(-4.255,1.939,1.985),(-4.255,1.461,1.979),(-4.255,1.939,1.979),(-4.259,1.461,1.979),(-4.259,1.939,1.979),(-4.255,1.461,1.985),(-4.255,1.939,1.985),(-4.255,1.461,1.979),(-4.255,1.939,1.979),(-4.259,1.939,1.985),(-4.259,1.461,1.985),(-4.259,1.939,1.979),(-4.259,1.461,1.979)));
#153=IFCTRIANGULATEDFACESET(#152,$,$,((1,3,2),(3,4,2),(5,7,6),(7,8,6),(9,11,10),(11,12,10),(13,15,14),(15,16,14),(17,19,18),(19,20,18),(21,23,22),(23,24,22),(25,27,26),(27,28,26),(29,31,30),(31,32,30),(33,35,34),(35,36,34),(37,39,38),(39,40,38),(41,43,42),(43,44,42),(45,47,46),(47,48,46)),$);
#154=IFCSTYLEDITEM(#153,(#51),'dp1_door_seam');
#155=IFCCARTESIANPOINTLIST3D(((-4.248,1.914,1.3515),(-4.262,1.914,1.3515),(-4.248,1.914,1.2765),(-4.262,1.914,1.2765),(-4.262,1.894,1.3515),(-4.248,1.894,1.3515),(-4.262,1.894,1.2765),(-4.248,1.894,1.2765),(-4.262,1.894,1.3515),(-4.262,1.914,1.3515),(-4.248,1.894,1.3515),(-4.248,1.914,1.3515),(-4.248,1.894,1.2765),(-4.248,1.914,1.2765),(-4.262,1.894,1.2765),(-4.262,1.914,1.2765),(-4.248,1.894,1.3515),(-4.248,1.914,1.3515),(-4.248,1.894,1.2765),(-4.248,1.914,1.2765),(-4.262,1.914,1.3515),(-4.262,1.894,1.3515),(-4.262,1.914,1.2765),(-4.262,1.894,1.2765)));
#156=IFCTRIANGULATEDFACESET(#155,$,$,((1,3,2),(3,4,2),(5,7,6),(7,8,6),(9,11,10),(11,12,10),(13,15,14),(15,16,14),(17,19,18),(19,20,18),(21,23,22),(23,24,22)),$);
#157=IFCSTYLEDITEM(#156,(#51),'dp1_latch');
#158=IFCCARTESIANPOINTLIST3D(((-4.258,1.75,1.925),(-4.26,1.75,1.925),(-4.258,1.75,1.895),(-4.26,1.75,1.895),(-4.26,1.65,1.925),(-4.258,1.65,1.925),(-4.26,1.65,1.895),(-4.258,1.65,1.895),(-4.26,1.65,1.925),(-4.26,1.75,1.925),(-4.258,1.65,1.925),(-4.258,1.75,1.925),(-4.258,1.65,1.895),(-4.258,1.75,1.895),(-4.26,1.65,1.895),(-4.26,1.75,1.895),(-4.258,1.65,1.925),(-4.258,1.75,1.925),(-4.258,1.65,1.895),(-4.258,1.75,1.895),(-4.26,1.75,1.925),(-4.26,1.65,1.925),(-4.26,1.75,1.895),(-4.26,1.65,1.895)));
#159=IFCTRIANGULATEDFACESET(#158,$,$,((1,3,2),(3,4,2),(5,7,6),(7,8,6),(9,11,10),(11,12,10),(13,15,14),(15,16,14),(17,19,18),(19,20,18),(21,23,22),(23,24,22)),$);
#160=IFCSTYLEDITEM(#159,(#58),'dp1_nameplate');
#161=IFCCARTESIANPOINTLIST3D(((-4.4555,1.5505,2.4),(-4.4965,1.5505,2.4),(-4.4555,1.5505,0.1),(-4.4965,1.5505,0.1),(-4.4965,1.5095,2.4),(-4.4555,1.5095,2.4),(-4.4965,1.5095,0.1),(-4.4555,1.5095,0.1),(-4.4965,1.5095,2.4),(-4.4965,1.5505,2.4),(-4.4555,1.5095,2.4),(-4.4555,1.5505,2.4),(-4.4555,1.5095,0.1),(-4.4555,1.5505,0.1),(-4.4965,1.5095,0.1),(-4.4965,1.5505,0.1),(-4.4555,1.5095,2.4),(-4.4555,1.5505,2.4),(-4.4555,1.5095,0.1),(-4.4555,1.5505,0.1),(-4.4965,1.5505,2.4),(-4.4965,1.5095,2.4),(-4.4965,1.5505,0.1),(-4.4965,1.5095,0.1),(-4.4555,1.8905,2.4),(-4.4965,1.8905,2.4),(-4.4555,1.8905,0.1),(-4.4965,1.8905,0.1),(-4.4965,1.8495,2.4),(-4.4555,1.8495,2.4),(-4.4965,1.8495,0.1),(-4.4555,1.8495,0.1),(-4.4965,1.8495,2.4),(-4.4965,1.8905,2.4),(-4.4555,1.8495,2.4),(-4.4555,1.8905,2.4),(-4.4555,1.8495,0.1),(-4.4555,1.8905,0.1),(-4.4965,1.8495,0.1),(-4.4965,1.8905,0.1),(-4.4555,1.8495,2.4),(-4.4555,1.8905,2.4),(-4.4555,1.8495,0.1),(-4.4555,1.8905,0.1),(-4.4965,1.8905,2.4),(-4.4965,1.8495,2.4),(-4.4965,1.8905,0.1),(-4.4965,1.8495,0.1)));
#162=IFCTRIANGULATEDFACESET(#161,$,$,((1,3,2),(3,4,2),(5,7,6),(7,8,6),(9,11,10),(11,12,10),(13,15,14),(15,16,14),(17,19,18),(19,20,18),(21,23,22),(23,24,22),(25,27,26),(27,28,26),(29,31,30),(31,32,30),(33,35,34),(35,36,34),(37,39,38),(39,40,38),(41,43,42),(43,44,42),(45,47,46),(47,48,46)),$);
#163=IFCCOLOURRGB($,0.705882,0.72549,0.709804);
#164=IFCSURFACESTYLERENDERING(#163,0.,$,$,$,$,$,$,.NOTDEFINED.);
#165=IFCSURFACESTYLE('galvanized_steel',.BOTH.,(#164));
#166=IFCPRESENTATIONSTYLEASSIGNMENT((#165));
#167=IFCSTYLEDITEM(#162,(#166),'dp1_strut_backing');
#168=IFCSHAPEREPRESENTATION(#11,'Body','Tessellation',(#147,#150,#153,#156,#159,#162));
#169=IFCPRODUCTDEFINITIONSHAPE($,$,(#168));
#170=IFCLOCALPLACEMENT(#25,#9);
#171=IFCELECTRICDISTRIBUTIONBOARD('12Lw82B3HkwX9QXlZU8HNx',#5,'DP-1 - distribution panelboard, 480Y/277 V','Distribution panelboard, surface mounted on strut backing, top-fed overhead in EMT from MSB',$,#170,#169,'DP-1',.DISTRIBUTIONBOARD.);
#172=IFCPROPERTYSINGLEVALUE('PanelName',$,IFCLABEL('DP-1'),$);
#173=IFCPROPERTYSINGLEVALUE('Voltage',$,IFCLABEL('480Y/277 V'),$);
#174=IFCPROPERTYSINGLEVALUE('Phases',$,IFCINTEGER(3),$);
#175=IFCPROPERTYSINGLEVALUE('Wires',$,IFCINTEGER(4),$);
#176=IFCPROPERTYSINGLEVALUE('BusRating',$,IFCELECTRICCURRENTMEASURE(400.),$);
#177=IFCPROPERTYSINGLEVALUE('MainsType',$,IFCLABEL('Main breaker'),$);
#178=IFCPROPERTYSINGLEVALUE('NumberOfCircuits',$,IFCCOUNTMEASURE(42),$);
#179=IFCPROPERTYSINGLEVALUE('FedFrom',$,IFCLABEL('MSB'),$);
#180=IFCPROPERTYSINGLEVALUE('Mounting',$,IFCLABEL('Surface, wall, unistrut backing'),$);
#181=IFCPROPERTYSINGLEVALUE('FeederEntry',$,IFCLABEL('Top, overhead EMT'),$);
#182=IFCPROPERTYSET('2ieJY11cdMnUkyyxPGqoZ2',#5,'PanelSchedule',$,(#172,#173,#174,#175,#176,#177,#178,#179,#180,#181));
#183=IFCRELDEFINESBYPROPERTIES('39Uz5oh96InmrdF8F1MKJr',#5,$,$,(#171),#182);
#184=IFCELECTRICDISTRIBUTIONBOARDTYPE('22WeQ8OGU772MCiNQhGJ95',#5,'Distribution panelboard - 400 A MB - 42 space',$,$,$,$,'DP-1',$,.DISTRIBUTIONBOARD.);
#185=IFCRELDEFINESBYTYPE('3j0EzqR4nI_6PTlJIxjqz6',#5,$,$,(#171),#184);
#186=IFCCARTESIANPOINTLIST3D(((-4.305,0.804,2.),(-4.455,0.804,2.),(-4.305,0.804,1.086),(-4.455,0.804,1.086),(-4.455,0.296,2.),(-4.305,0.296,2.),(-4.455,0.296,1.086),(-4.305,0.296,1.086),(-4.455,0.296,2.),(-4.455,0.804,2.),(-4.305,0.296,2.),(-4.305,0.804,2.),(-4.305,0.296,1.086),(-4.305,0.804,1.086),(-4.455,0.296,1.086),(-4.455,0.804,1.086),(-4.305,0.296,2.),(-4.305,0.804,2.),(-4.305,0.296,1.086),(-4.305,0.804,1.086),(-4.455,0.804,2.),(-4.455,0.296,2.),(-4.455,0.804,1.086),(-4.455,0.296,1.086)));
#187=IFCTRIANGULATEDFACESET(#186,$,$,((1,3,2),(3,4,2),(5,7,6),(7,8,6),(9,11,10),(11,12,10),(13,15,14),(15,16,14),(17,19,18),(19,20,18),(21,23,22),(23,24,22)),$);
#188=IFCSTYLEDITEM(#187,(#35),'lp1_enclosure');
#189=IFCCARTESIANPOINTLIST3D(((-4.3,0.789,1.985),(-4.304,0.789,1.985),(-4.3,0.789,1.101),(-4.304,0.789,1.101),(-4.304,0.311,1.985),(-4.3,0.311,1.985),(-4.304,0.311,1.101),(-4.3,0.311,1.101),(-4.304,0.311,1.985),(-4.304,0.789,1.985),(-4.3,0.311,1.985),(-4.3,0.789,1.985),(-4.3,0.311,1.101),(-4.3,0.789,1.101),(-4.304,0.311,1.101),(-4.304,0.789,1.101),(-4.3,0.311,1.985),(-4.3,0.789,1.985),(-4.3,0.311,1.101),(-4.3,0.789,1.101),(-4.304,0.789,1.985),(-4.304,0.311,1.985),(-4.304,0.789,1.101),(-4.304,0.311,1.101)));
#190=IFCTRIANGULATEDFACESET(#189,$,$,((1,3,2),(3,4,2),(5,7,6),(7,8,6),(9,11,10),(11,12,10),(13,15,14),(15,16,14),(17,19,18),(19,20,18),(21,23,22),(23,24,22)),$);
#191=IFCSTYLEDITEM(#190,(#35),'lp1_door');
#192=IFCCARTESIANPOINTLIST3D(((-4.295,0.317,1.98),(-4.299,0.317,1.98),(-4.295,0.317,1.106),(-4.299,0.317,1.106),(-4.299,0.311,1.98),(-4.295,0.311,1.98),(-4.299,0.311,1.106),(-4.295,0.311,1.106),(-4.299,0.311,1.98),(-4.299,0.317,1.98),(-4.295,0.311,1.98),(-4.295,0.317,1.98),(-4.295,0.311,1.106),(-4.295,0.317,1.106),(-4.299,0.311,1.106),(-4.299,0.317,1.106),(-4.295,0.311,1.98),(-4.295,0.317,1.98),(-4.295,0.311,1.106),(-4.295,0.317,1.106),(-4.299,0.317,1.98),(-4.299,0.311,1.98),(-4.299,0.317,1.106),(-4.299,0.311,1.106),(-4.295,0.789,1.985),(-4.299,0.789,1.985),(-4.295,0.789,1.979),(-4.299,0.789,1.979),(-4.299,0.311,1.985),(-4.295,0.311,1.985),(-4.299,0.311,1.979),(-4.295,0.311,1.979),(-4.299,0.311,1.985),(-4.299,0.789,1.985),(-4.295,0.311,1.985),(-4.295,0.789,1.985),(-4.295,0.311,1.979),(-4.295,0.789,1.979),(-4.299,0.311,1.979),(-4.299,0.789,1.979),(-4.295,0.311,1.985),(-4.295,0.789,1.985),(-4.295,0.311,1.979),(-4.295,0.789,1.979),(-4.299,0.789,1.985),(-4.299,0.311,1.985),(-4.299,0.789,1.979),(-4.299,0.311,1.979)));
#193=IFCTRIANGULATEDFACESET(#192,$,$,((1,3,2),(3,4,2),(5,7,6),(7,8,6),(9,11,10),(11,12,10),(13,15,14),(15,16,14),(17,19,18),(19,20,18),(21,23,22),(23,24,22),(25,27,26),(27,28,26),(29,31,30),(31,32,30),(33,35,34),(35,36,34),(37,39,38),(39,40,38),(41,43,42),(43,44,42),(45,47,46),(47,48,46)),$);
#194=IFCSTYLEDITEM(#193,(#51),'lp1_door_seam');
#195=IFCCARTESIANPOINTLIST3D(((-4.288,0.764,1.5805),(-4.302,0.764,1.5805),(-4.288,0.764,1.5055),(-4.302,0.764,1.5055),(-4.302,0.744,1.5805),(-4.288,0.744,1.5805),(-4.302,0.744,1.5055),(-4.288,0.744,1.5055),(-4.302,0.744,1.5805),(-4.302,0.764,1.5805),(-4.288,0.744,1.5805),(-4.288,0.764,1.5805),(-4.288,0.744,1.5055),(-4.288,0.764,1.5055),(-4.302,0.744,1.5055),(-4.302,0.764,1.5055),(-4.288,0.744,1.5805),(-4.288,0.764,1.5805),(-4.288,0.744,1.5055),(-4.288,0.764,1.5055),(-4.302,0.764,1.5805),(-4.302,0.744,1.5805),(-4.302,0.764,1.5055),(-4.302,0.744,1.5055)));
#196=IFCTRIANGULATEDFACESET(#195,$,$,((1,3,2),(3,4,2),(5,7,6),(7,8,6),(9,11,10),(11,12,10),(13,15,14),(15,16,14),(17,19,18),(19,20,18),(21,23,22),(23,24,22)),$);
#197=IFCSTYLEDITEM(#196,(#51),'lp1_latch');
#198=IFCCARTESIANPOINTLIST3D(((-4.298,0.6,1.925),(-4.3,0.6,1.925),(-4.298,0.6,1.895),(-4.3,0.6,1.895),(-4.3,0.5,1.925),(-4.298,0.5,1.925),(-4.3,0.5,1.895),(-4.298,0.5,1.895),(-4.3,0.5,1.925),(-4.3,0.6,1.925),(-4.298,0.5,1.925),(-4.298,0.6,1.925),(-4.298,0.5,1.895),(-4.298,0.6,1.895),(-4.3,0.5,1.895),(-4.3,0.6,1.895),(-4.298,0.5,1.925),(-4.298,0.6,1.925),(-4.298,0.5,1.895),(-4.298,0.6,1.895),(-4.3,0.6,1.925),(-4.3,0.5,1.925),(-4.3,0.6,1.895),(-4.3,0.5,1.895)));
#199=IFCTRIANGULATEDFACESET(#198,$,$,((1,3,2),(3,4,2),(5,7,6),(7,8,6),(9,11,10),(11,12,10),(13,15,14),(15,16,14),(17,19,18),(19,20,18),(21,23,22),(23,24,22)),$);
#200=IFCSTYLEDITEM(#199,(#58),'lp1_nameplate');
#201=IFCCARTESIANPOINTLIST3D(((-4.4555,0.4005,2.4),(-4.4965,0.4005,2.4),(-4.4555,0.4005,0.1),(-4.4965,0.4005,0.1),(-4.4965,0.3595,2.4),(-4.4555,0.3595,2.4),(-4.4965,0.3595,0.1),(-4.4555,0.3595,0.1),(-4.4965,0.3595,2.4),(-4.4965,0.4005,2.4),(-4.4555,0.3595,2.4),(-4.4555,0.4005,2.4),(-4.4555,0.3595,0.1),(-4.4555,0.4005,0.1),(-4.4965,0.3595,0.1),(-4.4965,0.4005,0.1),(-4.4555,0.3595,2.4),(-4.4555,0.4005,2.4),(-4.4555,0.3595,0.1),(-4.4555,0.4005,0.1),(-4.4965,0.4005,2.4),(-4.4965,0.3595,2.4),(-4.4965,0.4005,0.1),(-4.4965,0.3595,0.1),(-4.4555,0.7405,2.4),(-4.4965,0.7405,2.4),(-4.4555,0.7405,0.1),(-4.4965,0.7405,0.1),(-4.4965,0.6995,2.4),(-4.4555,0.6995,2.4),(-4.4965,0.6995,0.1),(-4.4555,0.6995,0.1),(-4.4965,0.6995,2.4),(-4.4965,0.7405,2.4),(-4.4555,0.6995,2.4),(-4.4555,0.7405,2.4),(-4.4555,0.6995,0.1),(-4.4555,0.7405,0.1),(-4.4965,0.6995,0.1),(-4.4965,0.7405,0.1),(-4.4555,0.6995,2.4),(-4.4555,0.7405,2.4),(-4.4555,0.6995,0.1),(-4.4555,0.7405,0.1),(-4.4965,0.7405,2.4),(-4.4965,0.6995,2.4),(-4.4965,0.7405,0.1),(-4.4965,0.6995,0.1)));
#202=IFCTRIANGULATEDFACESET(#201,$,$,((1,3,2),(3,4,2),(5,7,6),(7,8,6),(9,11,10),(11,12,10),(13,15,14),(15,16,14),(17,19,18),(19,20,18),(21,23,22),(23,24,22),(25,27,26),(27,28,26),(29,31,30),(31,32,30),(33,35,34),(35,36,34),(37,39,38),(39,40,38),(41,43,42),(43,44,42),(45,47,46),(47,48,46)),$);
#203=IFCSTYLEDITEM(#202,(#166),'lp1_strut_backing');
#204=IFCSHAPEREPRESENTATION(#11,'Body','Tessellation',(#187,#190,#193,#196,#199,#202));
#205=IFCPRODUCTDEFINITIONSHAPE($,$,(#204));
#206=IFCLOCALPLACEMENT(#25,#9);
#207=IFCELECTRICDISTRIBUTIONBOARD('3cvbIseUQMptWCGOHaipRe',#5,'LP-1 - lighting panelboard, 480Y/277 V','Lighting panelboard, surface mounted on strut backing, top-fed overhead in EMT from MSB',$,#206,#205,'LP-1',.DISTRIBUTIONBOARD.);
#208=IFCPROPERTYSINGLEVALUE('PanelName',$,IFCLABEL('LP-1'),$);
#209=IFCPROPERTYSINGLEVALUE('Voltage',$,IFCLABEL('480Y/277 V'),$);
#210=IFCPROPERTYSINGLEVALUE('Phases',$,IFCINTEGER(3),$);
#211=IFCPROPERTYSINGLEVALUE('Wires',$,IFCINTEGER(4),$);
#212=IFCPROPERTYSINGLEVALUE('BusRating',$,IFCELECTRICCURRENTMEASURE(100.),$);
#213=IFCPROPERTYSINGLEVALUE('MainsType',$,IFCLABEL('Main lugs only'),$);
#214=IFCPROPERTYSINGLEVALUE('NumberOfCircuits',$,IFCCOUNTMEASURE(30),$);
#215=IFCPROPERTYSINGLEVALUE('FedFrom',$,IFCLABEL('MSB'),$);
#216=IFCPROPERTYSINGLEVALUE('Mounting',$,IFCLABEL('Surface, wall, unistrut backing'),$);
#217=IFCPROPERTYSINGLEVALUE('FeederEntry',$,IFCLABEL('Top, overhead EMT'),$);
#218=IFCPROPERTYSET('1raIzvwIyNinH_8BmyUexd',#5,'PanelSchedule',$,(#208,#209,#210,#211,#212,#213,#214,#215,#216,#217));
#219=IFCRELDEFINESBYPROPERTIES('3zxpLaMrJbWkAWGQsIyCQ0',#5,$,$,(#207),#218);
#220=IFCELECTRICDISTRIBUTIONBOARDTYPE('3jfeDXjJcOnt$Da2q06Lbr',#5,'Lighting panelboard - 100 A MLO - 30 space',$,$,$,$,'LP-1',$,.DISTRIBUTIONBOARD.);
#221=IFCRELDEFINESBYTYPE('3sR87kWmQ1uFqIpaDrn9Cy',#5,$,$,(#207),#220);
#222=IFCCARTESIANPOINTLIST3D(((-4.305,-0.296,2.),(-4.455,-0.296,2.),(-4.305,-0.296,1.086),(-4.455,-0.296,1.086),(-4.455,-0.804,2.),(-4.305,-0.804,2.),(-4.455,-0.804,1.086),(-4.305,-0.804,1.086),(-4.455,-0.804,2.),(-4.455,-0.296,2.),(-4.305,-0.804,2.),(-4.305,-0.296,2.),(-4.305,-0.804,1.086),(-4.305,-0.296,1.086),(-4.455,-0.804,1.086),(-4.455,-0.296,1.086),(-4.305,-0.804,2.),(-4.305,-0.296,2.),(-4.305,-0.804,1.086),(-4.305,-0.296,1.086),(-4.455,-0.296,2.),(-4.455,-0.804,2.),(-4.455,-0.296,1.086),(-4.455,-0.804,1.086)));
#223=IFCTRIANGULATEDFACESET(#222,$,$,((1,3,2),(3,4,2),(5,7,6),(7,8,6),(9,11,10),(11,12,10),(13,15,14),(15,16,14),(17,19,18),(19,20,18),(21,23,22),(23,24,22)),$);
#224=IFCSTYLEDITEM(#223,(#35),'lp2_enclosure');
#225=IFCCARTESIANPOINTLIST3D(((-4.3,-0.311,1.985),(-4.304,-0.311,1.985),(-4.3,-0.311,1.101),(-4.304,-0.311,1.101),(-4.304,-0.789,1.985),(-4.3,-0.789,1.985),(-4.304,-0.789,1.101),(-4.3,-0.789,1.101),(-4.304,-0.789,1.985),(-4.304,-0.311,1.985),(-4.3,-0.789,1.985),(-4.3,-0.311,1.985),(-4.3,-0.789,1.101),(-4.3,-0.311,1.101),(-4.304,-0.789,1.101),(-4.304,-0.311,1.101),(-4.3,-0.789,1.985),(-4.3,-0.311,1.985),(-4.3,-0.789,1.101),(-4.3,-0.311,1.101),(-4.304,-0.311,1.985),(-4.304,-0.789,1.985),(-4.304,-0.311,1.101),(-4.304,-0.789,1.101)));
#226=IFCTRIANGULATEDFACESET(#225,$,$,((1,3,2),(3,4,2),(5,7,6),(7,8,6),(9,11,10),(11,12,10),(13,15,14),(15,16,14),(17,19,18),(19,20,18),(21,23,22),(23,24,22)),$);
#227=IFCSTYLEDITEM(#226,(#35),'lp2_door');
#228=IFCCARTESIANPOINTLIST3D(((-4.295,-0.783,1.98),(-4.299,-0.783,1.98),(-4.295,-0.783,1.106),(-4.299,-0.783,1.106),(-4.299,-0.789,1.98),(-4.295,-0.789,1.98),(-4.299,-0.789,1.106),(-4.295,-0.789,1.106),(-4.299,-0.789,1.98),(-4.299,-0.783,1.98),(-4.295,-0.789,1.98),(-4.295,-0.783,1.98),(-4.295,-0.789,1.106),(-4.295,-0.783,1.106),(-4.299,-0.789,1.106),(-4.299,-0.783,1.106),(-4.295,-0.789,1.98),(-4.295,-0.783,1.98),(-4.295,-0.789,1.106),(-4.295,-0.783,1.106),(-4.299,-0.783,1.98),(-4.299,-0.789,1.98),(-4.299,-0.783,1.106),(-4.299,-0.789,1.106),(-4.295,-0.311,1.985),(-4.299,-0.311,1.985),(-4.295,-0.311,1.979),(-4.299,-0.311,1.979),(-4.299,-0.789,1.985),(-4.295,-0.789,1.985),(-4.299,-0.789,1.979),(-4.295,-0.789,1.979),(-4.299,-0.789,1.985),(-4.299,-0.311,1.985),(-4.295,-0.789,1.985),(-4.295,-0.311,1.985),(-4.295,-0.789,1.979),(-4.295,-0.311,1.979),(-4.299,-0.789,1.979),(-4.299,-0.311,1.979),(-4.295,-0.789,1.985),(-4.295,-0.311,1.985),(-4.295,-0.789,1.979),(-4.295,-0.311,1.979),(-4.299,-0.311,1.985),(-4.299,-0.789,1.985),(-4.299,-0.311,1.979),(-4.299,-0.789,1.979)));
#229=IFCTRIANGULATEDFACESET(#228,$,$,((1,3,2),(3,4,2),(5,7,6),(7,8,6),(9,11,10),(11,12,10),(13,15,14),(15,16,14),(17,19,18),(19,20,18),(21,23,22),(23,24,22),(25,27,26),(27,28,26),(29,31,30),(31,32,30),(33,35,34),(35,36,34),(37,39,38),(39,40,38),(41,43,42),(43,44,42),(45,47,46),(47,48,46)),$);
#230=IFCSTYLEDITEM(#229,(#51),'lp2_door_seam');
#231=IFCCARTESIANPOINTLIST3D(((-4.288,-0.336,1.5805),(-4.302,-0.336,1.5805),(-4.288,-0.336,1.5055),(-4.302,-0.336,1.5055),(-4.302,-0.356,1.5805),(-4.288,-0.356,1.5805),(-4.302,-0.356,1.5055),(-4.288,-0.356,1.5055),(-4.302,-0.356,1.5805),(-4.302,-0.336,1.5805),(-4.288,-0.356,1.5805),(-4.288,-0.336,1.5805),(-4.288,-0.356,1.5055),(-4.288,-0.336,1.5055),(-4.302,-0.356,1.5055),(-4.302,-0.336,1.5055),(-4.288,-0.356,1.5805),(-4.288,-0.336,1.5805),(-4.288,-0.356,1.5055),(-4.288,-0.336,1.5055),(-4.302,-0.336,1.5805),(-4.302,-0.356,1.5805),(-4.302,-0.336,1.5055),(-4.302,-0.356,1.5055)));
#232=IFCTRIANGULATEDFACESET(#231,$,$,((1,3,2),(3,4,2),(5,7,6),(7,8,6),(9,11,10),(11,12,10),(13,15,14),(15,16,14),(17,19,18),(19,20,18),(21,23,22),(23,24,22)),$);
#233=IFCSTYLEDITEM(#232,(#51),'lp2_latch');
#234=IFCCARTESIANPOINTLIST3D(((-4.298,-0.5,1.925),(-4.3,-0.5,1.925),(-4.298,-0.5,1.895),(-4.3,-0.5,1.895),(-4.3,-0.6,1.925),(-4.298,-0.6,1.925),(-4.3,-0.6,1.895),(-4.298,-0.6,1.895),(-4.3,-0.6,1.925),(-4.3,-0.5,1.925),(-4.298,-0.6,1.925),(-4.298,-0.5,1.925),(-4.298,-0.6,1.895),(-4.298,-0.5,1.895),(-4.3,-0.6,1.895),(-4.3,-0.5,1.895),(-4.298,-0.6,1.925),(-4.298,-0.5,1.925),(-4.298,-0.6,1.895),(-4.298,-0.5,1.895),(-4.3,-0.5,1.925),(-4.3,-0.6,1.925),(-4.3,-0.5,1.895),(-4.3,-0.6,1.895)));
#235=IFCTRIANGULATEDFACESET(#234,$,$,((1,3,2),(3,4,2),(5,7,6),(7,8,6),(9,11,10),(11,12,10),(13,15,14),(15,16,14),(17,19,18),(19,20,18),(21,23,22),(23,24,22)),$);
#236=IFCSTYLEDITEM(#235,(#58),'lp2_nameplate');
#237=IFCCARTESIANPOINTLIST3D(((-4.4555,-0.6995,2.4),(-4.4965,-0.6995,2.4),(-4.4555,-0.6995,0.1),(-4.4965,-0.6995,0.1),(-4.4965,-0.7405,2.4),(-4.4555,-0.7405,2.4),(-4.4965,-0.7405,0.1),(-4.4555,-0.7405,0.1),(-4.4965,-0.7405,2.4),(-4.4965,-0.6995,2.4),(-4.4555,-0.7405,2.4),(-4.4555,-0.6995,2.4),(-4.4555,-0.7405,0.1),(-4.4555,-0.6995,0.1),(-4.4965,-0.7405,0.1),(-4.4965,-0.6995,0.1),(-4.4555,-0.7405,2.4),(-4.4555,-0.6995,2.4),(-4.4555,-0.7405,0.1),(-4.4555,-0.6995,0.1),(-4.4965,-0.6995,2.4),(-4.4965,-0.7405,2.4),(-4.4965,-0.6995,0.1),(-4.4965,-0.7405,0.1),(-4.4555,-0.3595,2.4),(-4.4965,-0.3595,2.4),(-4.4555,-0.3595,0.1),(-4.4965,-0.3595,0.1),(-4.4965,-0.4005,2.4),(-4.4555,-0.4005,2.4),(-4.4965,-0.4005,0.1),(-4.4555,-0.4005,0.1),(-4.4965,-0.4005,2.4),(-4.4965,-0.3595,2.4),(-4.4555,-0.4005,2.4),(-4.4555,-0.3595,2.4),(-4.4555,-0.4005,0.1),(-4.4555,-0.3595,0.1),(-4.4965,-0.4005,0.1),(-4.4965,-0.3595,0.1),(-4.4555,-0.4005,2.4),(-4.4555,-0.3595,2.4),(-4.4555,-0.4005,0.1),(-4.4555,-0.3595,0.1),(-4.4965,-0.3595,2.4),(-4.4965,-0.4005,2.4),(-4.4965,-0.3595,0.1),(-4.4965,-0.4005,0.1)));
#238=IFCTRIANGULATEDFACESET(#237,$,$,((1,3,2),(3,4,2),(5,7,6),(7,8,6),(9,11,10),(11,12,10),(13,15,14),(15,16,14),(17,19,18),(19,20,18),(21,23,22),(23,24,22),(25,27,26),(27,28,26),(29,31,30),(31,32,30),(33,35,34),(35,36,34),(37,39,38),(39,40,38),(41,43,42),(43,44,42),(45,47,46),(47,48,46)),$);
#239=IFCSTYLEDITEM(#238,(#166),'lp2_strut_backing');
#240=IFCSHAPEREPRESENTATION(#11,'Body','Tessellation',(#223,#226,#229,#232,#235,#238));
#241=IFCPRODUCTDEFINITIONSHAPE($,$,(#240));
#242=IFCLOCALPLACEMENT(#25,#9);
#243=IFCELECTRICDISTRIBUTIONBOARD('3Io6$65PnwvJPcXScTKuoR',#5,'LP-2 - lighting panelboard, 480Y/277 V','Lighting panelboard, surface mounted on strut backing, top-fed overhead in EMT from MSB',$,#242,#241,'LP-2',.DISTRIBUTIONBOARD.);
#244=IFCPROPERTYSINGLEVALUE('PanelName',$,IFCLABEL('LP-2'),$);
#245=IFCPROPERTYSINGLEVALUE('Voltage',$,IFCLABEL('480Y/277 V'),$);
#246=IFCPROPERTYSINGLEVALUE('Phases',$,IFCINTEGER(3),$);
#247=IFCPROPERTYSINGLEVALUE('Wires',$,IFCINTEGER(4),$);
#248=IFCPROPERTYSINGLEVALUE('BusRating',$,IFCELECTRICCURRENTMEASURE(100.),$);
#249=IFCPROPERTYSINGLEVALUE('MainsType',$,IFCLABEL('Main lugs only'),$);
#250=IFCPROPERTYSINGLEVALUE('NumberOfCircuits',$,IFCCOUNTMEASURE(30),$);
#251=IFCPROPERTYSINGLEVALUE('FedFrom',$,IFCLABEL('MSB'),$);
#252=IFCPROPERTYSINGLEVALUE('Mounting',$,IFCLABEL('Surface, wall, unistrut backing'),$);
#253=IFCPROPERTYSINGLEVALUE('FeederEntry',$,IFCLABEL('Top, overhead EMT'),$);
#254=IFCPROPERTYSET('2upsCqVsd7WwOYniRotKS9',#5,'PanelSchedule',$,(#244,#245,#246,#247,#248,#249,#250,#251,#252,#253));
#255=IFCRELDEFINESBYPROPERTIES('2yPeom0cLA6TErkr35Mdsy',#5,$,$,(#243),#254);
#256=IFCELECTRICDISTRIBUTIONBOARDTYPE('12NFXBwt0cb93SURFR8n26',#5,'Lighting panelboard - 100 A MLO - 30 space',$,$,$,$,'LP-2',$,.DISTRIBUTIONBOARD.);
#257=IFCRELDEFINESBYTYPE('00Wa_pyvmMdhrGukbLgWVf',#5,$,$,(#243),#256);
#258=IFCCARTESIANPOINTLIST3D(((4.265,1.446,2.),(4.455,1.446,2.),(4.265,1.446,0.628),(4.455,1.446,0.628),(4.455,1.954,2.),(4.265,1.954,2.),(4.455,1.954,0.628),(4.265,1.954,0.628),(4.455,1.954,2.),(4.455,1.446,2.),(4.265,1.954,2.),(4.265,1.446,2.),(4.265,1.954,0.628),(4.265,1.446,0.628),(4.455,1.954,0.628),(4.455,1.446,0.628),(4.265,1.954,2.),(4.265,1.446,2.),(4.265,1.954,0.628),(4.265,1.446,0.628),(4.455,1.446,2.),(4.455,1.954,2.),(4.455,1.446,0.628),(4.455,1.954,0.628)));
#259=IFCTRIANGULATEDFACESET(#258,$,$,((1,3,2),(3,4,2),(5,7,6),(7,8,6),(9,11,10),(11,12,10),(13,15,14),(15,16,14),(17,19,18),(19,20,18),(21,23,22),(23,24,22)),$);
#260=IFCSTYLEDITEM(#259,(#35),'dp2_enclosure');
#261=IFCCARTESIANPOINTLIST3D(((4.26,1.461,1.985),(4.264,1.461,1.985),(4.26,1.461,0.643),(4.264,1.461,0.643),(4.264,1.939,1.985),(4.26,1.939,1.985),(4.264,1.939,0.643),(4.26,1.939,0.643),(4.264,1.939,1.985),(4.264,1.461,1.985),(4.26,1.939,1.985),(4.26,1.461,1.985),(4.26,1.939,0.643),(4.26,1.461,0.643),(4.264,1.939,0.643),(4.264,1.461,0.643),(4.26,1.939,1.985),(4.26,1.461,1.985),(4.26,1.939,0.643),(4.26,1.461,0.643),(4.264,1.461,1.985),(4.264,1.939,1.985),(4.264,1.461,0.643),(4.264,1.939,0.643)));
#262=IFCTRIANGULATEDFACESET(#261,$,$,((1,3,2),(3,4,2),(5,7,6),(7,8,6),(9,11,10),(11,12,10),(13,15,14),(15,16,14),(17,19,18),(19,20,18),(21,23,22),(23,24,22)),$);
#263=IFCSTYLEDITEM(#262,(#35),'dp2_door');
#264=IFCCARTESIANPOINTLIST3D(((4.255,1.933,1.98),(4.259,1.933,1.98),(4.255,1.933,0.648),(4.259,1.933,0.648),(4.259,1.939,1.98),(4.255,1.939,1.98),(4.259,1.939,0.648),(4.255,1.939,0.648),(4.259,1.939,1.98),(4.259,1.933,1.98),(4.255,1.939,1.98),(4.255,1.933,1.98),(4.255,1.939,0.648),(4.255,1.933,0.648),(4.259,1.939,0.648),(4.259,1.933,0.648),(4.255,1.939,1.98),(4.255,1.933,1.98),(4.255,1.939,0.648),(4.255,1.933,0.648),(4.259,1.933,1.98),(4.259,1.939,1.98),(4.259,1.933,0.648),(4.259,1.939,0.648),(4.255,1.461,1.985),(4.259,1.461,1.985),(4.255,1.461,1.979),(4.259,1.461,1.979),(4.259,1.939,1.985),(4.255,1.939,1.985),(4.259,1.939,1.979),(4.255,1.939,1.979),(4.259,1.939,1.985),(4.259,1.461,1.985),(4.255,1.939,1.985),(4.255,1.461,1.985),(4.255,1.939,1.979),(4.255,1.461,1.979),(4.259,1.939,1.979),(4.259,1.461,1.979),(4.255,1.939,1.985),(4.255,1.461,1.985),(4.255,1.939,1.979),(4.255,1.461,1.979),(4.259,1.461,1.985),(4.259,1.939,1.985),(4.259,1.461,1.979),(4.259,1.939,1.979)));
#265=IFCTRIANGULATEDFACESET(#264,$,$,((1,3,2),(3,4,2),(5,7,6),(7,8,6),(9,11,10),(11,12,10),(13,15,14),(15,16,14),(17,19,18),(19,20,18),(21,23,22),(23,24,22),(25,27,26),(27,28,26),(29,31,30),(31,32,30),(33,35,34),(35,36,34),(37,39,38),(39,40,38),(41,43,42),(43,44,42),(45,47,46),(47,48,46)),$);
#266=IFCSTYLEDITEM(#265,(#51),'dp2_door_seam');
#267=IFCCARTESIANPOINTLIST3D(((4.248,1.486,1.3515),(4.262,1.486,1.3515),(4.248,1.486,1.2765),(4.262,1.486,1.2765),(4.262,1.506,1.3515),(4.248,1.506,1.3515),(4.262,1.506,1.2765),(4.248,1.506,1.2765),(4.262,1.506,1.3515),(4.262,1.486,1.3515),(4.248,1.506,1.3515),(4.248,1.486,1.3515),(4.248,1.506,1.2765),(4.248,1.486,1.2765),(4.262,1.506,1.2765),(4.262,1.486,1.2765),(4.248,1.506,1.3515),(4.248,1.486,1.3515),(4.248,1.506,1.2765),(4.248,1.486,1.2765),(4.262,1.486,1.3515),(4.262,1.506,1.3515),(4.262,1.486,1.2765),(4.262,1.506,1.2765)));
#268=IFCTRIANGULATEDFACESET(#267,$,$,((1,3,2),(3,4,2),(5,7,6),(7,8,6),(9,11,10),(11,12,10),(13,15,14),(15,16,14),(17,19,18),(19,20,18),(21,23,22),(23,24,22)),$);
#269=IFCSTYLEDITEM(#268,(#51),'dp2_latch');
#270=IFCCARTESIANPOINTLIST3D(((4.258,1.65,1.925),(4.26,1.65,1.925),(4.258,1.65,1.895),(4.26,1.65,1.895),(4.26,1.75,1.925),(4.258,1.75,1.925),(4.26,1.75,1.895),(4.258,1.75,1.895),(4.26,1.75,1.925),(4.26,1.65,1.925),(4.258,1.75,1.925),(4.258,1.65,1.925),(4.258,1.75,1.895),(4.258,1.65,1.895),(4.26,1.75,1.895),(4.26,1.65,1.895),(4.258,1.75,1.925),(4.258,1.65,1.925),(4.258,1.75,1.895),(4.258,1.65,1.895),(4.26,1.65,1.925),(4.26,1.75,1.925),(4.26,1.65,1.895),(4.26,1.75,1.895)));
#271=IFCTRIANGULATEDFACESET(#270,$,$,((1,3,2),(3,4,2),(5,7,6),(7,8,6),(9,11,10),(11,12,10),(13,15,14),(15,16,14),(17,19,18),(19,20,18),(21,23,22),(23,24,22)),$);
#272=IFCSTYLEDITEM(#271,(#58),'dp2_nameplate');
#273=IFCCARTESIANPOINTLIST3D(((4.4555,1.8495,2.4),(4.4965,1.8495,2.4),(4.4555,1.8495,0.1),(4.4965,1.8495,0.1),(4.4965,1.8905,2.4),(4.4555,1.8905,2.4),(4.4965,1.8905,0.1),(4.4555,1.8905,0.1),(4.4965,1.8905,2.4),(4.4965,1.8495,2.4),(4.4555,1.8905,2.4),(4.4555,1.8495,2.4),(4.4555,1.8905,0.1),(4.4555,1.8495,0.1),(4.4965,1.8905,0.1),(4.4965,1.8495,0.1),(4.4555,1.8905,2.4),(4.4555,1.8495,2.4),(4.4555,1.8905,0.1),(4.4555,1.8495,0.1),(4.4965,1.8495,2.4),(4.4965,1.8905,2.4),(4.4965,1.8495,0.1),(4.4965,1.8905,0.1),(4.4555,1.5095,2.4),(4.4965,1.5095,2.4),(4.4555,1.5095,0.1),(4.4965,1.5095,0.1),(4.4965,1.5505,2.4),(4.4555,1.5505,2.4),(4.4965,1.5505,0.1),(4.4555,1.5505,0.1),(4.4965,1.5505,2.4),(4.4965,1.5095,2.4),(4.4555,1.5505,2.4),(4.4555,1.5095,2.4),(4.4555,1.5505,0.1),(4.4555,1.5095,0.1),(4.4965,1.5505,0.1),(4.4965,1.5095,0.1),(4.4555,1.5505,2.4),(4.4555,1.5095,2.4),(4.4555,1.5505,0.1),(4.4555,1.5095,0.1),(4.4965,1.5095,2.4),(4.4965,1.5505,2.4),(4.4965,1.5095,0.1),(4.4965,1.5505,0.1)));
#274=IFCTRIANGULATEDFACESET(#273,$,$,((1,3,2),(3,4,2),(5,7,6),(7,8,6),(9,11,10),(11,12,10),(13,15,14),(15,16,14),(17,19,18),(19,20,18),(21,23,22),(23,24,22),(25,27,26),(27,28,26),(29,31,30),(31,32,30),(33,35,34),(35,36,34),(37,39,38),(39,40,38),(41,43,42),(43,44,42),(45,47,46),(47,48,46)),$);
#275=IFCSTYLEDITEM(#274,(#166),'dp2_strut_backing');
#276=IFCSHAPEREPRESENTATION(#11,'Body','Tessellation',(#259,#262,#265,#268,#271,#274));
#277=IFCPRODUCTDEFINITIONSHAPE($,$,(#276));
#278=IFCLOCALPLACEMENT(#25,#9);
#279=IFCELECTRICDISTRIBUTIONBOARD('0uJ7tuf3YnyASV$82QdIh3',#5,'DP-2 - distribution panelboard, 480Y/277 V','Distribution panelboard, surface mounted on strut backing, top-fed overhead in EMT from MSB',$,#278,#277,'DP-2',.DISTRIBUTIONBOARD.);
#280=IFCPROPERTYSINGLEVALUE('PanelName',$,IFCLABEL('DP-2'),$);
#281=IFCPROPERTYSINGLEVALUE('Voltage',$,IFCLABEL('480Y/277 V'),$);
#282=IFCPROPERTYSINGLEVALUE('Phases',$,IFCINTEGER(3),$);
#283=IFCPROPERTYSINGLEVALUE('Wires',$,IFCINTEGER(4),$);
#284=IFCPROPERTYSINGLEVALUE('BusRating',$,IFCELECTRICCURRENTMEASURE(400.),$);
#285=IFCPROPERTYSINGLEVALUE('MainsType',$,IFCLABEL('Main breaker'),$);
#286=IFCPROPERTYSINGLEVALUE('NumberOfCircuits',$,IFCCOUNTMEASURE(42),$);
#287=IFCPROPERTYSINGLEVALUE('FedFrom',$,IFCLABEL('MSB'),$);
#288=IFCPROPERTYSINGLEVALUE('Mounting',$,IFCLABEL('Surface, wall, unistrut backing'),$);
#289=IFCPROPERTYSINGLEVALUE('FeederEntry',$,IFCLABEL('Top, overhead EMT'),$);
#290=IFCPROPERTYSET('2WbAhYyShbWLuEfMIH$QiV',#5,'PanelSchedule',$,(#280,#281,#282,#283,#284,#285,#286,#287,#288,#289));
#291=IFCRELDEFINESBYPROPERTIES('20JhXRBtYndN$jenNQkZxS',#5,$,$,(#279),#290);
#292=IFCELECTRICDISTRIBUTIONBOARDTYPE('0AEleDRdP9XE5MC$VMQpI2',#5,'Distribution panelboard - 400 A MB - 42 space',$,$,$,$,'DP-2',$,.DISTRIBUTIONBOARD.);
#293=IFCRELDEFINESBYTYPE('2R06r22A82SnW3MxoKCsNP',#5,$,$,(#279),#292);
#294=IFCCARTESIANPOINTLIST3D(((4.305,0.296,2.),(4.455,0.296,2.),(4.305,0.296,1.086),(4.455,0.296,1.086),(4.455,0.804,2.),(4.305,0.804,2.),(4.455,0.804,1.086),(4.305,0.804,1.086),(4.455,0.804,2.),(4.455,0.296,2.),(4.305,0.804,2.),(4.305,0.296,2.),(4.305,0.804,1.086),(4.305,0.296,1.086),(4.455,0.804,1.086),(4.455,0.296,1.086),(4.305,0.804,2.),(4.305,0.296,2.),(4.305,0.804,1.086),(4.305,0.296,1.086),(4.455,0.296,2.),(4.455,0.804,2.),(4.455,0.296,1.086),(4.455,0.804,1.086)));
#295=IFCTRIANGULATEDFACESET(#294,$,$,((1,3,2),(3,4,2),(5,7,6),(7,8,6),(9,11,10),(11,12,10),(13,15,14),(15,16,14),(17,19,18),(19,20,18),(21,23,22),(23,24,22)),$);
#296=IFCSTYLEDITEM(#295,(#35),'lp3_enclosure');
#297=IFCCARTESIANPOINTLIST3D(((4.3,0.311,1.985),(4.304,0.311,1.985),(4.3,0.311,1.101),(4.304,0.311,1.101),(4.304,0.789,1.985),(4.3,0.789,1.985),(4.304,0.789,1.101),(4.3,0.789,1.101),(4.304,0.789,1.985),(4.304,0.311,1.985),(4.3,0.789,1.985),(4.3,0.311,1.985),(4.3,0.789,1.101),(4.3,0.311,1.101),(4.304,0.789,1.101),(4.304,0.311,1.101),(4.3,0.789,1.985),(4.3,0.311,1.985),(4.3,0.789,1.101),(4.3,0.311,1.101),(4.304,0.311,1.985),(4.304,0.789,1.985),(4.304,0.311,1.101),(4.304,0.789,1.101)));
#298=IFCTRIANGULATEDFACESET(#297,$,$,((1,3,2),(3,4,2),(5,7,6),(7,8,6),(9,11,10),(11,12,10),(13,15,14),(15,16,14),(17,19,18),(19,20,18),(21,23,22),(23,24,22)),$);
#299=IFCSTYLEDITEM(#298,(#35),'lp3_door');
#300=IFCCARTESIANPOINTLIST3D(((4.295,0.783,1.98),(4.299,0.783,1.98),(4.295,0.783,1.106),(4.299,0.783,1.106),(4.299,0.789,1.98),(4.295,0.789,1.98),(4.299,0.789,1.106),(4.295,0.789,1.106),(4.299,0.789,1.98),(4.299,0.783,1.98),(4.295,0.789,1.98),(4.295,0.783,1.98),(4.295,0.789,1.106),(4.295,0.783,1.106),(4.299,0.789,1.106),(4.299,0.783,1.106),(4.295,0.789,1.98),(4.295,0.783,1.98),(4.295,0.789,1.106),(4.295,0.783,1.106),(4.299,0.783,1.98),(4.299,0.789,1.98),(4.299,0.783,1.106),(4.299,0.789,1.106),(4.295,0.311,1.985),(4.299,0.311,1.985),(4.295,0.311,1.979),(4.299,0.311,1.979),(4.299,0.789,1.985),(4.295,0.789,1.985),(4.299,0.789,1.979),(4.295,0.789,1.979),(4.299,0.789,1.985),(4.299,0.311,1.985),(4.295,0.789,1.985),(4.295,0.311,1.985),(4.295,0.789,1.979),(4.295,0.311,1.979),(4.299,0.789,1.979),(4.299,0.311,1.979),(4.295,0.789,1.985),(4.295,0.311,1.985),(4.295,0.789,1.979),(4.295,0.311,1.979),(4.299,0.311,1.985),(4.299,0.789,1.985),(4.299,0.311,1.979),(4.299,0.789,1.979)));
#301=IFCTRIANGULATEDFACESET(#300,$,$,((1,3,2),(3,4,2),(5,7,6),(7,8,6),(9,11,10),(11,12,10),(13,15,14),(15,16,14),(17,19,18),(19,20,18),(21,23,22),(23,24,22),(25,27,26),(27,28,26),(29,31,30),(31,32,30),(33,35,34),(35,36,34),(37,39,38),(39,40,38),(41,43,42),(43,44,42),(45,47,46),(47,48,46)),$);
#302=IFCSTYLEDITEM(#301,(#51),'lp3_door_seam');
#303=IFCCARTESIANPOINTLIST3D(((4.288,0.336,1.5805),(4.302,0.336,1.5805),(4.288,0.336,1.5055),(4.302,0.336,1.5055),(4.302,0.356,1.5805),(4.288,0.356,1.5805),(4.302,0.356,1.5055),(4.288,0.356,1.5055),(4.302,0.356,1.5805),(4.302,0.336,1.5805),(4.288,0.356,1.5805),(4.288,0.336,1.5805),(4.288,0.356,1.5055),(4.288,0.336,1.5055),(4.302,0.356,1.5055),(4.302,0.336,1.5055),(4.288,0.356,1.5805),(4.288,0.336,1.5805),(4.288,0.356,1.5055),(4.288,0.336,1.5055),(4.302,0.336,1.5805),(4.302,0.356,1.5805),(4.302,0.336,1.5055),(4.302,0.356,1.5055)));
#304=IFCTRIANGULATEDFACESET(#303,$,$,((1,3,2),(3,4,2),(5,7,6),(7,8,6),(9,11,10),(11,12,10),(13,15,14),(15,16,14),(17,19,18),(19,20,18),(21,23,22),(23,24,22)),$);
#305=IFCSTYLEDITEM(#304,(#51),'lp3_latch');
#306=IFCCARTESIANPOINTLIST3D(((4.298,0.5,1.925),(4.3,0.5,1.925),(4.298,0.5,1.895),(4.3,0.5,1.895),(4.3,0.6,1.925),(4.298,0.6,1.925),(4.3,0.6,1.895),(4.298,0.6,1.895),(4.3,0.6,1.925),(4.3,0.5,1.925),(4.298,0.6,1.925),(4.298,0.5,1.925),(4.298,0.6,1.895),(4.298,0.5,1.895),(4.3,0.6,1.895),(4.3,0.5,1.895),(4.298,0.6,1.925),(4.298,0.5,1.925),(4.298,0.6,1.895),(4.298,0.5,1.895),(4.3,0.5,1.925),(4.3,0.6,1.925),(4.3,0.5,1.895),(4.3,0.6,1.895)));
#307=IFCTRIANGULATEDFACESET(#306,$,$,((1,3,2),(3,4,2),(5,7,6),(7,8,6),(9,11,10),(11,12,10),(13,15,14),(15,16,14),(17,19,18),(19,20,18),(21,23,22),(23,24,22)),$);
#308=IFCSTYLEDITEM(#307,(#58),'lp3_nameplate');
#309=IFCCARTESIANPOINTLIST3D(((4.4555,0.6995,2.4),(4.4965,0.6995,2.4),(4.4555,0.6995,0.1),(4.4965,0.6995,0.1),(4.4965,0.7405,2.4),(4.4555,0.7405,2.4),(4.4965,0.7405,0.1),(4.4555,0.7405,0.1),(4.4965,0.7405,2.4),(4.4965,0.6995,2.4),(4.4555,0.7405,2.4),(4.4555,0.6995,2.4),(4.4555,0.7405,0.1),(4.4555,0.6995,0.1),(4.4965,0.7405,0.1),(4.4965,0.6995,0.1),(4.4555,0.7405,2.4),(4.4555,0.6995,2.4),(4.4555,0.7405,0.1),(4.4555,0.6995,0.1),(4.4965,0.6995,2.4),(4.4965,0.7405,2.4),(4.4965,0.6995,0.1),(4.4965,0.7405,0.1),(4.4555,0.3595,2.4),(4.4965,0.3595,2.4),(4.4555,0.3595,0.1),(4.4965,0.3595,0.1),(4.4965,0.4005,2.4),(4.4555,0.4005,2.4),(4.4965,0.4005,0.1),(4.4555,0.4005,0.1),(4.4965,0.4005,2.4),(4.4965,0.3595,2.4),(4.4555,0.4005,2.4),(4.4555,0.3595,2.4),(4.4555,0.4005,0.1),(4.4555,0.3595,0.1),(4.4965,0.4005,0.1),(4.4965,0.3595,0.1),(4.4555,0.4005,2.4),(4.4555,0.3595,2.4),(4.4555,0.4005,0.1),(4.4555,0.3595,0.1),(4.4965,0.3595,2.4),(4.4965,0.4005,2.4),(4.4965,0.3595,0.1),(4.4965,0.4005,0.1)));
#310=IFCTRIANGULATEDFACESET(#309,$,$,((1,3,2),(3,4,2),(5,7,6),(7,8,6),(9,11,10),(11,12,10),(13,15,14),(15,16,14),(17,19,18),(19,20,18),(21,23,22),(23,24,22),(25,27,26),(27,28,26),(29,31,30),(31,32,30),(33,35,34),(35,36,34),(37,39,38),(39,40,38),(41,43,42),(43,44,42),(45,47,46),(47,48,46)),$);
#311=IFCSTYLEDITEM(#310,(#166),'lp3_strut_backing');
#312=IFCSHAPEREPRESENTATION(#11,'Body','Tessellation',(#295,#298,#301,#304,#307,#310));
#313=IFCPRODUCTDEFINITIONSHAPE($,$,(#312));
#314=IFCLOCALPLACEMENT(#25,#9);
#315=IFCELECTRICDISTRIBUTIONBOARD('1yFZMiZK7gi$UBwGNYKYdd',#5,'LP-3 - lighting panelboard, 480Y/277 V','Lighting panelboard, surface mounted on strut backing, top-fed overhead in EMT from MSB',$,#314,#313,'LP-3',.DISTRIBUTIONBOARD.);
#316=IFCPROPERTYSINGLEVALUE('PanelName',$,IFCLABEL('LP-3'),$);
#317=IFCPROPERTYSINGLEVALUE('Voltage',$,IFCLABEL('480Y/277 V'),$);
#318=IFCPROPERTYSINGLEVALUE('Phases',$,IFCINTEGER(3),$);
#319=IFCPROPERTYSINGLEVALUE('Wires',$,IFCINTEGER(4),$);
#320=IFCPROPERTYSINGLEVALUE('BusRating',$,IFCELECTRICCURRENTMEASURE(100.),$);
#321=IFCPROPERTYSINGLEVALUE('MainsType',$,IFCLABEL('Main lugs only'),$);
#322=IFCPROPERTYSINGLEVALUE('NumberOfCircuits',$,IFCCOUNTMEASURE(30),$);
#323=IFCPROPERTYSINGLEVALUE('FedFrom',$,IFCLABEL('MSB'),$);
#324=IFCPROPERTYSINGLEVALUE('Mounting',$,IFCLABEL('Surface, wall, unistrut backing'),$);
#325=IFCPROPERTYSINGLEVALUE('FeederEntry',$,IFCLABEL('Top, overhead EMT'),$);
#326=IFCPROPERTYSET('2Wdjrk20PbE7zuSjm58qAp',#5,'PanelSchedule',$,(#316,#317,#318,#319,#320,#321,#322,#323,#324,#325));
#327=IFCRELDEFINESBYPROPERTIES('0UHEK__aIkFx7qssnK67$0',#5,$,$,(#315),#326);
#328=IFCELECTRICDISTRIBUTIONBOARDTYPE('3cwDNCQ6TSFHbGw7TNvHBm',#5,'Lighting panelboard - 100 A MLO - 30 space',$,$,$,$,'LP-3',$,.DISTRIBUTIONBOARD.);
#329=IFCRELDEFINESBYTYPE('1SrS2nbskw1w7SG4pMLepr',#5,$,$,(#315),#328);
#330=IFCCARTESIANPOINTLIST3D(((4.305,-0.804,2.),(4.455,-0.804,2.),(4.305,-0.804,1.086),(4.455,-0.804,1.086),(4.455,-0.296,2.),(4.305,-0.296,2.),(4.455,-0.296,1.086),(4.305,-0.296,1.086),(4.455,-0.296,2.),(4.455,-0.804,2.),(4.305,-0.296,2.),(4.305,-0.804,2.),(4.305,-0.296,1.086),(4.305,-0.804,1.086),(4.455,-0.296,1.086),(4.455,-0.804,1.086),(4.305,-0.296,2.),(4.305,-0.804,2.),(4.305,-0.296,1.086),(4.305,-0.804,1.086),(4.455,-0.804,2.),(4.455,-0.296,2.),(4.455,-0.804,1.086),(4.455,-0.296,1.086)));
#331=IFCTRIANGULATEDFACESET(#330,$,$,((1,3,2),(3,4,2),(5,7,6),(7,8,6),(9,11,10),(11,12,10),(13,15,14),(15,16,14),(17,19,18),(19,20,18),(21,23,22),(23,24,22)),$);
#332=IFCSTYLEDITEM(#331,(#35),'lp4_enclosure');
#333=IFCCARTESIANPOINTLIST3D(((4.3,-0.789,1.985),(4.304,-0.789,1.985),(4.3,-0.789,1.101),(4.304,-0.789,1.101),(4.304,-0.311,1.985),(4.3,-0.311,1.985),(4.304,-0.311,1.101),(4.3,-0.311,1.101),(4.304,-0.311,1.985),(4.304,-0.789,1.985),(4.3,-0.311,1.985),(4.3,-0.789,1.985),(4.3,-0.311,1.101),(4.3,-0.789,1.101),(4.304,-0.311,1.101),(4.304,-0.789,1.101),(4.3,-0.311,1.985),(4.3,-0.789,1.985),(4.3,-0.311,1.101),(4.3,-0.789,1.101),(4.304,-0.789,1.985),(4.304,-0.311,1.985),(4.304,-0.789,1.101),(4.304,-0.311,1.101)));
#334=IFCTRIANGULATEDFACESET(#333,$,$,((1,3,2),(3,4,2),(5,7,6),(7,8,6),(9,11,10),(11,12,10),(13,15,14),(15,16,14),(17,19,18),(19,20,18),(21,23,22),(23,24,22)),$);
#335=IFCSTYLEDITEM(#334,(#35),'lp4_door');
#336=IFCCARTESIANPOINTLIST3D(((4.295,-0.317,1.98),(4.299,-0.317,1.98),(4.295,-0.317,1.106),(4.299,-0.317,1.106),(4.299,-0.311,1.98),(4.295,-0.311,1.98),(4.299,-0.311,1.106),(4.295,-0.311,1.106),(4.299,-0.311,1.98),(4.299,-0.317,1.98),(4.295,-0.311,1.98),(4.295,-0.317,1.98),(4.295,-0.311,1.106),(4.295,-0.317,1.106),(4.299,-0.311,1.106),(4.299,-0.317,1.106),(4.295,-0.311,1.98),(4.295,-0.317,1.98),(4.295,-0.311,1.106),(4.295,-0.317,1.106),(4.299,-0.317,1.98),(4.299,-0.311,1.98),(4.299,-0.317,1.106),(4.299,-0.311,1.106),(4.295,-0.789,1.985),(4.299,-0.789,1.985),(4.295,-0.789,1.979),(4.299,-0.789,1.979),(4.299,-0.311,1.985),(4.295,-0.311,1.985),(4.299,-0.311,1.979),(4.295,-0.311,1.979),(4.299,-0.311,1.985),(4.299,-0.789,1.985),(4.295,-0.311,1.985),(4.295,-0.789,1.985),(4.295,-0.311,1.979),(4.295,-0.789,1.979),(4.299,-0.311,1.979),(4.299,-0.789,1.979),(4.295,-0.311,1.985),(4.295,-0.789,1.985),(4.295,-0.311,1.979),(4.295,-0.789,1.979),(4.299,-0.789,1.985),(4.299,-0.311,1.985),(4.299,-0.789,1.979),(4.299,-0.311,1.979)));
#337=IFCTRIANGULATEDFACESET(#336,$,$,((1,3,2),(3,4,2),(5,7,6),(7,8,6),(9,11,10),(11,12,10),(13,15,14),(15,16,14),(17,19,18),(19,20,18),(21,23,22),(23,24,22),(25,27,26),(27,28,26),(29,31,30),(31,32,30),(33,35,34),(35,36,34),(37,39,38),(39,40,38),(41,43,42),(43,44,42),(45,47,46),(47,48,46)),$);
#338=IFCSTYLEDITEM(#337,(#51),'lp4_door_seam');
#339=IFCCARTESIANPOINTLIST3D(((4.288,-0.764,1.5805),(4.302,-0.764,1.5805),(4.288,-0.764,1.5055),(4.302,-0.764,1.5055),(4.302,-0.744,1.5805),(4.288,-0.744,1.5805),(4.302,-0.744,1.5055),(4.288,-0.744,1.5055),(4.302,-0.744,1.5805),(4.302,-0.764,1.5805),(4.288,-0.744,1.5805),(4.288,-0.764,1.5805),(4.288,-0.744,1.5055),(4.288,-0.764,1.5055),(4.302,-0.744,1.5055),(4.302,-0.764,1.5055),(4.288,-0.744,1.5805),(4.288,-0.764,1.5805),(4.288,-0.744,1.5055),(4.288,-0.764,1.5055),(4.302,-0.764,1.5805),(4.302,-0.744,1.5805),(4.302,-0.764,1.5055),(4.302,-0.744,1.5055)));
#340=IFCTRIANGULATEDFACESET(#339,$,$,((1,3,2),(3,4,2),(5,7,6),(7,8,6),(9,11,10),(11,12,10),(13,15,14),(15,16,14),(17,19,18),(19,20,18),(21,23,22),(23,24,22)),$);
#341=IFCSTYLEDITEM(#340,(#51),'lp4_latch');
#342=IFCCARTESIANPOINTLIST3D(((4.298,-0.6,1.925),(4.3,-0.6,1.925),(4.298,-0.6,1.895),(4.3,-0.6,1.895),(4.3,-0.5,1.925),(4.298,-0.5,1.925),(4.3,-0.5,1.895),(4.298,-0.5,1.895),(4.3,-0.5,1.925),(4.3,-0.6,1.925),(4.298,-0.5,1.925),(4.298,-0.6,1.925),(4.298,-0.5,1.895),(4.298,-0.6,1.895),(4.3,-0.5,1.895),(4.3,-0.6,1.895),(4.298,-0.5,1.925),(4.298,-0.6,1.925),(4.298,-0.5,1.895),(4.298,-0.6,1.895),(4.3,-0.6,1.925),(4.3,-0.5,1.925),(4.3,-0.6,1.895),(4.3,-0.5,1.895)));
#343=IFCTRIANGULATEDFACESET(#342,$,$,((1,3,2),(3,4,2),(5,7,6),(7,8,6),(9,11,10),(11,12,10),(13,15,14),(15,16,14),(17,19,18),(19,20,18),(21,23,22),(23,24,22)),$);
#344=IFCSTYLEDITEM(#343,(#58),'lp4_nameplate');
#345=IFCCARTESIANPOINTLIST3D(((4.4555,-0.4005,2.4),(4.4965,-0.4005,2.4),(4.4555,-0.4005,0.1),(4.4965,-0.4005,0.1),(4.4965,-0.3595,2.4),(4.4555,-0.3595,2.4),(4.4965,-0.3595,0.1),(4.4555,-0.3595,0.1),(4.4965,-0.3595,2.4),(4.4965,-0.4005,2.4),(4.4555,-0.3595,2.4),(4.4555,-0.4005,2.4),(4.4555,-0.3595,0.1),(4.4555,-0.4005,0.1),(4.4965,-0.3595,0.1),(4.4965,-0.4005,0.1),(4.4555,-0.3595,2.4),(4.4555,-0.4005,2.4),(4.4555,-0.3595,0.1),(4.4555,-0.4005,0.1),(4.4965,-0.4005,2.4),(4.4965,-0.3595,2.4),(4.4965,-0.4005,0.1),(4.4965,-0.3595,0.1),(4.4555,-0.7405,2.4),(4.4965,-0.7405,2.4),(4.4555,-0.7405,0.1),(4.4965,-0.7405,0.1),(4.4965,-0.6995,2.4),(4.4555,-0.6995,2.4),(4.4965,-0.6995,0.1),(4.4555,-0.6995,0.1),(4.4965,-0.6995,2.4),(4.4965,-0.7405,2.4),(4.4555,-0.6995,2.4),(4.4555,-0.7405,2.4),(4.4555,-0.6995,0.1),(4.4555,-0.7405,0.1),(4.4965,-0.6995,0.1),(4.4965,-0.7405,0.1),(4.4555,-0.6995,2.4),(4.4555,-0.7405,2.4),(4.4555,-0.6995,0.1),(4.4555,-0.7405,0.1),(4.4965,-0.7405,2.4),(4.4965,-0.6995,2.4),(4.4965,-0.7405,0.1),(4.4965,-0.6995,0.1)));
#346=IFCTRIANGULATEDFACESET(#345,$,$,((1,3,2),(3,4,2),(5,7,6),(7,8,6),(9,11,10),(11,12,10),(13,15,14),(15,16,14),(17,19,18),(19,20,18),(21,23,22),(23,24,22),(25,27,26),(27,28,26),(29,31,30),(31,32,30),(33,35,34),(35,36,34),(37,39,38),(39,40,38),(41,43,42),(43,44,42),(45,47,46),(47,48,46)),$);
#347=IFCSTYLEDITEM(#346,(#166),'lp4_strut_backing');
#348=IFCSHAPEREPRESENTATION(#11,'Body','Tessellation',(#331,#334,#337,#340,#343,#346));
#349=IFCPRODUCTDEFINITIONSHAPE($,$,(#348));
#350=IFCLOCALPLACEMENT(#25,#9);
#351=IFCELECTRICDISTRIBUTIONBOARD('3SXD$MTgzoozDZuND52THZ',#5,'LP-4 - receptacle / appliance panelboard, 208Y/120 V','Receptacle / appliance panelboard, surface mounted on strut backing, top-fed overhead in EMT from T1',$,#350,#349,'LP-4',.DISTRIBUTIONBOARD.);
#352=IFCPROPERTYSINGLEVALUE('PanelName',$,IFCLABEL('LP-4'),$);
#353=IFCPROPERTYSINGLEVALUE('Voltage',$,IFCLABEL('208Y/120 V'),$);
#354=IFCPROPERTYSINGLEVALUE('Phases',$,IFCINTEGER(3),$);
#355=IFCPROPERTYSINGLEVALUE('Wires',$,IFCINTEGER(4),$);
#356=IFCPROPERTYSINGLEVALUE('BusRating',$,IFCELECTRICCURRENTMEASURE(225.),$);
#357=IFCPROPERTYSINGLEVALUE('MainsType',$,IFCLABEL('Main breaker'),$);
#358=IFCPROPERTYSINGLEVALUE('NumberOfCircuits',$,IFCCOUNTMEASURE(42),$);
#359=IFCPROPERTYSINGLEVALUE('FedFrom',$,IFCLABEL('T1'),$);
#360=IFCPROPERTYSINGLEVALUE('Mounting',$,IFCLABEL('Surface, wall, unistrut backing'),$);
#361=IFCPROPERTYSINGLEVALUE('FeederEntry',$,IFCLABEL('Top, overhead EMT'),$);
#362=IFCPROPERTYSET('0JbHkcRqnRWmXf$kbCggJf',#5,'PanelSchedule',$,(#352,#353,#354,#355,#356,#357,#358,#359,#360,#361));
#363=IFCRELDEFINESBYPROPERTIES('3XlQ0ar8bK4EzRC6est$$W',#5,$,$,(#351),#362);
#364=IFCELECTRICDISTRIBUTIONBOARDTYPE('27uDGaxw7cMg5CdMRzdkHo',#5,'Receptacle / appliance panelboard - 225 A MB - 42 space',$,$,$,$,'LP-4',$,.DISTRIBUTIONBOARD.);
#365=IFCRELDEFINESBYTYPE('1EDW8aAjSIgaV24U9aoCMr',#5,$,$,(#351),#364);
#366=IFCCARTESIANPOINTLIST3D(((1.15,2.962,1.525),(1.15,2.968,1.525),(1.15,2.962,1.475),(1.15,2.968,1.475),(0.65,2.968,1.525),(0.65,2.962,1.525),(0.65,2.968,1.475),(0.65,2.962,1.475),(0.65,2.968,1.525),(1.15,2.968,1.525),(0.65,2.962,1.525),(1.15,2.962,1.525),(0.65,2.962,1.475),(1.15,2.962,1.475),(0.65,2.968,1.475),(1.15,2.968,1.475),(0.65,2.962,1.525),(1.15,2.962,1.525),(0.65,2.962,1.475),(1.15,2.962,1.475),(1.15,2.968,1.525),(0.65,2.968,1.525),(1.15,2.968,1.475),(0.65,2.968,1.475)));
#367=IFCTRIANGULATEDFACESET(#366,$,$,((1,3,2),(3,4,2),(5,7,6),(7,8,6),(9,11,10),(11,12,10),(13,15,14),(15,16,14),(17,19,18),(19,20,18),(21,23,22),(23,24,22)),$);
#368=IFCCOLOURRGB($,0.721569,0.466667,0.282353);
#369=IFCSURFACESTYLERENDERING(#368,0.,$,$,$,$,$,$,.NOTDEFINED.);
#370=IFCSURFACESTYLE('copper',.BOTH.,(#369));
#371=IFCPRESENTATIONSTYLEASSIGNMENT((#370));
#372=IFCSTYLEDITEM(#367,(#371),'ground_bus_bar');
#373=IFCCARTESIANPOINTLIST3D(((0.7,2.965,1.487),(0.7065,2.965,1.488742),(0.711258,2.965,1.4935),(0.713,2.965,1.5),(0.711258,2.965,1.5065),(0.7065,2.965,1.511258),(0.7,2.965,1.513),(0.6935,2.965,1.511258),(0.688742,2.965,1.5065),(0.687,2.965,1.5),(0.688742,2.965,1.4935),(0.6935,2.965,1.488742),(0.7,2.965,1.487),(0.7,3.015,1.487),(0.7065,3.015,1.488742),(0.711258,3.015,1.4935),(0.713,3.015,1.5),(0.711258,3.015,1.5065),(0.7065,3.015,1.511258),(0.7,3.015,1.513),(0.6935,3.015,1.511258),(0.688742,3.015,1.5065),(0.687,3.015,1.5),(0.688742,3.015,1.4935),(0.6935,3.015,1.488742),(0.7,3.015,1.487),(0.7,2.965,1.5),(0.7,2.965,1.5),(0.7,2.965,1.5),(0.7,2.965,1.5),(0.7,2.965,1.5),(0.7,2.965,1.5),(0.7,2.965,1.5),(0.7,2.965,1.5),(0.7,2.965,1.5),(0.7,2.965,1.5),(0.7,2.965,1.5),(0.7,2.965,1.5),(0.7,2.965,1.487),(0.7065,2.965,1.488742),(0.711258,2.965,1.4935),(0.713,2.965,1.5),(0.711258,2.965,1.5065),(0.7065,2.965,1.511258),(0.7,2.965,1.513),(0.6935,2.965,1.511258),(0.688742,2.965,1.5065),(0.687,2.965,1.5),(0.688742,2.965,1.4935),(0.6935,2.965,1.488742),(0.7,2.965,1.487),(0.7,3.015,1.5),(0.7,3.015,1.5),(0.7,3.015,1.5),(0.7,3.015,1.5),(0.7,3.015,1.5),(0.7,3.015,1.5),(0.7,3.015,1.5),(0.7,3.015,1.5),(0.7,3.015,1.5),(0.7,3.015,1.5),(0.7,3.015,1.5),(0.7,3.015,1.5),(0.7,3.015,1.487),(0.7065,3.015,1.488742),(0.711258,3.015,1.4935),(0.713,3.015,1.5),(0.711258,3.015,1.5065),(0.7065,3.015,1.511258),(0.7,3.015,1.513),(0.6935,3.015,1.511258),(0.688742,3.015,1.5065),(0.687,3.015,1.5),(0.688742,3.015,1.4935),(0.6935,3.015,1.488742),(0.7,3.015,1.487),(1.1,2.965,1.487),(1.1065,2.965,1.488742),(1.111258,2.965,1.4935),(1.113,2.965,1.5),(1.111258,2.965,1.5065),(1.1065,2.965,1.511258),(1.1,2.965,1.513),(1.0935,2.965,1.511258),(1.088742,2.965,1.5065),(1.087,2.965,1.5),(1.088742,2.965,1.4935),(1.0935,2.965,1.488742),(1.1,2.965,1.487),(1.1,3.015,1.487),(1.1065,3.015,1.488742),(1.111258,3.015,1.4935),(1.113,3.015,1.5),(1.111258,3.015,1.5065),(1.1065,3.015,1.511258),(1.1,3.015,1.513),(1.0935,3.015,1.511258),(1.088742,3.015,1.5065),(1.087,3.015,1.5),(1.088742,3.015,1.4935),(1.0935,3.015,1.488742),(1.1,3.015,1.487),(1.1,2.965,1.5),(1.1,2.965,1.5),(1.1,2.965,1.5),(1.1,2.965,1.5),(1.1,2.965,1.5),(1.1,2.965,1.5),(1.1,2.965,1.5),(1.1,2.965,1.5),(1.1,2.965,1.5),(1.1,2.965,1.5),(1.1,2.965,1.5),(1.1,2.965,1.5),(1.1,2.965,1.487),(1.1065,2.965,1.488742),(1.111258,2.965,1.4935),(1.113,2.965,1.5),(1.111258,2.965,1.5065),(1.1065,2.965,1.511258),(1.1,2.965,1.513),(1.0935,2.965,1.511258),(1.088742,2.965,1.5065),(1.087,2.965,1.5),(1.088742,2.965,1.4935),(1.0935,2.965,1.488742),(1.1,2.965,1.487),(1.1,3.015,1.5),(1.1,3.015,1.5),(1.1,3.015,1.5),(1.1,3.015,1.5),(1.1,3.015,1.5),(1.1,3.015,1.5),(1.1,3.015,1.5),(1.1,3.015,1.5),(1.1,3.015,1.5),(1.1,3.015,1.5),(1.1,3.015,1.5),(1.1,3.015,1.5),(1.1,3.015,1.487),(1.1065,3.015,1.488742),(1.111258,3.015,1.4935),(1.113,3.015,1.5),(1.111258,3.015,1.5065),(1.1065,3.015,1.511258),(1.1,3.015,1.513),(1.0935,3.015,1.511258),(1.088742,3.015,1.5065),(1.087,3.015,1.5),(1.088742,3.015,1.4935),(1.0935,3.015,1.488742),(1.1,3.015,1.487)));
#374=IFCTRIANGULATEDFACESET(#373,$,$,((1,14,2),(14,15,2),(2,15,3),(15,16,3),(3,16,4),(16,17,4),(4,17,5),(17,18,5),(5,18,6),(18,19,6),(6,19,7),(19,20,7),(7,20,8),(20,21,8),(8,21,9),(21,22,9),(9,22,10),(22,23,10),(10,23,11),(23,24,11),(11,24,12),(24,25,12),(12,25,13),(25,26,13),(39,40,27),(40,41,28),(41,42,29),(42,43,30),(43,44,31),(44,45,32),(45,46,33),(46,47,34),(47,48,35),(48,49,36),(49,50,37),(50,51,38),(65,64,52),(66,65,53),(67,66,54),(68,67,55),(69,68,56),(70,69,57),(71,70,58),(72,71,59),(73,72,60),(74,73,61),(75,74,62),(76,75,63),(77,90,78),(90,91,78),(78,91,79),(91,92,79),(79,92,80),(92,93,80),(80,93,81),(93,94,81),(81,94,82),(94,95,82),(82,95,83),(95,96,83),(83,96,84),(96,97,84),(84,97,85),(97,98,85),(85,98,86),(98,99,86),(86,99,87),(99,100,87),(87,100,88),(100,101,88),(88,101,89),(101,102,89),(115,116,103),(116,117,104),(117,118,105),(118,119,106),(119,120,107),(120,121,108),(121,122,109),(122,123,110),(123,124,111),(124,125,112),(125,126,113),(126,127,114),(141,140,128),(142,141,129),(143,142,130),(144,143,131),(145,144,132),(146,145,133),(147,146,134),(148,147,135),(149,148,136),(150,149,137),(151,150,138),(152,151,139)),$);
#375=IFCSTYLEDITEM(#374,(#51),'ground_bus_standoffs');
#376=IFCSHAPEREPRESENTATION(#11,'Body','Tessellation',(#367,#374));
#377=IFCPRODUCTDEFINITIONSHAPE($,$,(#376));
#378=IFCLOCALPLACEMENT(#25,#9);
#379=IFCBUILDINGELEMENTPROXY('0STdTR0tpSbPTinYW2AwR7',#5,'TMGB - wall-mounted main ground bus bar','Copper bus 4 in x 1/4 in on insulated standoffs',$,#378,#377,'TMGB',.NOTDEFINED.);
#380=IFCCARTESIANPOINTLIST3D(((-2.05,2.565,2.386),(-2.070572,2.571684,2.386),(-2.083287,2.589185,2.386),(-2.083287,2.610816,2.386),(-2.070572,2.628316,2.386),(-2.05,2.635,2.386),(-2.029428,2.628316,2.386),(-2.016713,2.610816,2.386),(-2.016713,2.589185,2.386),(-2.029428,2.571684,2.386),(-2.05,2.565,2.386),(-2.05,2.565,2.431131),(-2.070572,2.571684,2.431131),(-2.083287,2.589185,2.431131),(-2.083287,2.610816,2.431131),(-2.070572,2.628316,2.431131),(-2.05,2.635,2.431131),(-2.029428,2.628316,2.431131),(-2.016713,2.610816,2.431131),(-2.016713,2.589185,2.431131),(-2.029428,2.571684,2.431131),(-2.05,2.565,2.431131),(-2.05,2.565,2.476262),(-2.070572,2.571684,2.476262),(-2.083287,2.589185,2.476262),(-2.083287,2.610816,2.476262),(-2.070572,2.628316,2.476262),(-2.05,2.635,2.476262),(-2.029428,2.628316,2.476262),(-2.016713,2.610816,2.476262),(-2.016713,2.589185,2.476262),(-2.029428,2.571684,2.476262),(-2.05,2.565,2.476262),(-2.05,2.565,2.521393),(-2.070572,2.571684,2.521393),(-2.083287,2.589185,2.521393),(-2.083287,2.610816,2.521393),(-2.070572,2.628316,2.521393),(-2.05,2.635,2.521393),(-2.029428,2.628316,2.521393),(-2.016713,2.610816,2.521393),(-2.016713,2.589185,2.521393),(-2.029428,2.571684,2.521393),(-2.05,2.565,2.521393),(-2.05,2.565,2.566524),(-2.070572,2.571684,2.566524),(-2.083287,2.589185,2.566524),(-2.083287,2.610816,2.566524),(-2.070572,2.628316,2.566524),(-2.05,2.635,2.566524),(-2.029428,2.628316,2.566524),(-2.016713,2.610816,2.566524),(-2.016713,2.589185,2.566524),(-2.029428,2.571684,2.566524),(-2.05,2.565,2.566524),(-2.05,2.565,2.611655),(-2.070572,2.571684,2.611655),(-2.083287,2.589185,2.611655),(-2.083287,2.610816,2.611655),(-2.070572,2.628316,2.611655),(-2.05,2.635,2.611655),(-2.029428,2.628316,2.611655),(-2.016713,2.610816,2.611655),(-2.016713,2.589185,2.611655),(-2.029428,2.571684,2.611655),(-2.05,2.565,2.611655),(-2.05,2.565,2.656786),(-2.070572,2.571684,2.656786),(-2.083287,2.589185,2.656786),(-2.083287,2.610816,2.656786),(-2.070572,2.628316,2.656786),(-2.05,2.635,2.656786),(-2.029428,2.628316,2.656786),(-2.016713,2.610816,2.656786),(-2.016713,2.589185,2.656786),(-2.029428,2.571684,2.656786),(-2.05,2.565,2.656786),(-2.05,2.565,2.701917),(-2.070572,2.571684,2.701917),(-2.083287,2.589185,2.701917),(-2.083287,2.610816,2.701917),(-2.070572,2.628316,2.701917),(-2.05,2.635,2.701917),(-2.029428,2.628316,2.701917),(-2.016713,2.610816,2.701917),(-2.016713,2.589185,2.701917),(-2.029428,2.571684,2.701917),(-2.05,2.565,2.701917),(-2.05,2.565,2.747048),(-2.070572,2.571684,2.747048),(-2.083287,2.589185,2.747048),(-2.083287,2.610816,2.747048),(-2.070572,2.628316,2.747048),(-2.05,2.635,2.747048),(-2.029428,2.628316,2.747048),(-2.016713,2.610816,2.747048),(-2.016713,2.589185,2.747048),(-2.029428,2.571684,2.747048),(-2.05,2.565,2.747048),(-2.05,2.565,2.792179),(-2.070572,2.571684,2.792179),(-2.083287,2.589185,2.792179),(-2.083287,2.610816,2.792179),(-2.070572,2.628316,2.792179),(-2.05,2.635,2.792179),(-2.029428,2.628316,2.792179),(-2.016713,2.610816,2.792179),(-2.016713,2.589185,2.792179),(-2.029428,2.571684,2.792179),(-2.05,2.565,2.792179),(-2.05,2.565,2.837315),(-2.070572,2.571684,2.837314),(-2.083287,2.589185,2.837312),(-2.083287,2.610816,2.837309),(-2.070572,2.628316,2.837306),(-2.05,2.635,2.837306),(-2.029428,2.628316,2.837306),(-2.016713,2.610816,2.837309),(-2.016713,2.589185,2.837312),(-2.029428,2.571684,2.837314),(-2.05,2.565,2.837315),(-2.05,2.568072,2.88675),(-2.070572,2.574703,2.885907),(-2.083287,2.592063,2.883698),(-2.083287,2.613522,2.880969),(-2.070572,2.630882,2.87876),(-2.05,2.637513,2.877917),(-2.029428,2.630882,2.87876),(-2.016713,2.613522,2.880969),(-2.016713,2.592063,2.883698),(-2.029428,2.574703,2.885907),(-2.05,2.568072,2.88675),(-2.05,2.577725,2.935716),(-2.070572,2.584178,2.933973),(-2.083287,2.601073,2.929409),(-2.083287,2.621955,2.923769),(-2.070572,2.63885,2.919205),(-2.05,2.645303,2.917462),(-2.029428,2.63885,2.919205),(-2.016713,2.621955,2.923769),(-2.016713,2.601073,2.929409),(-2.029428,2.584178,2.933973),(-2.05,2.577725,2.935716),(-2.05,2.594132,2.982971),(-2.070572,2.600277,2.980341),(-2.083287,2.616365,2.973455),(-2.083287,2.636251,2.964943),(-2.070572,2.65234,2.958057),(-2.05,2.658485,2.955426),(-2.029428,2.65234,2.958057),(-2.016713,2.636251,2.964943),(-2.016713,2.616365,2.973455),(-2.029428,2.600277,2.980341),(-2.05,2.594132,2.982971),(-2.05,2.616847,3.027357),(-2.070572,2.62258,3.023918),(-2.083287,2.637586,3.014915),(-2.083287,2.656136,3.003788),(-2.070572,2.671143,2.994785),(-2.05,2.676875,2.991347),(-2.029428,2.671143,2.994785),(-2.016713,2.656136,3.003788),(-2.016713,2.637586,3.014915),(-2.029428,2.62258,3.023918),(-2.05,2.616847,3.027357),(-2.05,2.644403,3.067537),(-2.070572,2.64975,3.063526),(-2.083287,2.66375,3.053026),(-2.083287,2.681055,3.040048),(-2.070572,2.695055,3.029548),(-2.05,2.700403,3.025537),(-2.029428,2.695055,3.029548),(-2.016713,2.681055,3.040048),(-2.016713,2.66375,3.053026),(-2.029428,2.64975,3.063526),(-2.05,2.644403,3.067537),(-2.052035,2.671434,3.103579),(-2.072363,2.674886,3.097041),(-2.084927,2.687715,3.08498),(-2.084927,2.70502,3.072001),(-2.072363,2.720191,3.063062),(-2.052035,2.727434,3.061579),(-2.031706,2.723982,3.068116),(-2.019142,2.711153,3.080178),(-2.019142,2.693848,3.093157),(-2.031706,2.678677,3.102095),(-2.052035,2.671434,3.103579),(-2.067055,2.69683,3.13744),(-2.084401,2.695541,3.124581),(-2.095122,2.70544,3.108613),(-2.095122,2.722745,3.095634),(-2.084401,2.740846,3.090602),(-2.067055,2.75283,3.09544),(-2.049708,2.754118,3.108299),(-2.038987,2.74422,3.124267),(-2.038987,2.726915,3.137246),(-2.049708,2.708814,3.142277),(-2.067055,2.69683,3.13744),(-2.100497,2.714648,3.161197),(-2.109588,2.708923,3.142423),(-2.115207,2.716079,3.122798),(-2.115207,2.733384,3.10982),(-2.109588,2.754228,3.108444),(-2.100497,2.770648,3.119197),(-2.091406,2.776373,3.137972),(-2.085788,2.769217,3.157596),(-2.085788,2.751912,3.170575),(-2.091406,2.731068,3.171951),(-2.100497,2.714648,3.161197),(-2.143986,2.721501,3.170335),(-2.145913,2.714559,3.149938),(-2.147104,2.720964,3.129312),(-2.147104,2.738269,3.116333),(-2.145913,2.759864,3.11596),(-2.143986,2.777501,3.128335),(-2.142059,2.784443,3.148731),(-2.140869,2.778038,3.169358),(-2.140869,2.760733,3.182337),(-2.142059,2.739138,3.18271),(-2.143986,2.721501,3.170335),(-2.189103,2.722,3.171),(-2.189103,2.715004,3.150531),(-2.189103,2.721375,3.12986),(-2.189103,2.73868,3.116881),(-2.189103,2.760309,3.116553),(-2.189103,2.778,3.129),(-2.189103,2.784996,3.149469),(-2.189103,2.778625,3.17014),(-2.189103,2.76132,3.183119),(-2.189103,2.739691,3.183447),(-2.189103,2.722,3.171),(-2.234234,2.722,3.171),(-2.234234,2.715004,3.150531),(-2.234234,2.721375,3.12986),(-2.234234,2.73868,3.116881),(-2.234234,2.760309,3.116553),(-2.234234,2.778,3.129),(-2.234234,2.784996,3.149469),(-2.234234,2.778625,3.17014),(-2.234234,2.76132,3.183119),(-2.234234,2.739691,3.183447),(-2.234234,2.722,3.171),(-2.279365,2.722,3.171),(-2.279365,2.715004,3.150531),(-2.279365,2.721375,3.12986),(-2.279365,2.73868,3.116881),(-2.279365,2.760309,3.116553),(-2.279365,2.778,3.129),(-2.279365,2.784996,3.149469),(-2.279365,2.778625,3.17014),(-2.279365,2.76132,3.183119),(-2.279365,2.739691,3.183447),(-2.279365,2.722,3.171),(-2.324496,2.722,3.171),(-2.324496,2.715004,3.150531),(-2.324496,2.721375,3.12986),(-2.324496,2.73868,3.116881),(-2.324496,2.760309,3.116553),(-2.324496,2.778,3.129),(-2.324496,2.784996,3.149469),(-2.324496,2.778625,3.17014),(-2.324496,2.76132,3.183119),(-2.324496,2.739691,3.183447),(-2.324496,2.722,3.171),(-2.369627,2.722,3.171),(-2.369627,2.715004,3.150531),(-2.369627,2.721375,3.12986),(-2.369627,2.73868,3.116881),(-2.369627,2.760309,3.116553),(-2.369627,2.778,3.129),(-2.369627,2.784996,3.149469),(-2.369627,2.778625,3.17014),(-2.369627,2.76132,3.183119),(-2.369627,2.739691,3.183447),(-2.369627,2.722,3.171),(-2.414758,2.722,3.171),(-2.414758,2.715004,3.150531),(-2.414758,2.721375,3.12986),(-2.414758,2.73868,3.116881),(-2.414758,2.760309,3.116553),(-2.414758,2.778,3.129),(-2.414758,2.784996,3.149469),(-2.414758,2.778625,3.17014),(-2.414758,2.76132,3.183119),(-2.414758,2.739691,3.183447),(-2.414758,2.722,3.171),(-2.459889,2.722,3.171),(-2.459889,2.715004,3.150531),(-2.459889,2.721375,3.12986),(-2.459889,2.73868,3.116881),(-2.459889,2.760309,3.116553),(-2.459889,2.778,3.129),(-2.459889,2.784996,3.149469),(-2.459889,2.778625,3.17014),(-2.459889,2.76132,3.183119),(-2.459889,2.739691,3.183447),(-2.459889,2.722,3.171),(-2.50502,2.722,3.171),(-2.50502,2.715004,3.150531),(-2.50502,2.721375,3.12986),(-2.50502,2.73868,3.116881),(-2.50502,2.760309,3.116553),(-2.50502,2.778,3.129),(-2.50502,2.784996,3.149469),(-2.50502,2.778625,3.17014),(-2.50502,2.76132,3.183119),(-2.50502,2.739691,3.183447),(-2.50502,2.722,3.171),(-2.550152,2.722,3.171),(-2.550152,2.715004,3.150531),(-2.550152,2.721375,3.12986),(-2.550152,2.73868,3.116881),(-2.550152,2.760309,3.116553),(-2.550152,2.778,3.129),(-2.550152,2.784996,3.149469),(-2.550152,2.778625,3.17014),(-2.550152,2.76132,3.183119),(-2.550152,2.739691,3.183447),(-2.550152,2.722,3.171),(-2.595283,2.722,3.171),(-2.595283,2.715004,3.150531),(-2.595283,2.721375,3.12986),(-2.595283,2.73868,3.116881),(-2.595283,2.760309,3.116553),(-2.595283,2.778,3.129),(-2.595283,2.784996,3.149469),(-2.595283,2.778625,3.17014),(-2.595283,2.76132,3.183119),(-2.595283,2.739691,3.183447),(-2.595283,2.722,3.171),(-2.640414,2.722,3.171),(-2.640414,2.715004,3.150531),(-2.640414,2.721375,3.12986),(-2.640414,2.73868,3.116881),(-2.640414,2.760309,3.116553),(-2.640414,2.778,3.129),(-2.640414,2.784996,3.149469),(-2.640414,2.778625,3.17014),(-2.640414,2.76132,3.183119),(-2.640414,2.739691,3.183447),(-2.640414,2.722,3.171),(-2.685545,2.722,3.171),(-2.685545,2.715004,3.150531),(-2.685545,2.721375,3.12986),(-2.685545,2.73868,3.116881),(-2.685545,2.760309,3.116553),(-2.685545,2.778,3.129),(-2.685545,2.784996,3.149469),(-2.685545,2.778625,3.17014),(-2.685545,2.76132,3.183119),(-2.685545,2.739691,3.183447),(-2.685545,2.722,3.171),(-2.730676,2.722,3.171),(-2.730676,2.715004,3.150531),(-2.730676,2.721375,3.12986),(-2.730676,2.73868,3.116881),(-2.730676,2.760309,3.116553),(-2.730676,2.778,3.129),(-2.730676,2.784996,3.149469),(-2.730676,2.778625,3.17014),(-2.730676,2.76132,3.183119),(-2.730676,2.739691,3.183447),(-2.730676,2.722,3.171),(-2.775807,2.722,3.171),(-2.775807,2.715004,3.150531),(-2.775807,2.721375,3.12986),(-2.775807,2.73868,3.116881),(-2.775807,2.760309,3.116553),(-2.775807,2.778,3.129),(-2.775807,2.784996,3.149469),(-2.775807,2.778625,3.17014),(-2.775807,2.76132,3.183119),(-2.775807,2.739691,3.183447),(-2.775807,2.722,3.171),(-2.820938,2.722,3.171),(-2.820938,2.715004,3.150531),(-2.820938,2.721375,3.12986),(-2.820938,2.73868,3.116881),(-2.820938,2.760309,3.116553),(-2.820938,2.778,3.129),(-2.820938,2.784996,3.149469),(-2.820938,2.778625,3.17014),(-2.820938,2.76132,3.183119),(-2.820938,2.739691,3.183447),(-2.820938,2.722,3.171),(-2.866069,2.722,3.171),(-2.866069,2.715004,3.150531),(-2.866069,2.721375,3.12986),(-2.866069,2.73868,3.116881),(-2.866069,2.760309,3.116553),(-2.866069,2.778,3.129),(-2.866069,2.784996,3.149469),(-2.866069,2.778625,3.17014),(-2.866069,2.76132,3.183119),(-2.866069,2.739691,3.183447),(-2.866069,2.722,3.171),(-2.9112,2.722,3.171),(-2.9112,2.715004,3.150531),(-2.9112,2.721375,3.12986),(-2.9112,2.73868,3.116881),(-2.9112,2.760309,3.116553),(-2.9112,2.778,3.129),(-2.9112,2.784996,3.149469),(-2.9112,2.778625,3.17014),(-2.9112,2.76132,3.183119),(-2.9112,2.739691,3.183447),(-2.9112,2.722,3.171),(-2.956331,2.722,3.171),(-2.956331,2.715004,3.150531),(-2.956331,2.721375,3.12986),(-2.956331,2.73868,3.116881),(-2.956331,2.760309,3.116553),(-2.956331,2.778,3.129),(-2.956331,2.784996,3.149469),(-2.956331,2.778625,3.17014),(-2.956331,2.76132,3.183119),(-2.956331,2.739691,3.183447),(-2.956331,2.722,3.171),(-3.001462,2.722,3.171),(-3.001462,2.715004,3.150531),(-3.001462,2.721375,3.12986),(-3.001462,2.73868,3.116881),(-3.001462,2.760309,3.116553),(-3.001462,2.778,3.129),(-3.001462,2.784996,3.149469),(-3.001462,2.778625,3.17014),(-3.001462,2.76132,3.183119),(-3.001462,2.739691,3.183447),(-3.001462,2.722,3.171),(-3.046593,2.722,3.171),(-3.046593,2.715004,3.150531),(-3.046593,2.721375,3.12986),(-3.046593,2.73868,3.116881),(-3.046593,2.760309,3.116553),(-3.046593,2.778,3.129),(-3.046593,2.784996,3.149469),(-3.046593,2.778625,3.17014),(-3.046593,2.76132,3.183119),(-3.046593,2.739691,3.183447),(-3.046593,2.722,3.171),(-3.091724,2.722,3.171),(-3.091724,2.715004,3.150531),(-3.091724,2.721375,3.12986),(-3.091724,2.73868,3.116881),(-3.091724,2.760309,3.116553),(-3.091724,2.778,3.129),(-3.091724,2.784996,3.149469),(-3.091724,2.778625,3.17014),(-3.091724,2.76132,3.183119),(-3.091724,2.739691,3.183447),(-3.091724,2.722,3.171),(-3.136855,2.722,3.171),(-3.136855,2.715004,3.150531),(-3.136855,2.721375,3.12986),(-3.136855,2.73868,3.116881),(-3.136855,2.760309,3.116553),(-3.136855,2.778,3.129),(-3.136855,2.784996,3.149469),(-3.136855,2.778625,3.17014),(-3.136855,2.76132,3.183119),(-3.136855,2.739691,3.183447),(-3.136855,2.722,3.171),(-3.181986,2.722,3.171),(-3.181986,2.715004,3.150531),(-3.181986,2.721375,3.12986),(-3.181986,2.73868,3.116881),(-3.181986,2.760309,3.116553),(-3.181986,2.778,3.129),(-3.181986,2.784996,3.149469),(-3.181986,2.778625,3.17014),(-3.181986,2.76132,3.183119),(-3.181986,2.739691,3.183447),(-3.181986,2.722,3.171),(-3.227117,2.722,3.171),(-3.227117,2.715004,3.150531),(-3.227117,2.721375,3.12986),(-3.227117,2.73868,3.116881),(-3.227117,2.760309,3.116553),(-3.227117,2.778,3.129),(-3.227117,2.784996,3.149469),(-3.227117,2.778625,3.17014),(-3.227117,2.76132,3.183119),(-3.227117,2.739691,3.183447),(-3.227117,2.722,3.171),(-3.272248,2.722,3.171),(-3.272248,2.715004,3.150531),(-3.272248,2.721375,3.12986),(-3.272248,2.73868,3.116881),(-3.272248,2.760309,3.116553),(-3.272248,2.778,3.129),(-3.272248,2.784996,3.149469),(-3.272248,2.778625,3.17014),(-3.272248,2.76132,3.183119),(-3.272248,2.739691,3.183447),(-3.272248,2.722,3.171),(-3.317379,2.722,3.171),(-3.317379,2.715004,3.150531),(-3.317379,2.721375,3.12986),(-3.317379,2.73868,3.116881),(-3.317379,2.760309,3.116553),(-3.317379,2.778,3.129),(-3.317379,2.784996,3.149469),(-3.317379,2.778625,3.17014),(-3.317379,2.76132,3.183119),(-3.317379,2.739691,3.183447),(-3.317379,2.722,3.171),(-3.36251,2.722,3.171),(-3.36251,2.715004,3.150531),(-3.36251,2.721375,3.12986),(-3.36251,2.73868,3.116881),(-3.36251,2.760309,3.116553),(-3.36251,2.778,3.129),(-3.36251,2.784996,3.149469),(-3.36251,2.778625,3.17014),(-3.36251,2.76132,3.183119),(-3.36251,2.739691,3.183447),(-3.36251,2.722,3.171),(-3.407641,2.722,3.171),(-3.407641,2.715004,3.150531),(-3.407641,2.721375,3.12986),(-3.407641,2.73868,3.116881),(-3.407641,2.760309,3.116553),(-3.407641,2.778,3.129),(-3.407641,2.784996,3.149469),(-3.407641,2.778625,3.17014),(-3.407641,2.76132,3.183119),(-3.407641,2.739691,3.183447),(-3.407641,2.722,3.171),(-3.452772,2.722,3.171),(-3.452772,2.715004,3.150531),(-3.452772,2.721375,3.12986),(-3.452772,2.73868,3.116881),(-3.452772,2.760309,3.116553),(-3.452772,2.778,3.129),(-3.452772,2.784996,3.149469),(-3.452772,2.778625,3.17014),(-3.452772,2.76132,3.183119),(-3.452772,2.739691,3.183447),(-3.452772,2.722,3.171),(-3.497903,2.722,3.171),(-3.497903,2.715004,3.150531),(-3.497903,2.721375,3.12986),(-3.497903,2.73868,3.116881),(-3.497903,2.760309,3.116553),(-3.497903,2.778,3.129),(-3.497903,2.784996,3.149469),(-3.497903,2.778625,3.17014),(-3.497903,2.76132,3.183119),(-3.497903,2.739691,3.183447),(-3.497903,2.722,3.171),(-3.543034,2.722,3.171),(-3.543034,2.715004,3.150531),(-3.543034,2.721375,3.12986),(-3.543034,2.73868,3.116881),(-3.543034,2.760309,3.116553),(-3.543034,2.778,3.129),(-3.543034,2.784996,3.149469),(-3.543034,2.778625,3.17014),(-3.543034,2.76132,3.183119),(-3.543034,2.739691,3.183447),(-3.543034,2.722,3.171),(-3.588165,2.722,3.171),(-3.588165,2.715004,3.150531),(-3.588165,2.721375,3.12986),(-3.588165,2.73868,3.116881),(-3.588165,2.760309,3.116553),(-3.588165,2.778,3.129),(-3.588165,2.784996,3.149469),(-3.588165,2.778625,3.17014),(-3.588165,2.76132,3.183119),(-3.588165,2.739691,3.183447),(-3.588165,2.722,3.171),(-3.633296,2.722,3.171),(-3.633296,2.715004,3.150531),(-3.633296,2.721375,3.12986),(-3.633296,2.73868,3.116881),(-3.633296,2.760309,3.116553),(-3.633296,2.778,3.129),(-3.633296,2.784996,3.149469),(-3.633296,2.778625,3.17014),(-3.633296,2.76132,3.183119),(-3.633296,2.739691,3.183447),(-3.633296,2.722,3.171),(-3.678427,2.722,3.171),(-3.678427,2.715004,3.150531),(-3.678427,2.721375,3.12986),(-3.678427,2.73868,3.116881),(-3.678427,2.760309,3.116553),(-3.678427,2.778,3.129),(-3.678427,2.784996,3.149469),(-3.678427,2.778625,3.17014),(-3.678427,2.76132,3.183119),(-3.678427,2.739691,3.183447),(-3.678427,2.722,3.171),(-3.723558,2.722,3.171),(-3.723558,2.715004,3.150531),(-3.723558,2.721375,3.12986),(-3.723558,2.73868,3.116881),(-3.723558,2.760309,3.116553),(-3.723558,2.778,3.129),(-3.723558,2.784996,3.149469),(-3.723558,2.778625,3.17014),(-3.723558,2.76132,3.183119),(-3.723558,2.739691,3.183447),(-3.723558,2.722,3.171),(-3.766542,2.721029,3.171),(-3.766011,2.714054,3.150531),(-3.766495,2.720407,3.12986),(-3.767809,2.737661,3.116881),(-3.769451,2.759228,3.116553),(-3.770795,2.776868,3.129),(-3.771326,2.783844,3.149469),(-3.770842,2.777491,3.17014),(-3.769528,2.760236,3.183119),(-3.767886,2.738669,3.183447),(-3.766542,2.721029,3.171),(-3.806741,2.714942,3.171),(-3.805113,2.708138,3.150531),(-3.806596,2.714334,3.12986),(-3.810622,2.731164,3.116881),(-3.815655,2.752199,3.116553),(-3.819771,2.769405,3.129),(-3.821398,2.776209,3.149469),(-3.819916,2.770012,3.17014),(-3.81589,2.753182,3.183119),(-3.810857,2.732147,3.183447),(-3.806741,2.714942,3.171),(-3.843364,2.70201,3.171),(-3.840273,2.695734,3.150531),(-3.843088,2.70145,3.12986),(-3.850735,2.716974,3.116881),(-3.860292,2.736376,3.116553),(-3.86811,2.752246,3.129),(-3.871202,2.758522,3.149469),(-3.868386,2.752806,3.17014),(-3.860739,2.737283,3.183119),(-3.851182,2.71788,3.183447),(-3.843364,2.70201,3.171),(-3.874035,2.681216,3.171),(-3.869301,2.676065,3.150531),(-3.873612,2.680756,3.12986),(-3.885323,2.693496,3.116881),(-3.89996,2.70942,3.116553),(-3.911931,2.722445,3.129),(-3.916666,2.727596,3.149469),(-3.912354,2.722905,3.17014),(-3.900644,2.710164,3.183119),(-3.886007,2.69424,3.183447),(-3.874035,2.681216,3.171),(-3.897059,2.652553,3.171),(-3.891029,2.649006,3.150531),(-3.896521,2.652236,3.12986),(-3.911436,2.66101,3.116881),(-3.930079,2.671977,3.116553),(-3.945327,2.680946,3.129),(-3.951357,2.684494,3.149469),(-3.945865,2.681263,3.17014),(-3.93095,2.672489,3.183119),(-3.912307,2.661523,3.183447),(-3.897059,2.652553,3.171),(-3.912103,2.617342,3.171),(-3.905398,2.615344,3.150531),(-3.911504,2.617163,3.12986),(-3.928089,2.622104,3.116881),(-3.948817,2.628279,3.116553),(-3.965772,2.633329,3.129),(-3.972477,2.635327,3.149469),(-3.966371,2.633508,3.17014),(-3.949786,2.628567,3.183119),(-3.929057,2.622392,3.183447),(-3.912103,2.617342,3.171),(-3.919946,2.577914,3.171),(-3.912996,2.577114,3.150531),(-3.919326,2.577842,3.12986),(-3.936517,2.579821,3.116881),(-3.958004,2.582294,3.116553),(-3.975579,2.584317,3.129),(-3.982529,2.585117,3.149469),(-3.976199,2.584389,3.17014),(-3.959008,2.58241,3.183119),(-3.937521,2.579937,3.183447),(-3.919946,2.577914,3.171),(-3.922,2.53606,3.171),(-3.915004,2.53606,3.150531),(-3.921375,2.53606,3.12986),(-3.93868,2.53606,3.116881),(-3.960309,2.53606,3.116553),(-3.978,2.53606,3.129),(-3.984996,2.53606,3.149469),(-3.978625,2.53606,3.17014),(-3.96132,2.53606,3.183119),(-3.939691,2.53606,3.183447),(-3.922,2.53606,3.171),(-3.922,2.490929,3.171),(-3.915004,2.490929,3.150531),(-3.921375,2.490929,3.12986),(-3.93868,2.490929,3.116881),(-3.960309,2.490929,3.116553),(-3.978,2.490929,3.129),(-3.984996,2.490929,3.149469),(-3.978625,2.490929,3.17014),(-3.96132,2.490929,3.183119),(-3.939691,2.490929,3.183447),(-3.922,2.490929,3.171),(-3.922,2.445798,3.171),(-3.915004,2.445798,3.150531),(-3.921375,2.445798,3.12986),(-3.93868,2.445798,3.116881),(-3.960309,2.445798,3.116553),(-3.978,2.445798,3.129),(-3.984996,2.445798,3.149469),(-3.978625,2.445798,3.17014),(-3.96132,2.445798,3.183119),(-3.939691,2.445798,3.183447),(-3.922,2.445798,3.171),(-3.922,2.400667,3.171),(-3.915004,2.400667,3.150531),(-3.921375,2.400667,3.12986),(-3.93868,2.400667,3.116881),(-3.960309,2.400667,3.116553),(-3.978,2.400667,3.129),(-3.984996,2.400667,3.149469),(-3.978625,2.400667,3.17014),(-3.96132,2.400667,3.183119),(-3.939691,2.400667,3.183447),(-3.922,2.400667,3.171),(-3.922,2.355536,3.171),(-3.915004,2.355536,3.150531),(-3.921375,2.355536,3.12986),(-3.93868,2.355536,3.116881),(-3.960309,2.355536,3.116553),(-3.978,2.355536,3.129),(-3.984996,2.355536,3.149469),(-3.978625,2.355536,3.17014),(-3.96132,2.355536,3.183119),(-3.939691,2.355536,3.183447),(-3.922,2.355536,3.171),(-3.922,2.310405,3.171),(-3.915004,2.310405,3.150531),(-3.921375,2.310405,3.12986),(-3.93868,2.310405,3.116881),(-3.960309,2.310405,3.116553),(-3.978,2.310405,3.129),(-3.984996,2.310405,3.149469),(-3.978625,2.310405,3.17014),(-3.96132,2.310405,3.183119),(-3.939691,2.310405,3.183447),(-3.922,2.310405,3.171),(-3.922,2.265274,3.171),(-3.915004,2.265274,3.150531),(-3.921375,2.265274,3.12986),(-3.93868,2.265274,3.116881),(-3.960309,2.265274,3.116553),(-3.978,2.265274,3.129),(-3.984996,2.265274,3.149469),(-3.978625,2.265274,3.17014),(-3.96132,2.265274,3.183119),(-3.939691,2.265274,3.183447),(-3.922,2.265274,3.171),(-3.922,2.220143,3.171),(-3.915004,2.220143,3.150531),(-3.921375,2.220143,3.12986),(-3.93868,2.220143,3.116881),(-3.960309,2.220143,3.116553),(-3.978,2.220143,3.129),(-3.984996,2.220143,3.149469),(-3.978625,2.220143,3.17014),(-3.96132,2.220143,3.183119),(-3.939691,2.220143,3.183447),(-3.922,2.220143,3.171),(-3.922,2.175012,3.171),(-3.915004,2.175012,3.150531),(-3.921375,2.175012,3.12986),(-3.93868,2.175012,3.116881),(-3.960309,2.175012,3.116553),(-3.978,2.175012,3.129),(-3.984996,2.175012,3.149469),(-3.978625,2.175012,3.17014),(-3.96132,2.175012,3.183119),(-3.939691,2.175012,3.183447),(-3.922,2.175012,3.171),(-3.922,2.129881,3.171),(-3.915004,2.129881,3.150531),(-3.921375,2.129881,3.12986),(-3.93868,2.129881,3.116881),(-3.960309,2.129881,3.116553),(-3.978,2.129881,3.129),(-3.984996,2.129881,3.149469),(-3.978625,2.129881,3.17014),(-3.96132,2.129881,3.183119),(-3.939691,2.129881,3.183447),(-3.922,2.129881,3.171),(-3.922,2.084749,3.171),(-3.915004,2.084749,3.150531),(-3.921375,2.084749,3.12986),(-3.93868,2.084749,3.116881),(-3.960309,2.084749,3.116553),(-3.978,2.084749,3.129),(-3.984996,2.084749,3.149469),(-3.978625,2.084749,3.17014),(-3.96132,2.084749,3.183119),(-3.939691,2.084749,3.183447),(-3.922,2.084749,3.171),(-3.922,2.039618,3.171),(-3.915004,2.039618,3.150531),(-3.921375,2.039618,3.12986),(-3.93868,2.039618,3.116881),(-3.960309,2.039618,3.116553),(-3.978,2.039618,3.129),(-3.984996,2.039618,3.149469),(-3.978625,2.039618,3.17014),(-3.96132,2.039618,3.183119),(-3.939691,2.039618,3.183447),(-3.922,2.039618,3.171),(-3.922,1.994488,3.171),(-3.915004,1.994488,3.150531),(-3.921375,1.994488,3.12986),(-3.93868,1.994488,3.116881),(-3.960309,1.994488,3.116553),(-3.978,1.994488,3.129),(-3.984996,1.994488,3.149469),(-3.978625,1.994488,3.17014),(-3.96132,1.994488,3.183119),(-3.939691,1.994488,3.183447),(-3.922,1.994488,3.171),(-3.922,1.949356,3.171),(-3.915004,1.949356,3.150531),(-3.921375,1.949356,3.12986),(-3.93868,1.949356,3.116881),(-3.960309,1.949356,3.116553),(-3.978,1.949356,3.129),(-3.984996,1.949356,3.149469),(-3.978625,1.949356,3.17014),(-3.96132,1.949356,3.183119),(-3.939691,1.949356,3.183447),(-3.922,1.949356,3.171),(-3.922,1.904225,3.171),(-3.915004,1.904225,3.150531),(-3.921375,1.904225,3.12986),(-3.93868,1.904225,3.116881),(-3.960309,1.904225,3.116553),(-3.978,1.904225,3.129),(-3.984996,1.904225,3.149469),(-3.978625,1.904225,3.17014),(-3.96132,1.904225,3.183119),(-3.939691,1.904225,3.183447),(-3.922,1.904225,3.171),(-3.923022,1.856967,3.171),(-3.916046,1.856431,3.150531),(-3.922399,1.856919,3.12986),(-3.939653,1.858245,3.116881),(-3.961218,1.859902,3.116553),(-3.978857,1.861257,3.129),(-3.985832,1.861793,3.149469),(-3.97948,1.861305,3.17014),(-3.962226,1.859979,3.183119),(-3.94066,1.858322,3.183447),(-3.923022,1.856967,3.171),(-3.931235,1.80736,3.171),(-3.924478,1.805545,3.150531),(-3.930631,1.807198,3.12986),(-3.947344,1.811689,3.116881),(-3.968231,1.817301,3.116553),(-3.985317,1.821892,3.129),(-3.992073,1.823707,3.149469),(-3.98592,1.822054,3.17014),(-3.969208,1.817563,3.183119),(-3.94832,1.811951,3.183447),(-3.931235,1.80736,3.171),(-3.951292,1.758747,3.171),(-3.945266,1.755191,3.150531),(-3.950754,1.758429,3.12986),(-3.965657,1.767223,3.116881),(-3.984285,1.778214,3.116553),(-3.999522,1.787205,3.129),(-4.005547,1.79076,3.149469),(-4.00006,1.787522,3.17014),(-3.985156,1.778728,3.183119),(-3.966528,1.767737,3.183447),(-3.951292,1.758747,3.171),(-3.986332,1.717142,3.171),(-3.981826,1.711791,3.150531),(-3.98593,1.716664,3.12986),(-3.997077,1.729901,3.116881),(-4.011009,1.746444,3.116553),(-4.022405,1.759976,3.129),(-4.026911,1.765327,3.149469),(-4.022807,1.760454,3.17014),(-4.01166,1.747217,3.183119),(-3.997728,1.730674,3.183447),(-3.986332,1.717142,3.171),(-4.032437,1.689588,3.171),(-4.029792,1.683111,3.150531),(-4.0322,1.68901,3.12986),(-4.038743,1.705031,3.116881),(-4.046919,1.725054,3.116553),(-4.053607,1.741432,3.129),(-4.056252,1.747909,3.149469),(-4.053843,1.742011,3.17014),(-4.047301,1.72599,3.183119),(-4.039124,1.705966,3.183447),(-4.032437,1.689588,3.171),(-4.081993,1.675974,3.171),(-4.080869,1.669069,3.150531),(-4.081892,1.675358,3.12986),(-4.084671,1.692438,3.116881),(-4.088143,1.713786,3.116553),(-4.090983,1.731248,3.129),(-4.092107,1.738153,3.149469),(-4.091084,1.731864,3.17014),(-4.088305,1.714784,3.183119),(-4.084833,1.693436,3.183447),(-4.081993,1.675974,3.171),(-4.131209,1.672014,3.171),(-4.131151,1.665018,3.150531),(-4.131204,1.671389,3.12986),(-4.131349,1.688693,3.116881),(-4.131531,1.710321,3.116553),(-4.131679,1.728012,3.129),(-4.131738,1.735008,3.149469),(-4.131684,1.728636,3.17014),(-4.131539,1.711332,3.183119),(-4.131358,1.689704,3.183447),(-4.131209,1.672014,3.171),(-4.176637,1.672,3.170998),(-4.176578,1.665004,3.150529),(-4.176517,1.671376,3.129858),(-4.176479,1.688681,3.116879),(-4.176478,1.710309,3.116551),(-4.176515,1.728,3.128999),(-4.176574,1.734996,3.149467),(-4.176635,1.728624,3.170139),(-4.176673,1.711319,3.183117),(-4.176674,1.689691,3.183445),(-4.176637,1.672,3.170998),(-4.224763,1.672,3.167452),(-4.221639,1.665004,3.147223),(-4.218484,1.671376,3.126794),(-4.216504,1.688681,3.113968),(-4.216454,1.710309,3.113643),(-4.218353,1.728,3.125945),(-4.221477,1.734996,3.146174),(-4.224632,1.728624,3.166603),(-4.226612,1.711319,3.17943),(-4.226662,1.689691,3.179754),(-4.224763,1.672,3.167452),(-4.27285,1.672,3.154761),(-4.265336,1.665004,3.135721),(-4.257748,1.671376,3.116493),(-4.252984,1.688681,3.10442),(-4.252863,1.710309,3.104115),(-4.257433,1.728,3.115694),(-4.264946,1.734996,3.134733),(-4.272534,1.728624,3.153962),(-4.277299,1.711319,3.166034),(-4.277419,1.689691,3.166339),(-4.27285,1.672,3.154761),(-4.317392,1.672,3.128969),(-4.304443,1.665004,3.113117),(-4.291366,1.671376,3.097108),(-4.283155,1.688681,3.087056),(-4.282948,1.710309,3.086802),(-4.290822,1.728,3.096442),(-4.303771,1.734996,3.112294),(-4.316848,1.728624,3.128304),(-4.325059,1.711319,3.138355),(-4.325266,1.689691,3.138609),(-4.317392,1.672,3.128969),(-4.351511,1.672,3.089645),(-4.334028,1.665004,3.079),(-4.316372,1.671376,3.068249),(-4.305287,1.688681,3.061499),(-4.305007,1.710309,3.061329),(-4.315639,1.728,3.067802),(-4.333121,1.734996,3.078447),(-4.350778,1.728624,3.089198),(-4.361863,1.711319,3.095948),(-4.362143,1.689691,3.096118),(-4.351511,1.672,3.089645),(-4.371427,1.672,3.042933),(-4.351713,1.665004,3.037425),(-4.331804,1.671376,3.031863),(-4.319304,1.688681,3.028371),(-4.318988,1.710309,3.028282),(-4.330976,1.728,3.031632),(-4.35069,1.734996,3.03714),(-4.370599,1.728624,3.042702),(-4.383099,1.711319,3.046194),(-4.383415,1.689691,3.046283),(-4.371427,1.672,3.042933),(-4.379829,1.672,2.994609),(-4.359432,1.665004,2.992904),(-4.338832,1.671376,2.991183),(-4.325899,1.688681,2.990102),(-4.325572,1.710309,2.990075),(-4.337976,1.728,2.991111),(-4.358374,1.734996,2.992816),(-4.378973,1.728624,2.994537),(-4.391907,1.711319,2.995618),(-4.392234,1.689691,2.995645),(-4.379829,1.672,2.994609),(-4.381,1.672,2.947752),(-4.360531,1.665004,2.947752),(-4.339859,1.671376,2.947752),(-4.326881,1.688681,2.947752),(-4.326553,1.710309,2.947752),(-4.339,1.728,2.947752),(-4.359469,1.734996,2.947752),(-4.380141,1.728624,2.947752),(-4.393119,1.711319,2.947752),(-4.393447,1.689691,2.947752),(-4.381,1.672,2.947752),(-4.381,1.672,2.902621),(-4.360531,1.665004,2.902621),(-4.339859,1.671376,2.902621),(-4.326881,1.688681,2.902621),(-4.326553,1.710309,2.902621),(-4.339,1.728,2.902621),(-4.359469,1.734996,2.902621),(-4.380141,1.728624,2.902621),(-4.393119,1.711319,2.902621),(-4.393447,1.689691,2.902621),(-4.381,1.672,2.902621),(-4.381,1.672,2.85749),(-4.360531,1.665004,2.85749),(-4.339859,1.671376,2.85749),(-4.326881,1.688681,2.85749),(-4.326553,1.710309,2.85749),(-4.339,1.728,2.85749),(-4.359469,1.734996,2.85749),(-4.380141,1.728624,2.85749),(-4.393119,1.711319,2.85749),(-4.393447,1.689691,2.85749),(-4.381,1.672,2.85749),(-4.381,1.672,2.812359),(-4.360531,1.665004,2.812359),(-4.339859,1.671376,2.812359),(-4.326881,1.688681,2.812359),(-4.326553,1.710309,2.812359),(-4.339,1.728,2.812359),(-4.359469,1.734996,2.812359),(-4.380141,1.728624,2.812359),(-4.393119,1.711319,2.812359),(-4.393447,1.689691,2.812359),(-4.381,1.672,2.812359),(-4.381,1.672,2.767228),(-4.360531,1.665004,2.767228),(-4.339859,1.671376,2.767228),(-4.326881,1.688681,2.767228),(-4.326553,1.710309,2.767228),(-4.339,1.728,2.767228),(-4.359469,1.734996,2.767228),(-4.380141,1.728624,2.767228),(-4.393119,1.711319,2.767228),(-4.393447,1.689691,2.767228),(-4.381,1.672,2.767228),(-4.381,1.672,2.722097),(-4.360531,1.665004,2.722097),(-4.339859,1.671376,2.722097),(-4.326881,1.688681,2.722097),(-4.326553,1.710309,2.722097),(-4.339,1.728,2.722097),(-4.359469,1.734996,2.722097),(-4.380141,1.728624,2.722097),(-4.393119,1.711319,2.722097),(-4.393447,1.689691,2.722097),(-4.381,1.672,2.722097),(-4.381,1.672,2.676965),(-4.360531,1.665004,2.676965),(-4.339859,1.671376,2.676965),(-4.326881,1.688681,2.676965),(-4.326553,1.710309,2.676965),(-4.339,1.728,2.676965),(-4.359469,1.734996,2.676965),(-4.380141,1.728624,2.676965),(-4.393119,1.711319,2.676965),(-4.393447,1.689691,2.676965),(-4.381,1.672,2.676965),(-4.381,1.672,2.631835),(-4.360531,1.665004,2.631835),(-4.339859,1.671376,2.631835),(-4.326881,1.688681,2.631835),(-4.326553,1.710309,2.631835),(-4.339,1.728,2.631835),(-4.359469,1.734996,2.631835),(-4.380141,1.728624,2.631835),(-4.393119,1.711319,2.631835),(-4.393447,1.689691,2.631835),(-4.381,1.672,2.631835),(-4.381,1.672,2.586704),(-4.360531,1.665004,2.586704),(-4.339859,1.671376,2.586704),(-4.326881,1.688681,2.586704),(-4.326553,1.710309,2.586704),(-4.339,1.728,2.586704),(-4.359469,1.734996,2.586704),(-4.380141,1.728624,2.586704),(-4.393119,1.711319,2.586704),(-4.393447,1.689691,2.586704),(-4.381,1.672,2.586704),(-4.381,1.672,2.541572),(-4.360531,1.665004,2.541572),(-4.339859,1.671376,2.541572),(-4.326881,1.688681,2.541572),(-4.326553,1.710309,2.541572),(-4.339,1.728,2.541572),(-4.359469,1.734996,2.541572),(-4.380141,1.728624,2.541572),(-4.393119,1.711319,2.541572),(-4.393447,1.689691,2.541572),(-4.381,1.672,2.541572),(-4.381,1.672,2.496441),(-4.360531,1.665004,2.496441),(-4.339859,1.671376,2.496441),(-4.326881,1.688681,2.496441),(-4.326553,1.710309,2.496441),(-4.339,1.728,2.496441),(-4.359469,1.734996,2.496441),(-4.380141,1.728624,2.496441),(-4.393119,1.711319,2.496441),(-4.393447,1.689691,2.496441),(-4.381,1.672,2.496441),(-4.381,1.672,2.45131),(-4.360531,1.665004,2.45131),(-4.339859,1.671376,2.45131),(-4.326881,1.688681,2.45131),(-4.326553,1.710309,2.45131),(-4.339,1.728,2.45131),(-4.359469,1.734996,2.45131),(-4.380141,1.728624,2.45131),(-4.393119,1.711319,2.45131),(-4.393447,1.689691,2.45131),(-4.381,1.672,2.45131),(-4.381,1.672,2.406179),(-4.360531,1.665004,2.406179),(-4.339859,1.671376,2.406179),(-4.326881,1.688681,2.406179),(-4.326553,1.710309,2.406179),(-4.339,1.728,2.406179),(-4.359469,1.734996,2.406179),(-4.380141,1.728624,2.406179),(-4.393119,1.711319,2.406179),(-4.393447,1.689691,2.406179),(-4.381,1.672,2.406179),(-4.381,1.672,2.361048),(-4.360531,1.665004,2.361048),(-4.339859,1.671376,2.361048),(-4.326881,1.688681,2.361048),(-4.326553,1.710309,2.361048),(-4.339,1.728,2.361048),(-4.359469,1.734996,2.361048),(-4.380141,1.728624,2.361048),(-4.393119,1.711319,2.361048),(-4.393447,1.689691,2.361048),(-4.381,1.672,2.361048),(-4.381,1.672,2.315917),(-4.360531,1.665004,2.315917),(-4.339859,1.671376,2.315917),(-4.326881,1.688681,2.315917),(-4.326553,1.710309,2.315917),(-4.339,1.728,2.315917),(-4.359469,1.734996,2.315917),(-4.380141,1.728624,2.315917),(-4.393119,1.711319,2.315917),(-4.393447,1.689691,2.315917),(-4.381,1.672,2.315917),(-4.381,1.672,2.270786),(-4.360531,1.665004,2.270786),(-4.339859,1.671376,2.270786),(-4.326881,1.688681,2.270786),(-4.326553,1.710309,2.270786),(-4.339,1.728,2.270786),(-4.359469,1.734996,2.270786),(-4.380141,1.728624,2.270786),(-4.393119,1.711319,2.270786),(-4.393447,1.689691,2.270786),(-4.381,1.672,2.270786),(-4.381,1.672,2.225655),(-4.360531,1.665004,2.225655),(-4.339859,1.671376,2.225655),(-4.326881,1.688681,2.225655),(-4.326553,1.710309,2.225655),(-4.339,1.728,2.225655),(-4.359469,1.734996,2.225655),(-4.380141,1.728624,2.225655),(-4.393119,1.711319,2.225655),(-4.393447,1.689691,2.225655),(-4.381,1.672,2.225655),(-4.381,1.672,2.180524),(-4.360531,1.665004,2.180524),(-4.339859,1.671376,2.180524),(-4.326881,1.688681,2.180524),(-4.326553,1.710309,2.180524),(-4.339,1.728,2.180524),(-4.359469,1.734996,2.180524),(-4.380141,1.728624,2.180524),(-4.393119,1.711319,2.180524),(-4.393447,1.689691,2.180524),(-4.381,1.672,2.180524),(-4.381,1.672,2.135393),(-4.360531,1.665004,2.135393),(-4.339859,1.671376,2.135393),(-4.326881,1.688681,2.135393),(-4.326553,1.710309,2.135393),(-4.339,1.728,2.135393),(-4.359469,1.734996,2.135393),(-4.380141,1.728624,2.135393),(-4.393119,1.711319,2.135393),(-4.393447,1.689691,2.135393),(-4.381,1.672,2.135393),(-4.381,1.672,2.090262),(-4.360531,1.665004,2.090262),(-4.339859,1.671376,2.090262),(-4.326881,1.688681,2.090262),(-4.326553,1.710309,2.090262),(-4.339,1.728,2.090262),(-4.359469,1.734996,2.090262),(-4.380141,1.728624,2.090262),(-4.393119,1.711319,2.090262),(-4.393447,1.689691,2.090262),(-4.381,1.672,2.090262),(-4.381,1.672,2.045131),(-4.360531,1.665004,2.045131),(-4.339859,1.671376,2.045131),(-4.326881,1.688681,2.045131),(-4.326553,1.710309,2.045131),(-4.339,1.728,2.045131),(-4.359469,1.734996,2.045131),(-4.380141,1.728624,2.045131),(-4.393119,1.711319,2.045131),(-4.393447,1.689691,2.045131),(-4.381,1.672,2.045131),(-4.381,1.672,2.),(-4.360531,1.665004,2.),(-4.339859,1.671376,2.),(-4.326881,1.688681,2.),(-4.326553,1.710309,2.),(-4.339,1.728,2.),(-4.359469,1.734996,2.),(-4.380141,1.728624,2.),(-4.393119,1.711319,2.),(-4.393447,1.689691,2.),(-4.381,1.672,2.)));
#381=IFCTRIANGULATEDFACESET(#380,$,$,((1,12,2),(12,13,2),(2,13,3),(13,14,3),(3,14,4),(14,15,4),(4,15,5),(15,16,5),(5,16,6),(16,17,6),(6,17,7),(17,18,7),(7,18,8),(18,19,8),(8,19,9),(19,20,9),(9,20,10),(20,21,10),(10,21,11),(21,22,11),(12,23,13),(23,24,13),(13,24,14),(24,25,14),(14,25,15),(25,26,15),(15,26,16),(26,27,16),(16,27,17),(27,28,17),(17,28,18),(28,29,18),(18,29,19),(29,30,19),(19,30,20),(30,31,20),(20,31,21),(31,32,21),(21,32,22),(32,33,22),(23,34,24),(34,35,24),(24,35,25),(35,36,25),(25,36,26),(36,37,26),(26,37,27),(37,38,27),(27,38,28),(38,39,28),(28,39,29),(39,40,29),(29,40,30),(40,41,30),(30,41,31),(41,42,31),(31,42,32),(42,43,32),(32,43,33),(43,44,33),(34,45,35),(45,46,35),(35,46,36),(46,47,36),(36,47,37),(47,48,37),(37,48,38),(48,49,38),(38,49,39),(49,50,39),(39,50,40),(50,51,40),(40,51,41),(51,52,41),(41,52,42),(52,53,42),(42,53,43),(53,54,43),(43,54,44),(54,55,44),(45,56,46),(56,57,46),(46,57,47),(57,58,47),(47,58,48),(58,59,48),(48,59,49),(59,60,49),(49,60,50),(60,61,50),(50,61,51),(61,62,51),(51,62,52),(62,63,52),(52,63,53),(63,64,53),(53,64,54),(64,65,54),(54,65,55),(65,66,55),(56,67,57),(67,68,57),(57,68,58),(68,69,58),(58,69,59),(69,70,59),(59,70,60),(70,71,60),(60,71,61),(71,72,61),(61,72,62),(72,73,62),(62,73,63),(73,74,63),(63,74,64),(74,75,64),(64,75,65),(75,76,65),(65,76,66),(76,77,66),(67,78,68),(78,79,68),(68,79,69),(79,80,69),(69,80,70),(80,81,70),(70,81,71),(81,82,71),(71,82,72),(82,83,72),(72,83,73),(83,84,73),(73,84,74),(84,85,74),(74,85,75),(85,86,75),(75,86,76),(86,87,76),(76,87,77),(87,88,77),(78,89,79),(89,90,79),(79,90,80),(90,91,80),(80,91,81),(91,92,81),(81,92,82),(92,93,82),(82,93,83),(93,94,83),(83,94,84),(94,95,84),(84,95,85),(95,96,85),(85,96,86),(96,97,86),(86,97,87),(97,98,87),(87,98,88),(98,99,88),(89,100,90),(100,101,90),(90,101,91),(101,102,91),(91,102,92),(102,103,92),(92,103,93),(103,104,93),(93,104,94),(104,105,94),(94,105,95),(105,106,95),(95,106,96),(106,107,96),(96,107,97),(107,108,97),(97,108,98),(108,109,98),(98,109,99),(109,110,99),(100,111,101),(111,112,101),(101,112,102),(112,113,102),(102,113,103),(113,114,103),(103,114,104),(114,115,104),(104,115,105),(115,116,105),(105,116,106),(116,117,106),(106,117,107),(117,118,107),(107,118,108),(118,119,108),(108,119,109),(119,120,109),(109,120,110),(120,121,110),(111,122,112),(122,123,112),(112,123,113),(123,124,113),(113,124,114),(124,125,114),(114,125,115),(125,126,115),(115,126,116),(126,127,116),(116,127,117),(127,128,117),(117,128,118),(128,129,118),(118,129,119),(129,130,119),(119,130,120),(130,131,120),(120,131,121),(131,132,121),(122,133,123),(133,134,123),(123,134,124),(134,135,124),(124,135,125),(135,136,125),(125,136,126),(136,137,126),(126,137,127),(137,138,127),(127,138,128),(138,139,128),(128,139,129),(139,140,129),(129,140,130),(140,141,130),(130,141,131),(141,142,131),(131,142,132),(142,143,132),(133,144,134),(144,145,134),(134,145,135),(145,146,135),(135,146,136),(146,147,136),(136,147,137),(147,148,137),(137,148,138),(148,149,138),(138,149,139),(149,150,139),(139,150,140),(150,151,140),(140,151,141),(151,152,141),(141,152,142),(152,153,142),(142,153,143),(153,154,143),(144,155,145),(155,156,145),(145,156,146),(156,157,146),(146,157,147),(157,158,147),(147,158,148),(158,159,148),(148,159,149),(159,160,149),(149,160,150),(160,161,150),(150,161,151),(161,162,151),(151,162,152),(162,163,152),(152,163,153),(163,164,153),(153,164,154),(164,165,154),(155,166,156),(166,167,156),(156,167,157),(167,168,157),(157,168,158),(168,169,158),(158,169,159),(169,170,159),(159,170,160),(170,171,160),(160,171,161),(171,172,161),(161,172,162),(172,173,162),(162,173,163),(173,174,163),(163,174,164),(174,175,164),(164,175,165),(175,176,165),(166,177,167),(177,178,167),(167,178,168),(178,179,168),(168,179,169),(179,180,169),(169,180,170),(180,181,170),(170,181,171),(181,182,171),(171,182,172),(182,183,172),(172,183,173),(183,184,173),(173,184,174),(184,185,174),(174,185,175),(185,186,175),(175,186,176),(186,187,176),(177,188,178),(188,189,178),(178,189,179),(189,190,179),(179,190,180),(190,191,180),(180,191,181),(191,192,181),(181,192,182),(192,193,182),(182,193,183),(193,194,183),(183,194,184),(194,195,184),(184,195,185),(195,196,185),(185,196,186),(196,197,186),(186,197,187),(197,198,187),(188,199,189),(199,200,189),(189,200,190),(200,201,190),(190,201,191),(201,202,191),(191,202,192),(202,203,192),(192,203,193),(203,204,193),(193,204,194),(204,205,194),(194,205,195),(205,206,195),(195,206,196),(206,207,196),(196,207,197),(207,208,197),(197,208,198),(208,209,198),(199,210,200),(210,211,200),(200,211,201),(211,212,201),(201,212,202),(212,213,202),(202,213,203),(213,214,203),(203,214,204),(214,215,204),(204,215,205),(215,216,205),(205,216,206),(216,217,206),(206,217,207),(217,218,207),(207,218,208),(218,219,208),(208,219,209),(219,220,209),(210,221,211),(221,222,211),(211,222,212),(222,223,212),(212,223,213),(223,224,213),(213,224,214),(224,225,214),(214,225,215),(225,226,215),(215,226,216),(226,227,216),(216,227,217),(227,228,217),(217,228,218),(228,229,218),(218,229,219),(229,230,219),(219,230,220),(230,231,220),(221,232,222),(232,233,222),(222,233,223),(233,234,223),(223,234,224),(234,235,224),(224,235,225),(235,236,225),(225,236,226),(236,237,226),(226,237,227),(237,238,227),(227,238,228),(238,239,228),(228,239,229),(239,240,229),(229,240,230),(240,241,230),(230,241,231),(241,242,231),(232,243,233),(243,244,233),(233,244,234),(244,245,234),(234,245,235),(245,246,235),(235,246,236),(246,247,236),(236,247,237),(247,248,237),(237,248,238),(248,249,238),(238,249,239),(249,250,239),(239,250,240),(250,251,240),(240,251,241),(251,252,241),(241,252,242),(252,253,242),(243,254,244),(254,255,244),(244,255,245),(255,256,245),(245,256,246),(256,257,246),(246,257,247),(257,258,247),(247,258,248),(258,259,248),(248,259,249),(259,260,249),(249,260,250),(260,261,250),(250,261,251),(261,262,251),(251,262,252),(262,263,252),(252,263,253),(263,264,253),(254,265,255),(265,266,255),(255,266,256),(266,267,256),(256,267,257),(267,268,257),(257,268,258),(268,269,258),(258,269,259),(269,270,259),(259,270,260),(270,271,260),(260,271,261),(271,272,261),(261,272,262),(272,273,262),(262,273,263),(273,274,263),(263,274,264),(274,275,264),(265,276,266),(276,277,266),(266,277,267),(277,278,267),(267,278,268),(278,279,268),(268,279,269),(279,280,269),(269,280,270),(280,281,270),(270,281,271),(281,282,271),(271,282,272),(282,283,272),(272,283,273),(283,284,273),(273,284,274),(284,285,274),(274,285,275),(285,286,275),(276,287,277),(287,288,277),(277,288,278),(288,289,278),(278,289,279),(289,290,279),(279,290,280),(290,291,280),(280,291,281),(291,292,281),(281,292,282),(292,293,282),(282,293,283),(293,294,283),(283,294,284),(294,295,284),(284,295,285),(295,296,285),(285,296,286),(296,297,286),(287,298,288),(298,299,288),(288,299,289),(299,300,289),(289,300,290),(300,301,290),(290,301,291),(301,302,291),(291,302,292),(302,303,292),(292,303,293),(303,304,293),(293,304,294),(304,305,294),(294,305,295),(305,306,295),(295,306,296),(306,307,296),(296,307,297),(307,308,297),(298,309,299),(309,310,299),(299,310,300),(310,311,300),(300,311,301),(311,312,301),(301,312,302),(312,313,302),(302,313,303),(313,314,303),(303,314,304),(314,315,304),(304,315,305),(315,316,305),(305,316,306),(316,317,306),(306,317,307),(317,318,307),(307,318,308),(318,319,308),(309,320,310),(320,321,310),(310,321,311),(321,322,311),(311,322,312),(322,323,312),(312,323,313),(323,324,313),(313,324,314),(324,325,314),(314,325,315),(325,326,315),(315,326,316),(326,327,316),(316,327,317),(327,328,317),(317,328,318),(328,329,318),(318,329,319),(329,330,319),(320,331,321),(331,332,321),(321,332,322),(332,333,322),(322,333,323),(333,334,323),(323,334,324),(334,335,324),(324,335,325),(335,336,325),(325,336,326),(336,337,326),(326,337,327),(337,338,327),(327,338,328),(338,339,328),(328,339,329),(339,340,329),(329,340,330),(340,341,330),(331,342,332),(342,343,332),(332,343,333),(343,344,333),(333,344,334),(344,345,334),(334,345,335),(345,346,335),(335,346,336),(346,347,336),(336,347,337),(347,348,337),(337,348,338),(348,349,338),(338,349,339),(349,350,339),(339,350,340),(350,351,340),(340,351,341),(351,352,341),(342,353,343),(353,354,343),(343,354,344),(354,355,344),(344,355,345),(355,356,345),(345,356,346),(356,357,346),(346,357,347),(357,358,347),(347,358,348),(358,359,348),(348,359,349),(359,360,349),(349,360,350),(360,361,350),(350,361,351),(361,362,351),(351,362,352),(362,363,352),(353,364,354),(364,365,354),(354,365,355),(365,366,355),(355,366,356),(366,367,356),(356,367,357),(367,368,357),(357,368,358),(368,369,358),(358,369,359),(369,370,359),(359,370,360),(370,371,360),(360,371,361),(371,372,361),(361,372,362),(372,373,362),(362,373,363),(373,374,363),(364,375,365),(375,376,365),(365,376,366),(376,377,366),(366,377,367),(377,378,367),(367,378,368),(378,379,368),(368,379,369),(379,380,369),(369,380,370),(380,381,370),(370,381,371),(381,382,371),(371,382,372),(382,383,372),(372,383,373),(383,384,373),(373,384,374),(384,385,374),(375,386,376),(386,387,376),(376,387,377),(387,388,377),(377,388,378),(388,389,378),(378,389,379),(389,390,379),(379,390,380),(390,391,380),(380,391,381),(391,392,381),(381,392,382),(392,393,382),(382,393,383),(393,394,383),(383,394,384),(394,395,384),(384,395,385),(395,396,385),(386,397,387),(397,398,387),(387,398,388),(398,399,388),(388,399,389),(399,400,389),(389,400,390),(400,401,390),(390,401,391),(401,402,391),(391,402,392),(402,403,392),(392,403,393),(403,404,393),(393,404,394),(404,405,394),(394,405,395),(405,406,395),(395,406,396),(406,407,396),(397,408,398),(408,409,398),(398,409,399),(409,410,399),(399,410,400),(410,411,400),(400,411,401),(411,412,401),(401,412,402),(412,413,402),(402,413,403),(413,414,403),(403,414,404),(414,415,404),(404,415,405),(415,416,405),(405,416,406),(416,417,406),(406,417,407),(417,418,407),(408,419,409),(419,420,409),(409,420,410),(420,421,410),(410,421,411),(421,422,411),(411,422,412),(422,423,412),(412,423,413),(423,424,413),(413,424,414),(424,425,414),(414,425,415),(425,426,415),(415,426,416),(426,427,416),(416,427,417),(427,428,417),(417,428,418),(428,429,418),(419,430,420),(430,431,420),(420,431,421),(431,432,421),(421,432,422),(432,433,422),(422,433,423),(433,434,423),(423,434,424),(434,435,424),(424,435,425),(435,436,425),(425,436,426),(436,437,426),(426,437,427),(437,438,427),(427,438,428),(438,439,428),(428,439,429),(439,440,429),(430,441,431),(441,442,431),(431,442,432),(442,443,432),(432,443,433),(443,444,433),(433,444,434),(444,445,434),(434,445,435),(445,446,435),(435,446,436),(446,447,436),(436,447,437),(447,448,437),(437,448,438),(448,449,438),(438,449,439),(449,450,439),(439,450,440),(450,451,440),(441,452,442),(452,453,442),(442,453,443),(453,454,443),(443,454,444),(454,455,444),(444,455,445),(455,456,445),(445,456,446),(456,457,446),(446,457,447),(457,458,447),(447,458,448),(458,459,448),(448,459,449),(459,460,449),(449,460,450),(460,461,450),(450,461,451),(461,462,451),(452,463,453),(463,464,453),(453,464,454),(464,465,454),(454,465,455),(465,466,455),(455,466,456),(466,467,456),(456,467,457),(467,468,457),(457,468,458),(468,469,458),(458,469,459),(469,470,459),(459,470,460),(470,471,460),(460,471,461),(471,472,461),(461,472,462),(472,473,462),(463,474,464),(474,475,464),(464,475,465),(475,476,465),(465,476,466),(476,477,466),(466,477,467),(477,478,467),(467,478,468),(478,479,468),(468,479,469),(479,480,469),(469,480,470),(480,481,470),(470,481,471),(481,482,471),(471,482,472),(482,483,472),(472,483,473),(483,484,473),(474,485,475),(485,486,475),(475,486,476),(486,487,476),(476,487,477),(487,488,477),(477,488,478),(488,489,478),(478,489,479),(489,490,479),(479,490,480),(490,491,480),(480,491,481),(491,492,481),(481,492,482),(492,493,482),(482,493,483),(493,494,483),(483,494,484),(494,495,484),(485,496,486),(496,497,486),(486,497,487),(497,498,487),(487,498,488),(498,499,488),(488,499,489),(499,500,489),(489,500,490),(500,501,490),(490,501,491),(501,502,491),(491,502,492),(502,503,492),(492,503,493),(503,504,493),(493,504,494),(504,505,494),(494,505,495),(505,506,495),(496,507,497),(507,508,497),(497,508,498),(508,509,498),(498,509,499),(509,510,499),(499,510,500),(510,511,500),(500,511,501),(511,512,501),(501,512,502),(512,513,502),(502,513,503),(513,514,503),(503,514,504),(514,515,504),(504,515,505),(515,516,505),(505,516,506),(516,517,506),(507,518,508),(518,519,508),(508,519,509),(519,520,509),(509,520,510),(520,521,510),(510,521,511),(521,522,511),(511,522,512),(522,523,512),(512,523,513),(523,524,513),(513,524,514),(524,525,514),(514,525,515),(525,526,515),(515,526,516),(526,527,516),(516,527,517),(527,528,517),(518,529,519),(529,530,519),(519,530,520),(530,531,520),(520,531,521),(531,532,521),(521,532,522),(532,533,522),(522,533,523),(533,534,523),(523,534,524),(534,535,524),(524,535,525),(535,536,525),(525,536,526),(536,537,526),(526,537,527),(537,538,527),(527,538,528),(538,539,528),(529,540,530),(540,541,530),(530,541,531),(541,542,531),(531,542,532),(542,543,532),(532,543,533),(543,544,533),(533,544,534),(544,545,534),(534,545,535),(545,546,535),(535,546,536),(546,547,536),(536,547,537),(547,548,537),(537,548,538),(548,549,538),(538,549,539),(549,550,539),(540,551,541),(551,552,541),(541,552,542),(552,553,542),(542,553,543),(553,554,543),(543,554,544),(554,555,544),(544,555,545),(555,556,545),(545,556,546),(556,557,546),(546,557,547),(557,558,547),(547,558,548),(558,559,548),(548,559,549),(559,560,549),(549,560,550),(560,561,550),(551,562,552),(562,563,552),(552,563,553),(563,564,553),(553,564,554),(564,565,554),(554,565,555),(565,566,555),(555,566,556),(566,567,556),(556,567,557),(567,568,557),(557,568,558),(568,569,558),(558,569,559),(569,570,559),(559,570,560),(570,571,560),(560,571,561),(571,572,561),(562,573,563),(573,574,563),(563,574,564),(574,575,564),(564,575,565),(575,576,565),(565,576,566),(576,577,566),(566,577,567),(577,578,567),(567,578,568),(578,579,568),(568,579,569),(579,580,569),(569,580,570),(580,581,570),(570,581,571),(581,582,571),(571,582,572),(582,583,572),(573,584,574),(584,585,574),(574,585,575),(585,586,575),(575,586,576),(586,587,576),(576,587,577),(587,588,577),(577,588,578),(588,589,578),(578,589,579),(589,590,579),(579,590,580),(590,591,580),(580,591,581),(591,592,581),(581,592,582),(592,593,582),(582,593,583),(593,594,583),(584,595,585),(595,596,585),(585,596,586),(596,597,586),(586,597,587),(597,598,587),(587,598,588),(598,599,588),(588,599,589),(599,600,589),(589,600,590),(600,601,590),(590,601,591),(601,602,591),(591,602,592),(602,603,592),(592,603,593),(603,604,593),(593,604,594),(604,605,594),(595,606,596),(606,607,596),(596,607,597),(607,608,597),(597,608,598),(608,609,598),(598,609,599),(609,610,599),(599,610,600),(610,611,600),(600,611,601),(611,612,601),(601,612,602),(612,613,602),(602,613,603),(613,614,603),(603,614,604),(614,615,604),(604,615,605),(615,616,605),(606,617,607),(617,618,607),(607,618,608),(618,619,608),(608,619,609),(619,620,609),(609,620,610),(620,621,610),(610,621,611),(621,622,611),(611,622,612),(622,623,612),(612,623,613),(623,624,613),(613,624,614),(624,625,614),(614,625,615),(625,626,615),(615,626,616),(626,627,616),(617,628,618),(628,629,618),(618,629,619),(629,630,619),(619,630,620),(630,631,620),(620,631,621),(631,632,621),(621,632,622),(632,633,622),(622,633,623),(633,634,623),(623,634,624),(634,635,624),(624,635,625),(635,636,625),(625,636,626),(636,637,626),(626,637,627),(637,638,627),(628,639,629),(639,640,629),(629,640,630),(640,641,630),(630,641,631),(641,642,631),(631,642,632),(642,643,632),(632,643,633),(643,644,633),(633,644,634),(644,645,634),(634,645,635),(645,646,635),(635,646,636),(646,647,636),(636,647,637),(647,648,637),(637,648,638),(648,649,638),(639,650,640),(650,651,640),(640,651,641),(651,652,641),(641,652,642),(652,653,642),(642,653,643),(653,654,643),(643,654,644),(654,655,644),(644,655,645),(655,656,645),(645,656,646),(656,657,646),(646,657,647),(657,658,647),(647,658,648),(658,659,648),(648,659,649),(659,660,649),(650,661,651),(661,662,651),(651,662,652),(662,663,652),(652,663,653),(663,664,653),(653,664,654),(664,665,654),(654,665,655),(665,666,655),(655,666,656),(666,667,656),(656,667,657),(667,668,657),(657,668,658),(668,669,658),(658,669,659),(669,670,659),(659,670,660),(670,671,660),(661,672,662),(672,673,662),(662,673,663),(673,674,663),(663,674,664),(674,675,664),(664,675,665),(675,676,665),(665,676,666),(676,677,666),(666,677,667),(677,678,667),(667,678,668),(678,679,668),(668,679,669),(679,680,669),(669,680,670),(680,681,670),(670,681,671),(681,682,671),(672,683,673),(683,684,673),(673,684,674),(684,685,674),(674,685,675),(685,686,675),(675,686,676),(686,687,676),(676,687,677),(687,688,677),(677,688,678),(688,689,678),(678,689,679),(689,690,679),(679,690,680),(690,691,680),(680,691,681),(691,692,681),(681,692,682),(692,693,682),(683,694,684),(694,695,684),(684,695,685),(695,696,685),(685,696,686),(696,697,686),(686,697,687),(697,698,687),(687,698,688),(698,699,688),(688,699,689),(699,700,689),(689,700,690),(700,701,690),(690,701,691),(701,702,691),(691,702,692),(702,703,692),(692,703,693),(703,704,693),(694,705,695),(705,706,695),(695,706,696),(706,707,696),(696,707,697),(707,708,697),(697,708,698),(708,709,698),(698,709,699),(709,710,699),(699,710,700),(710,711,700),(700,711,701),(711,712,701),(701,712,702),(712,713,702),(702,713,703),(713,714,703),(703,714,704),(714,715,704),(705,716,706),(716,717,706),(706,717,707),(717,718,707),(707,718,708),(718,719,708),(708,719,709),(719,720,709),(709,720,710),(720,721,710),(710,721,711),(721,722,711),(711,722,712),(722,723,712),(712,723,713),(723,724,713),(713,724,714),(724,725,714),(714,725,715),(725,726,715),(716,727,717),(727,728,717),(717,728,718),(728,729,718),(718,729,719),(729,730,719),(719,730,720),(730,731,720),(720,731,721),(731,732,721),(721,732,722),(732,733,722),(722,733,723),(733,734,723),(723,734,724),(734,735,724),(724,735,725),(735,736,725),(725,736,726),(736,737,726),(727,738,728),(738,739,728),(728,739,729),(739,740,729),(729,740,730),(740,741,730),(730,741,731),(741,742,731),(731,742,732),(742,743,732),(732,743,733),(743,744,733),(733,744,734),(744,745,734),(734,745,735),(745,746,735),(735,746,736),(746,747,736),(736,747,737),(747,748,737),(738,749,739),(749,750,739),(739,750,740),(750,751,740),(740,751,741),(751,752,741),(741,752,742),(752,753,742),(742,753,743),(753,754,743),(743,754,744),(754,755,744),(744,755,745),(755,756,745),(745,756,746),(756,757,746),(746,757,747),(757,758,747),(747,758,748),(758,759,748),(749,760,750),(760,761,750),(750,761,751),(761,762,751),(751,762,752),(762,763,752),(752,763,753),(763,764,753),(753,764,754),(764,765,754),(754,765,755),(765,766,755),(755,766,756),(766,767,756),(756,767,757),(767,768,757),(757,768,758),(768,769,758),(758,769,759),(769,770,759),(760,771,761),(771,772,761),(761,772,762),(772,773,762),(762,773,763),(773,774,763),(763,774,764),(774,775,764),(764,775,765),(775,776,765),(765,776,766),(776,777,766),(766,777,767),(777,778,767),(767,778,768),(778,779,768),(768,779,769),(779,780,769),(769,780,770),(780,781,770),(771,782,772),(782,783,772),(772,783,773),(783,784,773),(773,784,774),(784,785,774),(774,785,775),(785,786,775),(775,786,776),(786,787,776),(776,787,777),(787,788,777),(777,788,778),(788,789,778),(778,789,779),(789,790,779),(779,790,780),(790,791,780),(780,791,781),(791,792,781),(782,793,783),(793,794,783),(783,794,784),(794,795,784),(784,795,785),(795,796,785),(785,796,786),(796,797,786),(786,797,787),(797,798,787),(787,798,788),(798,799,788),(788,799,789),(799,800,789),(789,800,790),(800,801,790),(790,801,791),(801,802,791),(791,802,792),(802,803,792),(793,804,794),(804,805,794),(794,805,795),(805,806,795),(795,806,796),(806,807,796),(796,807,797),(807,808,797),(797,808,798),(808,809,798),(798,809,799),(809,810,799),(799,810,800),(810,811,800),(800,811,801),(811,812,801),(801,812,802),(812,813,802),(802,813,803),(813,814,803),(804,815,805),(815,816,805),(805,816,806),(816,817,806),(806,817,807),(817,818,807),(807,818,808),(818,819,808),(808,819,809),(819,820,809),(809,820,810),(820,821,810),(810,821,811),(821,822,811),(811,822,812),(822,823,812),(812,823,813),(823,824,813),(813,824,814),(824,825,814),(815,826,816),(826,827,816),(816,827,817),(827,828,817),(817,828,818),(828,829,818),(818,829,819),(829,830,819),(819,830,820),(830,831,820),(820,831,821),(831,832,821),(821,832,822),(832,833,822),(822,833,823),(833,834,823),(823,834,824),(834,835,824),(824,835,825),(835,836,825),(826,837,827),(837,838,827),(827,838,828),(838,839,828),(828,839,829),(839,840,829),(829,840,830),(840,841,830),(830,841,831),(841,842,831),(831,842,832),(842,843,832),(832,843,833),(843,844,833),(833,844,834),(844,845,834),(834,845,835),(845,846,835),(835,846,836),(846,847,836),(837,848,838),(848,849,838),(838,849,839),(849,850,839),(839,850,840),(850,851,840),(840,851,841),(851,852,841),(841,852,842),(852,853,842),(842,853,843),(853,854,843),(843,854,844),(854,855,844),(844,855,845),(855,856,845),(845,856,846),(856,857,846),(846,857,847),(857,858,847),(848,859,849),(859,860,849),(849,860,850),(860,861,850),(850,861,851),(861,862,851),(851,862,852),(862,863,852),(852,863,853),(863,864,853),(853,864,854),(864,865,854),(854,865,855),(865,866,855),(855,866,856),(866,867,856),(856,867,857),(867,868,857),(857,868,858),(868,869,858),(859,870,860),(870,871,860),(860,871,861),(871,872,861),(861,872,862),(872,873,862),(862,873,863),(873,874,863),(863,874,864),(874,875,864),(864,875,865),(875,876,865),(865,876,866),(876,877,866),(866,877,867),(877,878,867),(867,878,868),(878,879,868),(868,879,869),(879,880,869),(870,881,871),(881,882,871),(871,882,872),(882,883,872),(872,883,873),(883,884,873),(873,884,874),(884,885,874),(874,885,875),(885,886,875),(875,886,876),(886,887,876),(876,887,877),(887,888,877),(877,888,878),(888,889,878),(878,889,879),(889,890,879),(879,890,880),(890,891,880),(881,892,882),(892,893,882),(882,893,883),(893,894,883),(883,894,884),(894,895,884),(884,895,885),(895,896,885),(885,896,886),(896,897,886),(886,897,887),(897,898,887),(887,898,888),(898,899,888),(888,899,889),(899,900,889),(889,900,890),(900,901,890),(890,901,891),(901,902,891),(892,903,893),(903,904,893),(893,904,894),(904,905,894),(894,905,895),(905,906,895),(895,906,896),(906,907,896),(896,907,897),(907,908,897),(897,908,898),(908,909,898),(898,909,899),(909,910,899),(899,910,900),(910,911,900),(900,911,901),(911,912,901),(901,912,902),(912,913,902),(903,914,904),(914,915,904),(904,915,905),(915,916,905),(905,916,906),(916,917,906),(906,917,907),(917,918,907),(907,918,908),(918,919,908),(908,919,909),(919,920,909),(909,920,910),(920,921,910),(910,921,911),(921,922,911),(911,922,912),(922,923,912),(912,923,913),(923,924,913),(914,925,915),(925,926,915),(915,926,916),(926,927,916),(916,927,917),(927,928,917),(917,928,918),(928,929,918),(918,929,919),(929,930,919),(919,930,920),(930,931,920),(920,931,921),(931,932,921),(921,932,922),(932,933,922),(922,933,923),(933,934,923),(923,934,924),(934,935,924),(925,936,926),(936,937,926),(926,937,927),(937,938,927),(927,938,928),(938,939,928),(928,939,929),(939,940,929),(929,940,930),(940,941,930),(930,941,931),(941,942,931),(931,942,932),(942,943,932),(932,943,933),(943,944,933),(933,944,934),(944,945,934),(934,945,935),(945,946,935),(936,947,937),(947,948,937),(937,948,938),(948,949,938),(938,949,939),(949,950,939),(939,950,940),(950,951,940),(940,951,941),(951,952,941),(941,952,942),(952,953,942),(942,953,943),(953,954,943),(943,954,944),(954,955,944),(944,955,945),(955,956,945),(945,956,946),(956,957,946),(947,958,948),(958,959,948),(948,959,949),(959,960,949),(949,960,950),(960,961,950),(950,961,951),(961,962,951),(951,962,952),(962,963,952),(952,963,953),(963,964,953),(953,964,954),(964,965,954),(954,965,955),(965,966,955),(955,966,956),(966,967,956),(956,967,957),(967,968,957),(958,969,959),(969,970,959),(959,970,960),(970,971,960),(960,971,961),(971,972,961),(961,972,962),(972,973,962),(962,973,963),(973,974,963),(963,974,964),(974,975,964),(964,975,965),(975,976,965),(965,976,966),(976,977,966),(966,977,967),(977,978,967),(967,978,968),(978,979,968),(969,980,970),(980,981,970),(970,981,971),(981,982,971),(971,982,972),(982,983,972),(972,983,973),(983,984,973),(973,984,974),(984,985,974),(974,985,975),(985,986,975),(975,986,976),(986,987,976),(976,987,977),(987,988,977),(977,988,978),(988,989,978),(978,989,979),(989,990,979),(980,991,981),(991,992,981),(981,992,982),(992,993,982),(982,993,983),(993,994,983),(983,994,984),(994,995,984),(984,995,985),(995,996,985),(985,996,986),(996,997,986),(986,997,987),(997,998,987),(987,998,988),(998,999,988),(988,999,989),(999,1000,989),(989,1000,990),(1000,1001,990),(991,1002,992),(1002,1003,992),(992,1003,993),(1003,1004,993),(993,1004,994),(1004,1005,994),(994,1005,995),(1005,1006,995),(995,1006,996),(1006,1007,996),(996,1007,997),(1007,1008,997),(997,1008,998),(1008,1009,998),(998,1009,999),(1009,1010,999),(999,1010,1000),(1010,1011,1000),(1000,1011,1001),(1011,1012,1001),(1002,1013,1003),(1013,1014,1003),(1003,1014,1004),(1014,1015,1004),(1004,1015,1005),(1015,1016,1005),(1005,1016,1006),(1016,1017,1006),(1006,1017,1007),(1017,1018,1007),(1007,1018,1008),(1018,1019,1008),(1008,1019,1009),(1019,1020,1009),(1009,1020,1010),(1020,1021,1010),(1010,1021,1011),(1021,1022,1011),(1011,1022,1012),(1022,1023,1012),(1013,1024,1014),(1024,1025,1014),(1014,1025,1015),(1025,1026,1015),(1015,1026,1016),(1026,1027,1016),(1016,1027,1017),(1027,1028,1017),(1017,1028,1018),(1028,1029,1018),(1018,1029,1019),(1029,1030,1019),(1019,1030,1020),(1030,1031,1020),(1020,1031,1021),(1031,1032,1021),(1021,1032,1022),(1032,1033,1022),(1022,1033,1023),(1033,1034,1023),(1024,1035,1025),(1035,1036,1025),(1025,1036,1026),(1036,1037,1026),(1026,1037,1027),(1037,1038,1027),(1027,1038,1028),(1038,1039,1028),(1028,1039,1029),(1039,1040,1029),(1029,1040,1030),(1040,1041,1030),(1030,1041,1031),(1041,1042,1031),(1031,1042,1032),(1042,1043,1032),(1032,1043,1033),(1043,1044,1033),(1033,1044,1034),(1044,1045,1034),(1035,1046,1036),(1046,1047,1036),(1036,1047,1037),(1047,1048,1037),(1037,1048,1038),(1048,1049,1038),(1038,1049,1039),(1049,1050,1039),(1039,1050,1040),(1050,1051,1040),(1040,1051,1041),(1051,1052,1041),(1041,1052,1042),(1052,1053,1042),(1042,1053,1043),(1053,1054,1043),(1043,1054,1044),(1054,1055,1044),(1044,1055,1045),(1055,1056,1045),(1046,1057,1047),(1057,1058,1047),(1047,1058,1048),(1058,1059,1048),(1048,1059,1049),(1059,1060,1049),(1049,1060,1050),(1060,1061,1050),(1050,1061,1051),(1061,1062,1051),(1051,1062,1052),(1062,1063,1052),(1052,1063,1053),(1063,1064,1053),(1053,1064,1054),(1064,1065,1054),(1054,1065,1055),(1065,1066,1055),(1055,1066,1056),(1066,1067,1056),(1057,1068,1058),(1068,1069,1058),(1058,1069,1059),(1069,1070,1059),(1059,1070,1060),(1070,1071,1060),(1060,1071,1061),(1071,1072,1061),(1061,1072,1062),(1072,1073,1062),(1062,1073,1063),(1073,1074,1063),(1063,1074,1064),(1074,1075,1064),(1064,1075,1065),(1075,1076,1065),(1065,1076,1066),(1076,1077,1066),(1066,1077,1067),(1077,1078,1067),(1068,1079,1069),(1079,1080,1069),(1069,1080,1070),(1080,1081,1070),(1070,1081,1071),(1081,1082,1071),(1071,1082,1072),(1082,1083,1072),(1072,1083,1073),(1083,1084,1073),(1073,1084,1074),(1084,1085,1074),(1074,1085,1075),(1085,1086,1075),(1075,1086,1076),(1086,1087,1076),(1076,1087,1077),(1087,1088,1077),(1077,1088,1078),(1088,1089,1078),(1079,1090,1080),(1090,1091,1080),(1080,1091,1081),(1091,1092,1081),(1081,1092,1082),(1092,1093,1082),(1082,1093,1083),(1093,1094,1083),(1083,1094,1084),(1094,1095,1084),(1084,1095,1085),(1095,1096,1085),(1085,1096,1086),(1096,1097,1086),(1086,1097,1087),(1097,1098,1087),(1087,1098,1088),(1098,1099,1088),(1088,1099,1089),(1099,1100,1089),(1090,1101,1091),(1101,1102,1091),(1091,1102,1092),(1102,1103,1092),(1092,1103,1093),(1103,1104,1093),(1093,1104,1094),(1104,1105,1094),(1094,1105,1095),(1105,1106,1095),(1095,1106,1096),(1106,1107,1096),(1096,1107,1097),(1107,1108,1097),(1097,1108,1098),(1108,1109,1098),(1098,1109,1099),(1109,1110,1099),(1099,1110,1100),(1110,1111,1100),(1101,1112,1102),(1112,1113,1102),(1102,1113,1103),(1113,1114,1103),(1103,1114,1104),(1114,1115,1104),(1104,1115,1105),(1115,1116,1105),(1105,1116,1106),(1116,1117,1106),(1106,1117,1107),(1117,1118,1107),(1107,1118,1108),(1118,1119,1108),(1108,1119,1109),(1119,1120,1109),(1109,1120,1110),(1120,1121,1110),(1110,1121,1111),(1121,1122,1111),(1112,1123,1113),(1123,1124,1113),(1113,1124,1114),(1124,1125,1114),(1114,1125,1115),(1125,1126,1115),(1115,1126,1116),(1126,1127,1116),(1116,1127,1117),(1127,1128,1117),(1117,1128,1118),(1128,1129,1118),(1118,1129,1119),(1129,1130,1119),(1119,1130,1120),(1130,1131,1120),(1120,1131,1121),(1131,1132,1121),(1121,1132,1122),(1132,1133,1122),(1123,1134,1124),(1134,1135,1124),(1124,1135,1125),(1135,1136,1125),(1125,1136,1126),(1136,1137,1126),(1126,1137,1127),(1137,1138,1127),(1127,1138,1128),(1138,1139,1128),(1128,1139,1129),(1139,1140,1129),(1129,1140,1130),(1140,1141,1130),(1130,1141,1131),(1141,1142,1131),(1131,1142,1132),(1142,1143,1132),(1132,1143,1133),(1143,1144,1133),(1134,1145,1135),(1145,1146,1135),(1135,1146,1136),(1146,1147,1136),(1136,1147,1137),(1147,1148,1137),(1137,1148,1138),(1148,1149,1138),(1138,1149,1139),(1149,1150,1139),(1139,1150,1140),(1150,1151,1140),(1140,1151,1141),(1151,1152,1141),(1141,1152,1142),(1152,1153,1142),(1142,1153,1143),(1153,1154,1143),(1143,1154,1144),(1154,1155,1144),(1145,1156,1146),(1156,1157,1146),(1146,1157,1147),(1157,1158,1147),(1147,1158,1148),(1158,1159,1148),(1148,1159,1149),(1159,1160,1149),(1149,1160,1150),(1160,1161,1150),(1150,1161,1151),(1161,1162,1151),(1151,1162,1152),(1162,1163,1152),(1152,1163,1153),(1163,1164,1153),(1153,1164,1154),(1164,1165,1154),(1154,1165,1155),(1165,1166,1155),(1156,1167,1157),(1167,1168,1157),(1157,1168,1158),(1168,1169,1158),(1158,1169,1159),(1169,1170,1159),(1159,1170,1160),(1170,1171,1160),(1160,1171,1161),(1171,1172,1161),(1161,1172,1162),(1172,1173,1162),(1162,1173,1163),(1173,1174,1163),(1163,1174,1164),(1174,1175,1164),(1164,1175,1165),(1175,1176,1165),(1165,1176,1166),(1176,1177,1166),(1167,1178,1168),(1178,1179,1168),(1168,1179,1169),(1179,1180,1169),(1169,1180,1170),(1180,1181,1170),(1170,1181,1171),(1181,1182,1171),(1171,1182,1172),(1182,1183,1172),(1172,1183,1173),(1183,1184,1173),(1173,1184,1174),(1184,1185,1174),(1174,1185,1175),(1185,1186,1175),(1175,1186,1176),(1186,1187,1176),(1176,1187,1177),(1187,1188,1177),(1178,1189,1179),(1189,1190,1179),(1179,1190,1180),(1190,1191,1180),(1180,1191,1181),(1191,1192,1181),(1181,1192,1182),(1192,1193,1182),(1182,1193,1183),(1193,1194,1183),(1183,1194,1184),(1194,1195,1184),(1184,1195,1185),(1195,1196,1185),(1185,1196,1186),(1196,1197,1186),(1186,1197,1187),(1197,1198,1187),(1187,1198,1188),(1198,1199,1188),(1189,1200,1190),(1200,1201,1190),(1190,1201,1191),(1201,1202,1191),(1191,1202,1192),(1202,1203,1192),(1192,1203,1193),(1203,1204,1193),(1193,1204,1194),(1204,1205,1194),(1194,1205,1195),(1205,1206,1195),(1195,1206,1196),(1206,1207,1196),(1196,1207,1197),(1207,1208,1197),(1197,1208,1198),(1208,1209,1198),(1198,1209,1199),(1209,1210,1199),(1200,1211,1201),(1211,1212,1201),(1201,1212,1202),(1212,1213,1202),(1202,1213,1203),(1213,1214,1203),(1203,1214,1204),(1214,1215,1204),(1204,1215,1205),(1215,1216,1205),(1205,1216,1206),(1216,1217,1206),(1206,1217,1207),(1217,1218,1207),(1207,1218,1208),(1218,1219,1208),(1208,1219,1209),(1219,1220,1209),(1209,1220,1210),(1220,1221,1210),(1211,1222,1212),(1222,1223,1212),(1212,1223,1213),(1223,1224,1213),(1213,1224,1214),(1224,1225,1214),(1214,1225,1215),(1225,1226,1215),(1215,1226,1216),(1226,1227,1216),(1216,1227,1217),(1227,1228,1217),(1217,1228,1218),(1228,1229,1218),(1218,1229,1219),(1229,1230,1219),(1219,1230,1220),(1230,1231,1220),(1220,1231,1221),(1231,1232,1221),(1222,1233,1223),(1233,1234,1223),(1223,1234,1224),(1234,1235,1224),(1224,1235,1225),(1235,1236,1225),(1225,1236,1226),(1236,1237,1226),(1226,1237,1227),(1237,1238,1227),(1227,1238,1228),(1238,1239,1228),(1228,1239,1229),(1239,1240,1229),(1229,1240,1230),(1240,1241,1230),(1230,1241,1231),(1241,1242,1231),(1231,1242,1232),(1242,1243,1232)),$);
#382=IFCSTYLEDITEM(#381,(#166),'conduit_msb_dp1');
#383=IFCCARTESIANPOINTLIST3D(((-2.05,2.5335,2.409),(-2.021147,2.540086,2.409),(-1.998008,2.558538,2.409),(-1.985167,2.585202,2.409),(-1.985167,2.614798,2.409),(-1.998008,2.641462,2.409),(-2.021147,2.659914,2.409),(-2.05,2.6665,2.409),(-2.078853,2.659914,2.409),(-2.101992,2.641462,2.409),(-2.114833,2.614798,2.409),(-2.114833,2.585202,2.409),(-2.101992,2.558538,2.409),(-2.078853,2.540086,2.409),(-2.05,2.5335,2.409),(-2.05,2.5335,2.379),(-2.021147,2.540086,2.379),(-1.998008,2.558538,2.379),(-1.985167,2.585202,2.379),(-1.985167,2.614798,2.379),(-1.998008,2.641462,2.379),(-2.021147,2.659914,2.379),(-2.05,2.6665,2.379),(-2.078853,2.659914,2.379),(-2.101992,2.641462,2.379),(-2.114833,2.614798,2.379),(-2.114833,2.585202,2.379),(-2.101992,2.558538,2.379),(-2.078853,2.540086,2.379),(-2.05,2.5335,2.379),(-2.05,2.6,2.409),(-2.05,2.6,2.409),(-2.05,2.6,2.409),(-2.05,2.6,2.409),(-2.05,2.6,2.409),(-2.05,2.6,2.409),(-2.05,2.6,2.409),(-2.05,2.6,2.409),(-2.05,2.6,2.409),(-2.05,2.6,2.409),(-2.05,2.6,2.409),(-2.05,2.6,2.409),(-2.05,2.6,2.409),(-2.05,2.6,2.409),(-2.05,2.5335,2.409),(-2.021147,2.540086,2.409),(-1.998008,2.558538,2.409),(-1.985167,2.585202,2.409),(-1.985167,2.614798,2.409),(-1.998008,2.641462,2.409),(-2.021147,2.659914,2.409),(-2.05,2.6665,2.409),(-2.078853,2.659914,2.409),(-2.101992,2.641462,2.409),(-2.114833,2.614798,2.409),(-2.114833,2.585202,2.409),(-2.101992,2.558538,2.409),(-2.078853,2.540086,2.409),(-2.05,2.5335,2.409),(-2.05,2.6,2.379),(-2.05,2.6,2.379),(-2.05,2.6,2.379),(-2.05,2.6,2.379),(-2.05,2.6,2.379),(-2.05,2.6,2.379),(-2.05,2.6,2.379),(-2.05,2.6,2.379),(-2.05,2.6,2.379),(-2.05,2.6,2.379),(-2.05,2.6,2.379),(-2.05,2.6,2.379),(-2.05,2.6,2.379),(-2.05,2.6,2.379),(-2.05,2.5335,2.379),(-2.021147,2.540086,2.379),(-1.998008,2.558538,2.379),(-1.985167,2.585202,2.379),(-1.985167,2.614798,2.379),(-1.998008,2.641462,2.379),(-2.021147,2.659914,2.379),(-2.05,2.6665,2.379),(-2.078853,2.659914,2.379),(-2.101992,2.641462,2.379),(-2.114833,2.614798,2.379),(-2.114833,2.585202,2.379),(-2.101992,2.558538,2.379),(-2.078853,2.540086,2.379),(-2.05,2.5335,2.379),(-4.36,1.6335,2.023),(-4.331147,1.640086,2.023),(-4.308008,1.658538,2.023),(-4.295167,1.685202,2.023),(-4.295167,1.714798,2.023),(-4.308008,1.741462,2.023),(-4.331147,1.759914,2.023),(-4.36,1.7665,2.023),(-4.388853,1.759914,2.023),(-4.411992,1.741462,2.023),(-4.424833,1.714798,2.023),(-4.424833,1.685202,2.023),(-4.411992,1.658538,2.023),(-4.388853,1.640086,2.023),(-4.36,1.6335,2.023),(-4.36,1.6335,1.993),(-4.331147,1.640086,1.993),(-4.308008,1.658538,1.993),(-4.295167,1.685202,1.993),(-4.295167,1.714798,1.993),(-4.308008,1.741462,1.993),(-4.331147,1.759914,1.993),(-4.36,1.7665,1.993),(-4.388853,1.759914,1.993),(-4.411992,1.741462,1.993),(-4.424833,1.714798,1.993),(-4.424833,1.685202,1.993),(-4.411992,1.658538,1.993),(-4.388853,1.640086,1.993),(-4.36,1.6335,1.993),(-4.36,1.7,2.023),(-4.36,1.7,2.023),(-4.36,1.7,2.023),(-4.36,1.7,2.023),(-4.36,1.7,2.023),(-4.36,1.7,2.023),(-4.36,1.7,2.023),(-4.36,1.7,2.023),(-4.36,1.7,2.023),(-4.36,1.7,2.023),(-4.36,1.7,2.023),(-4.36,1.7,2.023),(-4.36,1.7,2.023),(-4.36,1.7,2.023),(-4.36,1.6335,2.023),(-4.331147,1.640086,2.023),(-4.308008,1.658538,2.023),(-4.295167,1.685202,2.023),(-4.295167,1.714798,2.023),(-4.308008,1.741462,2.023),(-4.331147,1.759914,2.023),(-4.36,1.7665,2.023),(-4.388853,1.759914,2.023),(-4.411992,1.741462,2.023),(-4.424833,1.714798,2.023),(-4.424833,1.685202,2.023),(-4.411992,1.658538,2.023),(-4.388853,1.640086,2.023),(-4.36,1.6335,2.023),(-4.36,1.7,1.993),(-4.36,1.7,1.993),(-4.36,1.7,1.993),(-4.36,1.7,1.993),(-4.36,1.7,1.993),(-4.36,1.7,1.993),(-4.36,1.7,1.993),(-4.36,1.7,1.993),(-4.36,1.7,1.993),(-4.36,1.7,1.993),(-4.36,1.7,1.993),(-4.36,1.7,1.993),(-4.36,1.7,1.993),(-4.36,1.7,1.993),(-4.36,1.6335,1.993),(-4.331147,1.640086,1.993),(-4.308008,1.658538,1.993),(-4.295167,1.685202,1.993),(-4.295167,1.714798,1.993),(-4.308008,1.741462,1.993),(-4.331147,1.759914,1.993),(-4.36,1.7665,1.993),(-4.388853,1.759914,1.993),(-4.411992,1.741462,1.993),(-4.424833,1.714798,1.993),(-4.424833,1.685202,1.993),(-4.411992,1.658538,1.993),(-4.388853,1.640086,1.993),(-4.36,1.6335,1.993)));
#384=IFCTRIANGULATEDFACESET(#383,$,$,((1,16,2),(16,17,2),(2,17,3),(17,18,3),(3,18,4),(18,19,4),(4,19,5),(19,20,5),(5,20,6),(20,21,6),(6,21,7),(21,22,7),(7,22,8),(22,23,8),(8,23,9),(23,24,9),(9,24,10),(24,25,10),(10,25,11),(25,26,11),(11,26,12),(26,27,12),(12,27,13),(27,28,13),(13,28,14),(28,29,14),(14,29,15),(29,30,15),(45,46,31),(46,47,32),(47,48,33),(48,49,34),(49,50,35),(50,51,36),(51,52,37),(52,53,38),(53,54,39),(54,55,40),(55,56,41),(56,57,42),(57,58,43),(58,59,44),(75,74,60),(76,75,61),(77,76,62),(78,77,63),(79,78,64),(80,79,65),(81,80,66),(82,81,67),(83,82,68),(84,83,69),(85,84,70),(86,85,71),(87,86,72),(88,87,73),(89,104,90),(104,105,90),(90,105,91),(105,106,91),(91,106,92),(106,107,92),(92,107,93),(107,108,93),(93,108,94),(108,109,94),(94,109,95),(109,110,95),(95,110,96),(110,111,96),(96,111,97),(111,112,97),(97,112,98),(112,113,98),(98,113,99),(113,114,99),(99,114,100),(114,115,100),(100,115,101),(115,116,101),(101,116,102),(116,117,102),(102,117,103),(117,118,103),(133,134,119),(134,135,120),(135,136,121),(136,137,122),(137,138,123),(138,139,124),(139,140,125),(140,141,126),(141,142,127),(142,143,128),(143,144,129),(144,145,130),(145,146,131),(146,147,132),(163,162,148),(164,163,149),(165,164,150),(166,165,151),(167,166,152),(168,167,153),(169,168,154),(170,169,155),(171,170,156),(172,171,157),(173,172,158),(174,173,159),(175,174,160),(176,175,161)),$);
#385=IFCSTYLEDITEM(#384,(#166),'conduit_msb_dp1_hubs');
#386=IFCCARTESIANPOINTLIST3D(((-1.85,2.579,2.386),(-1.862344,2.583011,2.386),(-1.869972,2.593511,2.386),(-1.869972,2.606489,2.386),(-1.862344,2.616989,2.386),(-1.85,2.621,2.386),(-1.837656,2.616989,2.386),(-1.830028,2.606489,2.386),(-1.830028,2.593511,2.386),(-1.837656,2.583011,2.386),(-1.85,2.579,2.386),(-1.85,2.579,2.442628),(-1.862344,2.583011,2.442628),(-1.869972,2.593511,2.442628),(-1.869972,2.606489,2.442628),(-1.862344,2.616989,2.442628),(-1.85,2.621,2.442628),(-1.837656,2.616989,2.442628),(-1.830028,2.606489,2.442628),(-1.830028,2.593511,2.442628),(-1.837656,2.583011,2.442628),(-1.85,2.579,2.442628),(-1.85,2.579,2.499255),(-1.862344,2.583011,2.499255),(-1.869972,2.593511,2.499255),(-1.869972,2.606489,2.499255),(-1.862344,2.616989,2.499255),(-1.85,2.621,2.499255),(-1.837656,2.616989,2.499255),(-1.830028,2.606489,2.499255),(-1.830028,2.593511,2.499255),(-1.837656,2.583011,2.499255),(-1.85,2.579,2.499255),(-1.85,2.579,2.555883),(-1.862344,2.583011,2.555883),(-1.869972,2.593511,2.555883),(-1.869972,2.606489,2.555883),(-1.862344,2.616989,2.555883),(-1.85,2.621,2.555883),(-1.837656,2.616989,2.555883),(-1.830028,2.606489,2.555883),(-1.830028,2.593511,2.555883),(-1.837656,2.583011,2.555883),(-1.85,2.579,2.555883),(-1.85,2.579,2.612511),(-1.862344,2.583011,2.612511),(-1.869972,2.593511,2.612511),(-1.869972,2.606489,2.612511),(-1.862344,2.616989,2.612511),(-1.85,2.621,2.612511),(-1.837656,2.616989,2.612511),(-1.830028,2.606489,2.612511),(-1.830028,2.593511,2.612511),(-1.837656,2.583011,2.612511),(-1.85,2.579,2.612511),(-1.85,2.579,2.669138),(-1.862344,2.583011,2.669138),(-1.869972,2.593511,2.669138),(-1.869972,2.606489,2.669138),(-1.862344,2.616989,2.669138),(-1.85,2.621,2.669138),(-1.837656,2.616989,2.669138),(-1.830028,2.606489,2.669138),(-1.830028,2.593511,2.669138),(-1.837656,2.583011,2.669138),(-1.85,2.579,2.669138),(-1.85,2.579,2.725766),(-1.862344,2.583011,2.725766),(-1.869972,2.593511,2.725766),(-1.869972,2.606489,2.725766),(-1.862344,2.616989,2.725766),(-1.85,2.621,2.725766),(-1.837656,2.616989,2.725766),(-1.830028,2.606489,2.725766),(-1.830028,2.593511,2.725766),(-1.837656,2.583011,2.725766),(-1.85,2.579,2.725766),(-1.85,2.579,2.782394),(-1.862344,2.583011,2.782394),(-1.869972,2.593511,2.782394),(-1.869972,2.606489,2.782394),(-1.862344,2.616989,2.782394),(-1.85,2.621,2.782394),(-1.837656,2.616989,2.782394),(-1.830028,2.606489,2.782394),(-1.830028,2.593511,2.782394),(-1.837656,2.583011,2.782394),(-1.85,2.579,2.782394),(-1.85,2.579,2.839022),(-1.862344,2.583011,2.839022),(-1.869972,2.593511,2.839022),(-1.869972,2.606489,2.839022),(-1.862344,2.616989,2.839022),(-1.85,2.621,2.839022),(-1.837656,2.616989,2.839022),(-1.830028,2.606489,2.839022),(-1.830028,2.593511,2.839022),(-1.837656,2.583011,2.839022),(-1.85,2.579,2.839022),(-1.85,2.579558,2.896274),(-1.862344,2.583567,2.896154),(-1.869972,2.594062,2.895839),(-1.869972,2.607035,2.89545),(-1.862344,2.61753,2.895136),(-1.85,2.621539,2.895016),(-1.837656,2.61753,2.895136),(-1.830028,2.607035,2.89545),(-1.830028,2.594062,2.895839),(-1.837656,2.583567,2.896154),(-1.85,2.579558,2.896274),(-1.85,2.582621,2.953793),(-1.862344,2.58662,2.953487),(-1.869972,2.597089,2.952685),(-1.869972,2.61003,2.951693),(-1.862344,2.620499,2.950891),(-1.85,2.624498,2.950585),(-1.837656,2.620499,2.950891),(-1.830028,2.61003,2.951693),(-1.830028,2.597089,2.952685),(-1.837656,2.58662,2.953487),(-1.85,2.582621,2.953793),(-1.85,2.588355,3.011107),(-1.862344,2.592335,3.010615),(-1.869972,2.602756,3.009328),(-1.869972,2.615637,3.007736),(-1.862344,2.626057,3.006449),(-1.85,2.630038,3.005957),(-1.837656,2.626057,3.006449),(-1.830028,2.615637,3.007736),(-1.830028,2.602756,3.009328),(-1.837656,2.592335,3.010615),(-1.85,2.588355,3.011107),(-1.850068,2.596423,3.067723),(-1.862406,2.600345,3.066802),(-1.870029,2.610702,3.065043),(-1.870024,2.623537,3.063118),(-1.862394,2.633948,3.061762),(-1.850054,2.637959,3.061493),(-1.837716,2.634037,3.062413),(-1.830094,2.623681,3.064172),(-1.830098,2.610846,3.066097),(-1.837728,2.600434,3.067453),(-1.850068,2.596423,3.067723),(-1.864917,2.604449,3.121225),(-1.875123,2.60739,3.113766),(-1.881428,2.61714,3.107967),(-1.881424,2.629976,3.106045),(-1.875113,2.640994,3.108732),(-1.864905,2.645985,3.115003),(-1.854699,2.643044,3.122462),(-1.848394,2.633294,3.128261),(-1.848398,2.620459,3.130183),(-1.854709,2.609441,3.127496),(-1.864917,2.604449,3.121225),(-1.912064,2.608822,3.150377),(-1.914611,2.611001,3.137839),(-1.916185,2.620281,3.128903),(-1.916184,2.633116,3.126982),(-1.914609,2.644605,3.13281),(-1.912061,2.650359,3.144161),(-1.909513,2.64818,3.156699),(-1.90794,2.6389,3.165636),(-1.90794,2.626065,3.167557),(-1.909516,2.614575,3.161728),(-1.912064,2.608822,3.150377),(-1.96857,2.609231,3.153108),(-1.96857,2.611371,3.140307),(-1.96857,2.620626,3.131208),(-1.96857,2.633462,3.129287),(-1.96857,2.644975,3.135278),(-1.96857,2.650769,3.146892),(-1.96857,2.648629,3.159693),(-1.96857,2.639374,3.168792),(-1.96857,2.626538,3.170713),(-1.96857,2.615025,3.164722),(-1.96857,2.609231,3.153108),(-2.025198,2.609231,3.153108),(-2.025198,2.611371,3.140307),(-2.025198,2.620626,3.131208),(-2.025198,2.633462,3.129287),(-2.025198,2.644975,3.135278),(-2.025198,2.650769,3.146892),(-2.025198,2.648629,3.159693),(-2.025198,2.639374,3.168792),(-2.025198,2.626538,3.170713),(-2.025198,2.615025,3.164722),(-2.025198,2.609231,3.153108),(-2.081825,2.609231,3.153108),(-2.081825,2.611371,3.140307),(-2.081825,2.620626,3.131208),(-2.081825,2.633462,3.129287),(-2.081825,2.644975,3.135278),(-2.081825,2.650769,3.146892),(-2.081825,2.648629,3.159693),(-2.081825,2.639374,3.168792),(-2.081825,2.626538,3.170713),(-2.081825,2.615025,3.164722),(-2.081825,2.609231,3.153108),(-2.138453,2.609231,3.153108),(-2.138453,2.611371,3.140307),(-2.138453,2.620626,3.131208),(-2.138453,2.633462,3.129287),(-2.138453,2.644975,3.135278),(-2.138453,2.650769,3.146892),(-2.138453,2.648629,3.159693),(-2.138453,2.639374,3.168792),(-2.138453,2.626538,3.170713),(-2.138453,2.615025,3.164722),(-2.138453,2.609231,3.153108),(-2.195081,2.609231,3.153108),(-2.195081,2.611371,3.140307),(-2.195081,2.620626,3.131208),(-2.195081,2.633462,3.129287),(-2.195081,2.644975,3.135278),(-2.195081,2.650769,3.146892),(-2.195081,2.648629,3.159693),(-2.195081,2.639374,3.168792),(-2.195081,2.626538,3.170713),(-2.195081,2.615025,3.164722),(-2.195081,2.609231,3.153108),(-2.251709,2.609231,3.153108),(-2.251709,2.611371,3.140307),(-2.251709,2.620626,3.131208),(-2.251709,2.633462,3.129287),(-2.251709,2.644975,3.135278),(-2.251709,2.650769,3.146892),(-2.251709,2.648629,3.159693),(-2.251709,2.639374,3.168792),(-2.251709,2.626538,3.170713),(-2.251709,2.615025,3.164722),(-2.251709,2.609231,3.153108),(-2.308336,2.609231,3.153108),(-2.308336,2.611371,3.140307),(-2.308336,2.620626,3.131208),(-2.308336,2.633462,3.129287),(-2.308336,2.644975,3.135278),(-2.308336,2.650769,3.146892),(-2.308336,2.648629,3.159693),(-2.308336,2.639374,3.168792),(-2.308336,2.626538,3.170713),(-2.308336,2.615025,3.164722),(-2.308336,2.609231,3.153108),(-2.364964,2.609231,3.153108),(-2.364964,2.611371,3.140307),(-2.364964,2.620626,3.131208),(-2.364964,2.633462,3.129287),(-2.364964,2.644975,3.135278),(-2.364964,2.650769,3.146892),(-2.364964,2.648629,3.159693),(-2.364964,2.639374,3.168792),(-2.364964,2.626538,3.170713),(-2.364964,2.615025,3.164722),(-2.364964,2.609231,3.153108),(-2.421592,2.609231,3.153108),(-2.421592,2.611371,3.140307),(-2.421592,2.620626,3.131208),(-2.421592,2.633462,3.129287),(-2.421592,2.644975,3.135278),(-2.421592,2.650769,3.146892),(-2.421592,2.648629,3.159693),(-2.421592,2.639374,3.168792),(-2.421592,2.626538,3.170713),(-2.421592,2.615025,3.164722),(-2.421592,2.609231,3.153108),(-2.478219,2.609231,3.153108),(-2.478219,2.611371,3.140307),(-2.478219,2.620626,3.131208),(-2.478219,2.633462,3.129287),(-2.478219,2.644975,3.135278),(-2.478219,2.650769,3.146892),(-2.478219,2.648629,3.159693),(-2.478219,2.639374,3.168792),(-2.478219,2.626538,3.170713),(-2.478219,2.615025,3.164722),(-2.478219,2.609231,3.153108),(-2.534847,2.609231,3.153108),(-2.534847,2.611371,3.140307),(-2.534847,2.620626,3.131208),(-2.534847,2.633462,3.129287),(-2.534847,2.644975,3.135278),(-2.534847,2.650769,3.146892),(-2.534847,2.648629,3.159693),(-2.534847,2.639374,3.168792),(-2.534847,2.626538,3.170713),(-2.534847,2.615025,3.164722),(-2.534847,2.609231,3.153108),(-2.591475,2.609231,3.153108),(-2.591475,2.611371,3.140307),(-2.591475,2.620626,3.131208),(-2.591475,2.633462,3.129287),(-2.591475,2.644975,3.135278),(-2.591475,2.650769,3.146892),(-2.591475,2.648629,3.159693),(-2.591475,2.639374,3.168792),(-2.591475,2.626538,3.170713),(-2.591475,2.615025,3.164722),(-2.591475,2.609231,3.153108),(-2.648102,2.609231,3.153108),(-2.648102,2.611371,3.140307),(-2.648102,2.620626,3.131208),(-2.648102,2.633462,3.129287),(-2.648102,2.644975,3.135278),(-2.648102,2.650769,3.146892),(-2.648102,2.648629,3.159693),(-2.648102,2.639374,3.168792),(-2.648102,2.626538,3.170713),(-2.648102,2.615025,3.164722),(-2.648102,2.609231,3.153108),(-2.70473,2.609231,3.153108),(-2.70473,2.611371,3.140307),(-2.70473,2.620626,3.131208),(-2.70473,2.633462,3.129287),(-2.70473,2.644975,3.135278),(-2.70473,2.650769,3.146892),(-2.70473,2.648629,3.159693),(-2.70473,2.639374,3.168792),(-2.70473,2.626538,3.170713),(-2.70473,2.615025,3.164722),(-2.70473,2.609231,3.153108),(-2.761358,2.609231,3.153108),(-2.761358,2.611371,3.140307),(-2.761358,2.620626,3.131208),(-2.761358,2.633462,3.129287),(-2.761358,2.644975,3.135278),(-2.761358,2.650769,3.146892),(-2.761358,2.648629,3.159693),(-2.761358,2.639374,3.168792),(-2.761358,2.626538,3.170713),(-2.761358,2.615025,3.164722),(-2.761358,2.609231,3.153108),(-2.817986,2.609231,3.153108),(-2.817986,2.611371,3.140307),(-2.817986,2.620626,3.131208),(-2.817986,2.633462,3.129287),(-2.817986,2.644975,3.135278),(-2.817986,2.650769,3.146892),(-2.817986,2.648629,3.159693),(-2.817986,2.639374,3.168792),(-2.817986,2.626538,3.170713),(-2.817986,2.615025,3.164722),(-2.817986,2.609231,3.153108),(-2.874613,2.609231,3.153108),(-2.874613,2.611371,3.140307),(-2.874613,2.620626,3.131208),(-2.874613,2.633462,3.129287),(-2.874613,2.644975,3.135278),(-2.874613,2.650769,3.146892),(-2.874613,2.648629,3.159693),(-2.874613,2.639374,3.168792),(-2.874613,2.626538,3.170713),(-2.874613,2.615025,3.164722),(-2.874613,2.609231,3.153108),(-2.931241,2.609231,3.153108),(-2.931241,2.611371,3.140307),(-2.931241,2.620626,3.131208),(-2.931241,2.633462,3.129287),(-2.931241,2.644975,3.135278),(-2.931241,2.650769,3.146892),(-2.931241,2.648629,3.159693),(-2.931241,2.639374,3.168792),(-2.931241,2.626538,3.170713),(-2.931241,2.615025,3.164722),(-2.931241,2.609231,3.153108),(-2.987869,2.609231,3.153108),(-2.987869,2.611371,3.140307),(-2.987869,2.620626,3.131208),(-2.987869,2.633462,3.129287),(-2.987869,2.644975,3.135278),(-2.987869,2.650769,3.146892),(-2.987869,2.648629,3.159693),(-2.987869,2.639374,3.168792),(-2.987869,2.626538,3.170713),(-2.987869,2.615025,3.164722),(-2.987869,2.609231,3.153108),(-3.044496,2.609231,3.153108),(-3.044496,2.611371,3.140307),(-3.044496,2.620626,3.131208),(-3.044496,2.633462,3.129287),(-3.044496,2.644975,3.135278),(-3.044496,2.650769,3.146892),(-3.044496,2.648629,3.159693),(-3.044496,2.639374,3.168792),(-3.044496,2.626538,3.170713),(-3.044496,2.615025,3.164722),(-3.044496,2.609231,3.153108),(-3.101124,2.609231,3.153108),(-3.101124,2.611371,3.140307),(-3.101124,2.620626,3.131208),(-3.101124,2.633462,3.129287),(-3.101124,2.644975,3.135278),(-3.101124,2.650769,3.146892),(-3.101124,2.648629,3.159693),(-3.101124,2.639374,3.168792),(-3.101124,2.626538,3.170713),(-3.101124,2.615025,3.164722),(-3.101124,2.609231,3.153108),(-3.157752,2.609231,3.153108),(-3.157752,2.611371,3.140307),(-3.157752,2.620626,3.131208),(-3.157752,2.633462,3.129287),(-3.157752,2.644975,3.135278),(-3.157752,2.650769,3.146892),(-3.157752,2.648629,3.159693),(-3.157752,2.639374,3.168792),(-3.157752,2.626538,3.170713),(-3.157752,2.615025,3.164722),(-3.157752,2.609231,3.153108),(-3.214379,2.609231,3.153108),(-3.214379,2.611371,3.140307),(-3.214379,2.620626,3.131208),(-3.214379,2.633462,3.129287),(-3.214379,2.644975,3.135278),(-3.214379,2.650769,3.146892),(-3.214379,2.648629,3.159693),(-3.214379,2.639374,3.168792),(-3.214379,2.626538,3.170713),(-3.214379,2.615025,3.164722),(-3.214379,2.609231,3.153108),(-3.271007,2.609231,3.153108),(-3.271007,2.611371,3.140307),(-3.271007,2.620626,3.131208),(-3.271007,2.633462,3.129287),(-3.271007,2.644975,3.135278),(-3.271007,2.650769,3.146892),(-3.271007,2.648629,3.159693),(-3.271007,2.639374,3.168792),(-3.271007,2.626538,3.170713),(-3.271007,2.615025,3.164722),(-3.271007,2.609231,3.153108),(-3.327635,2.609231,3.153108),(-3.327635,2.611371,3.140307),(-3.327635,2.620626,3.131208),(-3.327635,2.633462,3.129287),(-3.327635,2.644975,3.135278),(-3.327635,2.650769,3.146892),(-3.327635,2.648629,3.159693),(-3.327635,2.639374,3.168792),(-3.327635,2.626538,3.170713),(-3.327635,2.615025,3.164722),(-3.327635,2.609231,3.153108),(-3.384263,2.609231,3.153108),(-3.384263,2.611371,3.140307),(-3.384263,2.620626,3.131208),(-3.384263,2.633462,3.129287),(-3.384263,2.644975,3.135278),(-3.384263,2.650769,3.146892),(-3.384263,2.648629,3.159693),(-3.384263,2.639374,3.168792),(-3.384263,2.626538,3.170713),(-3.384263,2.615025,3.164722),(-3.384263,2.609231,3.153108),(-3.44089,2.609231,3.153108),(-3.44089,2.611371,3.140307),(-3.44089,2.620626,3.131208),(-3.44089,2.633462,3.129287),(-3.44089,2.644975,3.135278),(-3.44089,2.650769,3.146892),(-3.44089,2.648629,3.159693),(-3.44089,2.639374,3.168792),(-3.44089,2.626538,3.170713),(-3.44089,2.615025,3.164722),(-3.44089,2.609231,3.153108),(-3.497518,2.609231,3.153108),(-3.497518,2.611371,3.140307),(-3.497518,2.620626,3.131208),(-3.497518,2.633462,3.129287),(-3.497518,2.644975,3.135278),(-3.497518,2.650769,3.146892),(-3.497518,2.648629,3.159693),(-3.497518,2.639374,3.168792),(-3.497518,2.626538,3.170713),(-3.497518,2.615025,3.164722),(-3.497518,2.609231,3.153108),(-3.554146,2.609231,3.153108),(-3.554146,2.611371,3.140307),(-3.554146,2.620626,3.131208),(-3.554146,2.633462,3.129287),(-3.554146,2.644975,3.135278),(-3.554146,2.650769,3.146892),(-3.554146,2.648629,3.159693),(-3.554146,2.639374,3.168792),(-3.554146,2.626538,3.170713),(-3.554146,2.615025,3.164722),(-3.554146,2.609231,3.153108),(-3.610773,2.609231,3.153108),(-3.610773,2.611371,3.140307),(-3.610773,2.620626,3.131208),(-3.610773,2.633462,3.129287),(-3.610773,2.644975,3.135278),(-3.610773,2.650769,3.146892),(-3.610773,2.648629,3.159693),(-3.610773,2.639374,3.168792),(-3.610773,2.626538,3.170713),(-3.610773,2.615025,3.164722),(-3.610773,2.609231,3.153108),(-3.667401,2.609231,3.153108),(-3.667401,2.611371,3.140307),(-3.667401,2.620626,3.131208),(-3.667401,2.633462,3.129287),(-3.667401,2.644975,3.135278),(-3.667401,2.650769,3.146892),(-3.667401,2.648629,3.159693),(-3.667401,2.639374,3.168792),(-3.667401,2.626538,3.170713),(-3.667401,2.615025,3.164722),(-3.667401,2.609231,3.153108),(-3.721786,2.608126,3.153108),(-3.722015,2.610254,3.140307),(-3.723003,2.619456,3.131208),(-3.724375,2.632218,3.129287),(-3.725605,2.643666,3.135278),(-3.726224,2.649426,3.146892),(-3.725996,2.647298,3.159693),(-3.725007,2.638096,3.168792),(-3.723635,2.625334,3.170713),(-3.722405,2.613886,3.164722),(-3.721786,2.608126,3.153108),(-3.767518,2.594509,3.153108),(-3.768592,2.596359,3.140307),(-3.773237,2.604365,3.131208),(-3.779679,2.615467,3.129287),(-3.785458,2.625425,3.135278),(-3.788365,2.630436,3.146892),(-3.787291,2.628585,3.159693),(-3.782646,2.62058,3.168792),(-3.776204,2.609478,3.170713),(-3.770426,2.599519,3.164722),(-3.767518,2.594509,3.153108),(-3.797329,2.562226,3.153108),(-3.799252,2.563166,3.140307),(-3.807567,2.56723,3.131208),(-3.819099,2.572867,3.129287),(-3.829443,2.577922,3.135278),(-3.834648,2.580466,3.146892),(-3.832726,2.579527,3.159693),(-3.82441,2.575463,3.168792),(-3.812878,2.569826,3.170713),(-3.802534,2.56477,3.164722),(-3.797329,2.562226,3.153108),(-3.808718,2.515114,3.153108),(-3.810852,2.515265,3.140307),(-3.820084,2.515917,3.131208),(-3.832888,2.51682,3.129287),(-3.844373,2.517631,3.135278),(-3.850152,2.518039,3.146892),(-3.848018,2.517888,3.159693),(-3.838785,2.517236,3.168792),(-3.825981,2.516333,3.170713),(-3.814497,2.515522,3.164722),(-3.808718,2.515114,3.153108),(-3.809231,2.459947,3.153108),(-3.811371,2.459947,3.140307),(-3.820626,2.459947,3.131208),(-3.833462,2.459947,3.129287),(-3.844975,2.459947,3.135278),(-3.850769,2.459947,3.146892),(-3.848629,2.459947,3.159693),(-3.839374,2.459947,3.168792),(-3.826538,2.459947,3.170713),(-3.815025,2.459947,3.164722),(-3.809231,2.459947,3.153108),(-3.809231,2.40332,3.153108),(-3.811371,2.40332,3.140307),(-3.820626,2.40332,3.131208),(-3.833462,2.40332,3.129287),(-3.844975,2.40332,3.135278),(-3.850769,2.40332,3.146892),(-3.848629,2.40332,3.159693),(-3.839374,2.40332,3.168792),(-3.826538,2.40332,3.170713),(-3.815025,2.40332,3.164722),(-3.809231,2.40332,3.153108),(-3.809231,2.346692,3.153108),(-3.811371,2.346692,3.140307),(-3.820626,2.346692,3.131208),(-3.833462,2.346692,3.129287),(-3.844975,2.346692,3.135278),(-3.850769,2.346692,3.146892),(-3.848629,2.346692,3.159693),(-3.839374,2.346692,3.168792),(-3.826538,2.346692,3.170713),(-3.815025,2.346692,3.164722),(-3.809231,2.346692,3.153108),(-3.809231,2.290064,3.153108),(-3.811371,2.290064,3.140307),(-3.820626,2.290064,3.131208),(-3.833462,2.290064,3.129287),(-3.844975,2.290064,3.135278),(-3.850769,2.290064,3.146892),(-3.848629,2.290064,3.159693),(-3.839374,2.290064,3.168792),(-3.826538,2.290064,3.170713),(-3.815025,2.290064,3.164722),(-3.809231,2.290064,3.153108),(-3.809231,2.233436,3.153108),(-3.811371,2.233436,3.140307),(-3.820626,2.233436,3.131208),(-3.833462,2.233436,3.129287),(-3.844975,2.233436,3.135278),(-3.850769,2.233436,3.146892),(-3.848629,2.233436,3.159693),(-3.839374,2.233436,3.168792),(-3.826538,2.233436,3.170713),(-3.815025,2.233436,3.164722),(-3.809231,2.233436,3.153108),(-3.809231,2.176809,3.153108),(-3.811371,2.176809,3.140307),(-3.820626,2.176809,3.131208),(-3.833462,2.176809,3.129287),(-3.844975,2.176809,3.135278),(-3.850769,2.176809,3.146892),(-3.848629,2.176809,3.159693),(-3.839374,2.176809,3.168792),(-3.826538,2.176809,3.170713),(-3.815025,2.176809,3.164722),(-3.809231,2.176809,3.153108),(-3.809231,2.120181,3.153108),(-3.811371,2.120181,3.140307),(-3.820626,2.120181,3.131208),(-3.833462,2.120181,3.129287),(-3.844975,2.120181,3.135278),(-3.850769,2.120181,3.146892),(-3.848629,2.120181,3.159693),(-3.839374,2.120181,3.168792),(-3.826538,2.120181,3.170713),(-3.815025,2.120181,3.164722),(-3.809231,2.120181,3.153108),(-3.809231,2.063553,3.153108),(-3.811371,2.063553,3.140307),(-3.820626,2.063553,3.131208),(-3.833462,2.063553,3.129287),(-3.844975,2.063553,3.135278),(-3.850769,2.063553,3.146892),(-3.848629,2.063553,3.159693),(-3.839374,2.063553,3.168792),(-3.826538,2.063553,3.170713),(-3.815025,2.063553,3.164722),(-3.809231,2.063553,3.153108),(-3.809231,2.006926,3.153108),(-3.811371,2.006926,3.140307),(-3.820626,2.006926,3.131208),(-3.833462,2.006926,3.129287),(-3.844975,2.006926,3.135278),(-3.850769,2.006926,3.146892),(-3.848629,2.006926,3.159693),(-3.839374,2.006926,3.168792),(-3.826538,2.006926,3.170713),(-3.815025,2.006926,3.164722),(-3.809231,2.006926,3.153108),(-3.809231,1.950298,3.153108),(-3.811371,1.950298,3.140307),(-3.820626,1.950298,3.131208),(-3.833462,1.950298,3.129287),(-3.844975,1.950298,3.135278),(-3.850769,1.950298,3.146892),(-3.848629,1.950298,3.159693),(-3.839374,1.950298,3.168792),(-3.826538,1.950298,3.170713),(-3.815025,1.950298,3.164722),(-3.809231,1.950298,3.153108),(-3.809231,1.89367,3.153108),(-3.811371,1.89367,3.140307),(-3.820626,1.89367,3.131208),(-3.833462,1.89367,3.129287),(-3.844975,1.89367,3.135278),(-3.850769,1.89367,3.146892),(-3.848629,1.89367,3.159693),(-3.839374,1.89367,3.168792),(-3.826538,1.89367,3.170713),(-3.815025,1.89367,3.164722),(-3.809231,1.89367,3.153108),(-3.809231,1.837042,3.153108),(-3.811371,1.837042,3.140307),(-3.820626,1.837042,3.131208),(-3.833462,1.837042,3.129287),(-3.844975,1.837042,3.135278),(-3.850769,1.837042,3.146892),(-3.848629,1.837042,3.159693),(-3.839374,1.837042,3.168792),(-3.826538,1.837042,3.170713),(-3.815025,1.837042,3.164722),(-3.809231,1.837042,3.153108),(-3.809231,1.780415,3.153108),(-3.811371,1.780415,3.140307),(-3.820626,1.780415,3.131208),(-3.833462,1.780415,3.129287),(-3.844975,1.780415,3.135278),(-3.850769,1.780415,3.146892),(-3.848629,1.780415,3.159693),(-3.839374,1.780415,3.168792),(-3.826538,1.780415,3.170713),(-3.815025,1.780415,3.164722),(-3.809231,1.780415,3.153108),(-3.809231,1.723787,3.153108),(-3.811371,1.723787,3.140307),(-3.820626,1.723787,3.131208),(-3.833462,1.723787,3.129287),(-3.844975,1.723787,3.135278),(-3.850769,1.723787,3.146892),(-3.848629,1.723787,3.159693),(-3.839374,1.723787,3.168792),(-3.826538,1.723787,3.170713),(-3.815025,1.723787,3.164722),(-3.809231,1.723787,3.153108),(-3.809231,1.667159,3.153108),(-3.811371,1.667159,3.140307),(-3.820626,1.667159,3.131208),(-3.833462,1.667159,3.129287),(-3.844975,1.667159,3.135278),(-3.850769,1.667159,3.146892),(-3.848629,1.667159,3.159693),(-3.839374,1.667159,3.168792),(-3.826538,1.667159,3.170713),(-3.815025,1.667159,3.164722),(-3.809231,1.667159,3.153108),(-3.809231,1.610532,3.153108),(-3.811371,1.610532,3.140307),(-3.820626,1.610532,3.131208),(-3.833462,1.610532,3.129287),(-3.844975,1.610532,3.135278),(-3.850769,1.610532,3.146892),(-3.848629,1.610532,3.159693),(-3.839374,1.610532,3.168792),(-3.826538,1.610532,3.170713),(-3.815025,1.610532,3.164722),(-3.809231,1.610532,3.153108),(-3.809231,1.553904,3.153108),(-3.811371,1.553904,3.140307),(-3.820626,1.553904,3.131208),(-3.833462,1.553904,3.129287),(-3.844975,1.553904,3.135278),(-3.850769,1.553904,3.146892),(-3.848629,1.553904,3.159693),(-3.839374,1.553904,3.168792),(-3.826538,1.553904,3.170713),(-3.815025,1.553904,3.164722),(-3.809231,1.553904,3.153108),(-3.809231,1.497276,3.153108),(-3.811371,1.497276,3.140307),(-3.820626,1.497276,3.131208),(-3.833462,1.497276,3.129287),(-3.844975,1.497276,3.135278),(-3.850769,1.497276,3.146892),(-3.848629,1.497276,3.159693),(-3.839374,1.497276,3.168792),(-3.826538,1.497276,3.170713),(-3.815025,1.497276,3.164722),(-3.809231,1.497276,3.153108),(-3.809231,1.440649,3.153108),(-3.811371,1.440649,3.140307),(-3.820626,1.440649,3.131208),(-3.833462,1.440649,3.129287),(-3.844975,1.440649,3.135278),(-3.850769,1.440649,3.146892),(-3.848629,1.440649,3.159693),(-3.839374,1.440649,3.168792),(-3.826538,1.440649,3.170713),(-3.815025,1.440649,3.164722),(-3.809231,1.440649,3.153108),(-3.809231,1.384021,3.153108),(-3.811371,1.384021,3.140307),(-3.820626,1.384021,3.131208),(-3.833462,1.384021,3.129287),(-3.844975,1.384021,3.135278),(-3.850769,1.384021,3.146892),(-3.848629,1.384021,3.159693),(-3.839374,1.384021,3.168792),(-3.826538,1.384021,3.170713),(-3.815025,1.384021,3.164722),(-3.809231,1.384021,3.153108),(-3.809231,1.327393,3.153108),(-3.811371,1.327393,3.140307),(-3.820626,1.327393,3.131208),(-3.833462,1.327393,3.129287),(-3.844975,1.327393,3.135278),(-3.850769,1.327393,3.146892),(-3.848629,1.327393,3.159693),(-3.839374,1.327393,3.168792),(-3.826538,1.327393,3.170713),(-3.815025,1.327393,3.164722),(-3.809231,1.327393,3.153108),(-3.809231,1.270765,3.153108),(-3.811371,1.270765,3.140307),(-3.820626,1.270765,3.131208),(-3.833462,1.270765,3.129287),(-3.844975,1.270765,3.135278),(-3.850769,1.270765,3.146892),(-3.848629,1.270765,3.159693),(-3.839374,1.270765,3.168792),(-3.826538,1.270765,3.170713),(-3.815025,1.270765,3.164722),(-3.809231,1.270765,3.153108),(-3.809231,1.214138,3.153108),(-3.811371,1.214138,3.140307),(-3.820626,1.214138,3.131208),(-3.833462,1.214138,3.129287),(-3.844975,1.214138,3.135278),(-3.850769,1.214138,3.146892),(-3.848629,1.214138,3.159693),(-3.839374,1.214138,3.168792),(-3.826538,1.214138,3.170713),(-3.815025,1.214138,3.164722),(-3.809231,1.214138,3.153108),(-3.809231,1.15751,3.153108),(-3.811371,1.15751,3.140307),(-3.820626,1.15751,3.131208),(-3.833462,1.15751,3.129287),(-3.844975,1.15751,3.135278),(-3.850769,1.15751,3.146892),(-3.848629,1.15751,3.159693),(-3.839374,1.15751,3.168792),(-3.826538,1.15751,3.170713),(-3.815025,1.15751,3.164722),(-3.809231,1.15751,3.153108),(-3.809231,1.100882,3.153108),(-3.811371,1.100882,3.140307),(-3.820626,1.100882,3.131208),(-3.833462,1.100882,3.129287),(-3.844975,1.100882,3.135278),(-3.850769,1.100882,3.146892),(-3.848629,1.100882,3.159693),(-3.839374,1.100882,3.168792),(-3.826538,1.100882,3.170713),(-3.815025,1.100882,3.164722),(-3.809231,1.100882,3.153108),(-3.809231,1.044255,3.153108),(-3.811371,1.044255,3.140307),(-3.820626,1.044255,3.131208),(-3.833462,1.044255,3.129287),(-3.844975,1.044255,3.135278),(-3.850769,1.044255,3.146892),(-3.848629,1.044255,3.159693),(-3.839374,1.044255,3.168792),(-3.826538,1.044255,3.170713),(-3.815025,1.044255,3.164722),(-3.809231,1.044255,3.153108),(-3.809231,0.987627,3.153108),(-3.811371,0.987627,3.140307),(-3.820626,0.987627,3.131208),(-3.833462,0.987627,3.129287),(-3.844975,0.987627,3.135278),(-3.850769,0.987627,3.146892),(-3.848629,0.987627,3.159693),(-3.839374,0.987627,3.168792),(-3.826538,0.987627,3.170713),(-3.815025,0.987627,3.164722),(-3.809231,0.987627,3.153108),(-3.809231,0.930999,3.153108),(-3.811371,0.930999,3.140307),(-3.820626,0.930999,3.131208),(-3.833462,0.930999,3.129287),(-3.844975,0.930999,3.135278),(-3.850769,0.930999,3.146892),(-3.848629,0.930999,3.159693),(-3.839374,0.930999,3.168792),(-3.826538,0.930999,3.170713),(-3.815025,0.930999,3.164722),(-3.809231,0.930999,3.153108),(-3.809231,0.874371,3.153108),(-3.811371,0.874371,3.140307),(-3.820626,0.874371,3.131208),(-3.833462,0.874371,3.129287),(-3.844975,0.874371,3.135278),(-3.850769,0.874371,3.146892),(-3.848629,0.874371,3.159693),(-3.839374,0.874371,3.168792),(-3.826538,0.874371,3.170713),(-3.815025,0.874371,3.164722),(-3.809231,0.874371,3.153108),(-3.809231,0.817744,3.153108),(-3.811371,0.817744,3.140307),(-3.820626,0.817744,3.131208),(-3.833462,0.817744,3.129287),(-3.844975,0.817744,3.135278),(-3.850769,0.817744,3.146892),(-3.848629,0.817744,3.159693),(-3.839374,0.817744,3.168792),(-3.826538,0.817744,3.170713),(-3.815025,0.817744,3.164722),(-3.809231,0.817744,3.153108),(-3.809231,0.761116,3.153108),(-3.811371,0.761116,3.140307),(-3.820626,0.761116,3.131208),(-3.833462,0.761116,3.129287),(-3.844975,0.761116,3.135278),(-3.850769,0.761116,3.146892),(-3.848629,0.761116,3.159693),(-3.839374,0.761116,3.168792),(-3.826538,0.761116,3.170713),(-3.815025,0.761116,3.164722),(-3.809231,0.761116,3.153108),(-3.809231,0.704488,3.153108),(-3.811371,0.704488,3.140307),(-3.820626,0.704488,3.131208),(-3.833462,0.704488,3.129287),(-3.844975,0.704488,3.135278),(-3.850769,0.704488,3.146892),(-3.848629,0.704488,3.159693),(-3.839374,0.704488,3.168792),(-3.826538,0.704488,3.170713),(-3.815025,0.704488,3.164722),(-3.809231,0.704488,3.153108),(-3.811733,0.644817,3.153108),(-3.813848,0.645139,3.140307),(-3.822999,0.646531,3.131208),(-3.835689,0.648461,3.129287),(-3.847071,0.650192,3.135278),(-3.852798,0.651063,3.146892),(-3.850683,0.650742,3.159693),(-3.841533,0.64935,3.168792),(-3.828843,0.64742,3.170713),(-3.817461,0.645688,3.164722),(-3.811733,0.644817,3.153108),(-3.834853,0.583322,3.153108),(-3.836609,0.584544,3.140307),(-3.844205,0.589832,3.131208),(-3.85474,0.597166,3.129287),(-3.864189,0.603744,3.135278),(-3.868944,0.607054,3.146892),(-3.867188,0.605831,3.159693),(-3.859592,0.600543,3.168792),(-3.849057,0.59321,3.170713),(-3.839608,0.586632,3.164722),(-3.834853,0.583322,3.153108),(-3.88834,0.541439,3.153108),(-3.889138,0.543424,3.140307),(-3.892594,0.55201,3.131208),(-3.897386,0.563917,3.129287),(-3.901685,0.574598,3.135278),(-3.903848,0.579972,3.146892),(-3.903049,0.577988,3.159693),(-3.899594,0.569402,3.168792),(-3.894801,0.557494,3.170713),(-3.890502,0.546813,3.164722),(-3.88834,0.541439,3.153108),(-3.950819,0.529386,3.153108),(-3.950892,0.531524,3.140307),(-3.951209,0.540774,3.131208),(-3.951648,0.553603,3.129287),(-3.952043,0.565109,3.135278),(-3.952241,0.570899,3.146892),(-3.952168,0.568761,3.159693),(-3.951851,0.559511,3.168792),(-3.951411,0.546683,3.170713),(-3.951017,0.535176,3.164722),(-3.950819,0.529386,3.153108),(-4.008162,0.529231,3.153108),(-4.008162,0.531371,3.140307),(-4.008162,0.540626,3.131208),(-4.008162,0.553462,3.129287),(-4.008162,0.564975,3.135278),(-4.008162,0.570769,3.146892),(-4.008162,0.568629,3.159693),(-4.008162,0.559374,3.168792),(-4.008162,0.546538,3.170713),(-4.008162,0.535025,3.164722),(-4.008162,0.529231,3.153108),(-4.06479,0.529231,3.153108),(-4.06479,0.531371,3.140307),(-4.06479,0.540626,3.131208),(-4.06479,0.553462,3.129287),(-4.06479,0.564975,3.135278),(-4.06479,0.570769,3.146892),(-4.06479,0.568629,3.159693),(-4.06479,0.559374,3.168792),(-4.06479,0.546538,3.170713),(-4.06479,0.535025,3.164722),(-4.06479,0.529231,3.153108),(-4.121418,0.529231,3.153108),(-4.121418,0.531371,3.140307),(-4.121418,0.540626,3.131208),(-4.121418,0.553462,3.129287),(-4.121418,0.564975,3.135278),(-4.121418,0.570769,3.146892),(-4.121418,0.568629,3.159693),(-4.121418,0.559374,3.168792),(-4.121418,0.546538,3.170713),(-4.121418,0.535025,3.164722),(-4.121418,0.529231,3.153108),(-4.178046,0.529231,3.153108),(-4.178046,0.531371,3.140307),(-4.178046,0.540626,3.131208),(-4.178046,0.553462,3.129287),(-4.178046,0.564975,3.135278),(-4.178046,0.570769,3.146892),(-4.178046,0.568629,3.159693),(-4.178046,0.559374,3.168792),(-4.178046,0.546538,3.170713),(-4.178046,0.535025,3.164722),(-4.178046,0.529231,3.153108),(-4.234674,0.529231,3.153108),(-4.234674,0.531371,3.140307),(-4.234674,0.540626,3.131208),(-4.234674,0.553462,3.129287),(-4.234674,0.564975,3.135278),(-4.234674,0.570769,3.146892),(-4.234674,0.568629,3.159693),(-4.234674,0.559374,3.168792),(-4.234674,0.546538,3.170713),(-4.234674,0.535025,3.164722),(-4.234674,0.529231,3.153108),(-4.291729,0.529231,3.149151),(-4.289108,0.531371,3.136621),(-4.287245,0.540626,3.127715),(-4.286851,0.553462,3.125835),(-4.288078,0.564975,3.131698),(-4.290456,0.570769,3.143066),(-4.293078,0.568629,3.155596),(-4.294941,0.559374,3.164502),(-4.295335,0.546538,3.166382),(-4.294108,0.535025,3.160518),(-4.291729,0.529231,3.149151),(-4.344118,0.529231,3.124849),(-4.335815,0.531371,3.115105),(-4.329914,0.540626,3.10818),(-4.328668,0.553462,3.106718),(-4.332554,0.564975,3.111278),(-4.340086,0.570769,3.120118),(-4.348389,0.568629,3.129861),(-4.35429,0.559374,3.136787),(-4.355536,0.546538,3.138249),(-4.35165,0.535025,3.133689),(-4.344118,0.529231,3.124849),(-4.375362,0.529231,3.076206),(-4.363166,0.531371,3.072317),(-4.354497,0.540626,3.069553),(-4.352667,0.553462,3.068969),(-4.358375,0.564975,3.070789),(-4.36944,0.570769,3.074318),(-4.381636,0.568629,3.078207),(-4.390305,0.559374,3.080971),(-4.392135,0.546538,3.081554),(-4.386427,0.535025,3.079734),(-4.375362,0.529231,3.076206),(-4.383108,0.529231,3.019302),(-4.370307,0.531371,3.019302),(-4.361208,0.540626,3.019302),(-4.359287,0.553462,3.019302),(-4.365278,0.564975,3.019302),(-4.376892,0.570769,3.019302),(-4.389693,0.568629,3.019302),(-4.398792,0.559374,3.019302),(-4.400712,0.546538,3.019302),(-4.394722,0.535025,3.019302),(-4.383108,0.529231,3.019302),(-4.383108,0.529231,2.962671),(-4.370307,0.531371,2.962671),(-4.361208,0.540626,2.962671),(-4.359287,0.553462,2.962671),(-4.365278,0.564975,2.962671),(-4.376892,0.570769,2.962671),(-4.389693,0.568629,2.962671),(-4.398792,0.559374,2.962671),(-4.400712,0.546538,2.962671),(-4.394722,0.535025,2.962671),(-4.383108,0.529231,2.962671),(-4.383108,0.529231,2.906043),(-4.370307,0.531371,2.906043),(-4.361208,0.540626,2.906043),(-4.359287,0.553462,2.906043),(-4.365278,0.564975,2.906043),(-4.376892,0.570769,2.906043),(-4.389693,0.568629,2.906043),(-4.398792,0.559374,2.906043),(-4.400712,0.546538,2.906043),(-4.394722,0.535025,2.906043),(-4.383108,0.529231,2.906043),(-4.383108,0.529231,2.849416),(-4.370307,0.531371,2.849416),(-4.361208,0.540626,2.849416),(-4.359287,0.553462,2.849416),(-4.365278,0.564975,2.849416),(-4.376892,0.570769,2.849416),(-4.389693,0.568629,2.849416),(-4.398792,0.559374,2.849416),(-4.400712,0.546538,2.849416),(-4.394722,0.535025,2.849416),(-4.383108,0.529231,2.849416),(-4.383108,0.529231,2.792788),(-4.370307,0.531371,2.792788),(-4.361208,0.540626,2.792788),(-4.359287,0.553462,2.792788),(-4.365278,0.564975,2.792788),(-4.376892,0.570769,2.792788),(-4.389693,0.568629,2.792788),(-4.398792,0.559374,2.792788),(-4.400712,0.546538,2.792788),(-4.394722,0.535025,2.792788),(-4.383108,0.529231,2.792788),(-4.383108,0.529231,2.73616),(-4.370307,0.531371,2.73616),(-4.361208,0.540626,2.73616),(-4.359287,0.553462,2.73616),(-4.365278,0.564975,2.73616),(-4.376892,0.570769,2.73616),(-4.389693,0.568629,2.73616),(-4.398792,0.559374,2.73616),(-4.400712,0.546538,2.73616),(-4.394722,0.535025,2.73616),(-4.383108,0.529231,2.73616),(-4.383108,0.529231,2.679533),(-4.370307,0.531371,2.679533),(-4.361208,0.540626,2.679533),(-4.359287,0.553462,2.679533),(-4.365278,0.564975,2.679533),(-4.376892,0.570769,2.679533),(-4.389693,0.568629,2.679533),(-4.398792,0.559374,2.679533),(-4.400712,0.546538,2.679533),(-4.394722,0.535025,2.679533),(-4.383108,0.529231,2.679533),(-4.383108,0.529231,2.622905),(-4.370307,0.531371,2.622905),(-4.361208,0.540626,2.622905),(-4.359287,0.553462,2.622905),(-4.365278,0.564975,2.622905),(-4.376892,0.570769,2.622905),(-4.389693,0.568629,2.622905),(-4.398792,0.559374,2.622905),(-4.400712,0.546538,2.622905),(-4.394722,0.535025,2.622905),(-4.383108,0.529231,2.622905),(-4.383108,0.529231,2.566277),(-4.370307,0.531371,2.566277),(-4.361208,0.540626,2.566277),(-4.359287,0.553462,2.566277),(-4.365278,0.564975,2.566277),(-4.376892,0.570769,2.566277),(-4.389693,0.568629,2.566277),(-4.398792,0.559374,2.566277),(-4.400712,0.546538,2.566277),(-4.394722,0.535025,2.566277),(-4.383108,0.529231,2.566277),(-4.383108,0.529231,2.509649),(-4.370307,0.531371,2.509649),(-4.361208,0.540626,2.509649),(-4.359287,0.553462,2.509649),(-4.365278,0.564975,2.509649),(-4.376892,0.570769,2.509649),(-4.389693,0.568629,2.509649),(-4.398792,0.559374,2.509649),(-4.400712,0.546538,2.509649),(-4.394722,0.535025,2.509649),(-4.383108,0.529231,2.509649),(-4.383108,0.529231,2.453022),(-4.370307,0.531371,2.453022),(-4.361208,0.540626,2.453022),(-4.359287,0.553462,2.453022),(-4.365278,0.564975,2.453022),(-4.376892,0.570769,2.453022),(-4.389693,0.568629,2.453022),(-4.398792,0.559374,2.453022),(-4.400712,0.546538,2.453022),(-4.394722,0.535025,2.453022),(-4.383108,0.529231,2.453022),(-4.383108,0.529231,2.396394),(-4.370307,0.531371,2.396394),(-4.361208,0.540626,2.396394),(-4.359287,0.553462,2.396394),(-4.365278,0.564975,2.396394),(-4.376892,0.570769,2.396394),(-4.389693,0.568629,2.396394),(-4.398792,0.559374,2.396394),(-4.400712,0.546538,2.396394),(-4.394722,0.535025,2.396394),(-4.383108,0.529231,2.396394),(-4.383108,0.529231,2.339766),(-4.370307,0.531371,2.339766),(-4.361208,0.540626,2.339766),(-4.359287,0.553462,2.339766),(-4.365278,0.564975,2.339766),(-4.376892,0.570769,2.339766),(-4.389693,0.568629,2.339766),(-4.398792,0.559374,2.339766),(-4.400712,0.546538,2.339766),(-4.394722,0.535025,2.339766),(-4.383108,0.529231,2.339766),(-4.383108,0.529231,2.283139),(-4.370307,0.531371,2.283139),(-4.361208,0.540626,2.283139),(-4.359287,0.553462,2.283139),(-4.365278,0.564975,2.283139),(-4.376892,0.570769,2.283139),(-4.389693,0.568629,2.283139),(-4.398792,0.559374,2.283139),(-4.400712,0.546538,2.283139),(-4.394722,0.535025,2.283139),(-4.383108,0.529231,2.283139),(-4.383108,0.529231,2.226511),(-4.370307,0.531371,2.226511),(-4.361208,0.540626,2.226511),(-4.359287,0.553462,2.226511),(-4.365278,0.564975,2.226511),(-4.376892,0.570769,2.226511),(-4.389693,0.568629,2.226511),(-4.398792,0.559374,2.226511),(-4.400712,0.546538,2.226511),(-4.394722,0.535025,2.226511),(-4.383108,0.529231,2.226511),(-4.383108,0.529231,2.169883),(-4.370307,0.531371,2.169883),(-4.361208,0.540626,2.169883),(-4.359287,0.553462,2.169883),(-4.365278,0.564975,2.169883),(-4.376892,0.570769,2.169883),(-4.389693,0.568629,2.169883),(-4.398792,0.559374,2.169883),(-4.400712,0.546538,2.169883),(-4.394722,0.535025,2.169883),(-4.383108,0.529231,2.169883),(-4.383108,0.529231,2.113256),(-4.370307,0.531371,2.113256),(-4.361208,0.540626,2.113256),(-4.359287,0.553462,2.113256),(-4.365278,0.564975,2.113256),(-4.376892,0.570769,2.113256),(-4.389693,0.568629,2.113256),(-4.398792,0.559374,2.113256),(-4.400712,0.546538,2.113256),(-4.394722,0.535025,2.113256),(-4.383108,0.529231,2.113256),(-4.383108,0.529231,2.056628),(-4.370307,0.531371,2.056628),(-4.361208,0.540626,2.056628),(-4.359287,0.553462,2.056628),(-4.365278,0.564975,2.056628),(-4.376892,0.570769,2.056628),(-4.389693,0.568629,2.056628),(-4.398792,0.559374,2.056628),(-4.400712,0.546538,2.056628),(-4.394722,0.535025,2.056628),(-4.383108,0.529231,2.056628),(-4.383108,0.529231,2.),(-4.370307,0.531371,2.),(-4.361208,0.540626,2.),(-4.359287,0.553462,2.),(-4.365278,0.564975,2.),(-4.376892,0.570769,2.),(-4.389693,0.568629,2.),(-4.398792,0.559374,2.),(-4.400712,0.546538,2.),(-4.394722,0.535025,2.),(-4.383108,0.529231,2.)));
#387=IFCTRIANGULATEDFACESET(#386,$,$,((1,12,2),(12,13,2),(2,13,3),(13,14,3),(3,14,4),(14,15,4),(4,15,5),(15,16,5),(5,16,6),(16,17,6),(6,17,7),(17,18,7),(7,18,8),(18,19,8),(8,19,9),(19,20,9),(9,20,10),(20,21,10),(10,21,11),(21,22,11),(12,23,13),(23,24,13),(13,24,14),(24,25,14),(14,25,15),(25,26,15),(15,26,16),(26,27,16),(16,27,17),(27,28,17),(17,28,18),(28,29,18),(18,29,19),(29,30,19),(19,30,20),(30,31,20),(20,31,21),(31,32,21),(21,32,22),(32,33,22),(23,34,24),(34,35,24),(24,35,25),(35,36,25),(25,36,26),(36,37,26),(26,37,27),(37,38,27),(27,38,28),(38,39,28),(28,39,29),(39,40,29),(29,40,30),(40,41,30),(30,41,31),(41,42,31),(31,42,32),(42,43,32),(32,43,33),(43,44,33),(34,45,35),(45,46,35),(35,46,36),(46,47,36),(36,47,37),(47,48,37),(37,48,38),(48,49,38),(38,49,39),(49,50,39),(39,50,40),(50,51,40),(40,51,41),(51,52,41),(41,52,42),(52,53,42),(42,53,43),(53,54,43),(43,54,44),(54,55,44),(45,56,46),(56,57,46),(46,57,47),(57,58,47),(47,58,48),(58,59,48),(48,59,49),(59,60,49),(49,60,50),(60,61,50),(50,61,51),(61,62,51),(51,62,52),(62,63,52),(52,63,53),(63,64,53),(53,64,54),(64,65,54),(54,65,55),(65,66,55),(56,67,57),(67,68,57),(57,68,58),(68,69,58),(58,69,59),(69,70,59),(59,70,60),(70,71,60),(60,71,61),(71,72,61),(61,72,62),(72,73,62),(62,73,63),(73,74,63),(63,74,64),(74,75,64),(64,75,65),(75,76,65),(65,76,66),(76,77,66),(67,78,68),(78,79,68),(68,79,69),(79,80,69),(69,80,70),(80,81,70),(70,81,71),(81,82,71),(71,82,72),(82,83,72),(72,83,73),(83,84,73),(73,84,74),(84,85,74),(74,85,75),(85,86,75),(75,86,76),(86,87,76),(76,87,77),(87,88,77),(78,89,79),(89,90,79),(79,90,80),(90,91,80),(80,91,81),(91,92,81),(81,92,82),(92,93,82),(82,93,83),(93,94,83),(83,94,84),(94,95,84),(84,95,85),(95,96,85),(85,96,86),(96,97,86),(86,97,87),(97,98,87),(87,98,88),(98,99,88),(89,100,90),(100,101,90),(90,101,91),(101,102,91),(91,102,92),(102,103,92),(92,103,93),(103,104,93),(93,104,94),(104,105,94),(94,105,95),(105,106,95),(95,106,96),(106,107,96),(96,107,97),(107,108,97),(97,108,98),(108,109,98),(98,109,99),(109,110,99),(100,111,101),(111,112,101),(101,112,102),(112,113,102),(102,113,103),(113,114,103),(103,114,104),(114,115,104),(104,115,105),(115,116,105),(105,116,106),(116,117,106),(106,117,107),(117,118,107),(107,118,108),(118,119,108),(108,119,109),(119,120,109),(109,120,110),(120,121,110),(111,122,112),(122,123,112),(112,123,113),(123,124,113),(113,124,114),(124,125,114),(114,125,115),(125,126,115),(115,126,116),(126,127,116),(116,127,117),(127,128,117),(117,128,118),(128,129,118),(118,129,119),(129,130,119),(119,130,120),(130,131,120),(120,131,121),(131,132,121),(122,133,123),(133,134,123),(123,134,124),(134,135,124),(124,135,125),(135,136,125),(125,136,126),(136,137,126),(126,137,127),(137,138,127),(127,138,128),(138,139,128),(128,139,129),(139,140,129),(129,140,130),(140,141,130),(130,141,131),(141,142,131),(131,142,132),(142,143,132),(133,144,134),(144,145,134),(134,145,135),(145,146,135),(135,146,136),(146,147,136),(136,147,137),(147,148,137),(137,148,138),(148,149,138),(138,149,139),(149,150,139),(139,150,140),(150,151,140),(140,151,141),(151,152,141),(141,152,142),(152,153,142),(142,153,143),(153,154,143),(144,155,145),(155,156,145),(145,156,146),(156,157,146),(146,157,147),(157,158,147),(147,158,148),(158,159,148),(148,159,149),(159,160,149),(149,160,150),(160,161,150),(150,161,151),(161,162,151),(151,162,152),(162,163,152),(152,163,153),(163,164,153),(153,164,154),(164,165,154),(155,166,156),(166,167,156),(156,167,157),(167,168,157),(157,168,158),(168,169,158),(158,169,159),(169,170,159),(159,170,160),(170,171,160),(160,171,161),(171,172,161),(161,172,162),(172,173,162),(162,173,163),(173,174,163),(163,174,164),(174,175,164),(164,175,165),(175,176,165),(166,177,167),(177,178,167),(167,178,168),(178,179,168),(168,179,169),(179,180,169),(169,180,170),(180,181,170),(170,181,171),(181,182,171),(171,182,172),(182,183,172),(172,183,173),(183,184,173),(173,184,174),(184,185,174),(174,185,175),(185,186,175),(175,186,176),(186,187,176),(177,188,178),(188,189,178),(178,189,179),(189,190,179),(179,190,180),(190,191,180),(180,191,181),(191,192,181),(181,192,182),(192,193,182),(182,193,183),(193,194,183),(183,194,184),(194,195,184),(184,195,185),(195,196,185),(185,196,186),(196,197,186),(186,197,187),(197,198,187),(188,199,189),(199,200,189),(189,200,190),(200,201,190),(190,201,191),(201,202,191),(191,202,192),(202,203,192),(192,203,193),(203,204,193),(193,204,194),(204,205,194),(194,205,195),(205,206,195),(195,206,196),(206,207,196),(196,207,197),(207,208,197),(197,208,198),(208,209,198),(199,210,200),(210,211,200),(200,211,201),(211,212,201),(201,212,202),(212,213,202),(202,213,203),(213,214,203),(203,214,204),(214,215,204),(204,215,205),(215,216,205),(205,216,206),(216,217,206),(206,217,207),(217,218,207),(207,218,208),(218,219,208),(208,219,209),(219,220,209),(210,221,211),(221,222,211),(211,222,212),(222,223,212),(212,223,213),(223,224,213),(213,224,214),(224,225,214),(214,225,215),(225,226,215),(215,226,216),(226,227,216),(216,227,217),(227,228,217),(217,228,218),(228,229,218),(218,229,219),(229,230,219),(219,230,220),(230,231,220),(221,232,222),(232,233,222),(222,233,223),(233,234,223),(223,234,224),(234,235,224),(224,235,225),(235,236,225),(225,236,226),(236,237,226),(226,237,227),(237,238,227),(227,238,228),(238,239,228),(228,239,229),(239,240,229),(229,240,230),(240,241,230),(230,241,231),(241,242,231),(232,243,233),(243,244,233),(233,244,234),(244,245,234),(234,245,235),(245,246,235),(235,246,236),(246,247,236),(236,247,237),(247,248,237),(237,248,238),(248,249,238),(238,249,239),(249,250,239),(239,250,240),(250,251,240),(240,251,241),(251,252,241),(241,252,242),(252,253,242),(243,254,244),(254,255,244),(244,255,245),(255,256,245),(245,256,246),(256,257,246),(246,257,247),(257,258,247),(247,258,248),(258,259,248),(248,259,249),(259,260,249),(249,260,250),(260,261,250),(250,261,251),(261,262,251),(251,262,252),(262,263,252),(252,263,253),(263,264,253),(254,265,255),(265,266,255),(255,266,256),(266,267,256),(256,267,257),(267,268,257),(257,268,258),(268,269,258),(258,269,259),(269,270,259),(259,270,260),(270,271,260),(260,271,261),(271,272,261),(261,272,262),(272,273,262),(262,273,263),(273,274,263),(263,274,264),(274,275,264),(265,276,266),(276,277,266),(266,277,267),(277,278,267),(267,278,268),(278,279,268),(268,279,269),(279,280,269),(269,280,270),(280,281,270),(270,281,271),(281,282,271),(271,282,272),(282,283,272),(272,283,273),(283,284,273),(273,284,274),(284,285,274),(274,285,275),(285,286,275),(276,287,277),(287,288,277),(277,288,278),(288,289,278),(278,289,279),(289,290,279),(279,290,280),(290,291,280),(280,291,281),(291,292,281),(281,292,282),(292,293,282),(282,293,283),(293,294,283),(283,294,284),(294,295,284),(284,295,285),(295,296,285),(285,296,286),(296,297,286),(287,298,288),(298,299,288),(288,299,289),(299,300,289),(289,300,290),(300,301,290),(290,301,291),(301,302,291),(291,302,292),(302,303,292),(292,303,293),(303,304,293),(293,304,294),(304,305,294),(294,305,295),(305,306,295),(295,306,296),(306,307,296),(296,307,297),(307,308,297),(298,309,299),(309,310,299),(299,310,300),(310,311,300),(300,311,301),(311,312,301),(301,312,302),(312,313,302),(302,313,303),(313,314,303),(303,314,304),(314,315,304),(304,315,305),(315,316,305),(305,316,306),(316,317,306),(306,317,307),(317,318,307),(307,318,308),(318,319,308),(309,320,310),(320,321,310),(310,321,311),(321,322,311),(311,322,312),(322,323,312),(312,323,313),(323,324,313),(313,324,314),(324,325,314),(314,325,315),(325,326,315),(315,326,316),(326,327,316),(316,327,317),(327,328,317),(317,328,318),(328,329,318),(318,329,319),(329,330,319),(320,331,321),(331,332,321),(321,332,322),(332,333,322),(322,333,323),(333,334,323),(323,334,324),(334,335,324),(324,335,325),(335,336,325),(325,336,326),(336,337,326),(326,337,327),(337,338,327),(327,338,328),(338,339,328),(328,339,329),(339,340,329),(329,340,330),(340,341,330),(331,342,332),(342,343,332),(332,343,333),(343,344,333),(333,344,334),(344,345,334),(334,345,335),(345,346,335),(335,346,336),(346,347,336),(336,347,337),(347,348,337),(337,348,338),(348,349,338),(338,349,339),(349,350,339),(339,350,340),(350,351,340),(340,351,341),(351,352,341),(342,353,343),(353,354,343),(343,354,344),(354,355,344),(344,355,345),(355,356,345),(345,356,346),(356,357,346),(346,357,347),(357,358,347),(347,358,348),(358,359,348),(348,359,349),(359,360,349),(349,360,350),(360,361,350),(350,361,351),(361,362,351),(351,362,352),(362,363,352),(353,364,354),(364,365,354),(354,365,355),(365,366,355),(355,366,356),(366,367,356),(356,367,357),(367,368,357),(357,368,358),(368,369,358),(358,369,359),(369,370,359),(359,370,360),(370,371,360),(360,371,361),(371,372,361),(361,372,362),(372,373,362),(362,373,363),(373,374,363),(364,375,365),(375,376,365),(365,376,366),(376,377,366),(366,377,367),(377,378,367),(367,378,368),(378,379,368),(368,379,369),(379,380,369),(369,380,370),(380,381,370),(370,381,371),(381,382,371),(371,382,372),(382,383,372),(372,383,373),(383,384,373),(373,384,374),(384,385,374),(375,386,376),(386,387,376),(376,387,377),(387,388,377),(377,388,378),(388,389,378),(378,389,379),(389,390,379),(379,390,380),(390,391,380),(380,391,381),(391,392,381),(381,392,382),(392,393,382),(382,393,383),(393,394,383),(383,394,384),(394,395,384),(384,395,385),(395,396,385),(386,397,387),(397,398,387),(387,398,388),(398,399,388),(388,399,389),(399,400,389),(389,400,390),(400,401,390),(390,401,391),(401,402,391),(391,402,392),(402,403,392),(392,403,393),(403,404,393),(393,404,394),(404,405,394),(394,405,395),(405,406,395),(395,406,396),(406,407,396),(397,408,398),(408,409,398),(398,409,399),(409,410,399),(399,410,400),(410,411,400),(400,411,401),(411,412,401),(401,412,402),(412,413,402),(402,413,403),(413,414,403),(403,414,404),(414,415,404),(404,415,405),(415,416,405),(405,416,406),(416,417,406),(406,417,407),(417,418,407),(408,419,409),(419,420,409),(409,420,410),(420,421,410),(410,421,411),(421,422,411),(411,422,412),(422,423,412),(412,423,413),(423,424,413),(413,424,414),(424,425,414),(414,425,415),(425,426,415),(415,426,416),(426,427,416),(416,427,417),(427,428,417),(417,428,418),(428,429,418),(419,430,420),(430,431,420),(420,431,421),(431,432,421),(421,432,422),(432,433,422),(422,433,423),(433,434,423),(423,434,424),(434,435,424),(424,435,425),(435,436,425),(425,436,426),(436,437,426),(426,437,427),(437,438,427),(427,438,428),(438,439,428),(428,439,429),(439,440,429),(430,441,431),(441,442,431),(431,442,432),(442,443,432),(432,443,433),(443,444,433),(433,444,434),(444,445,434),(434,445,435),(445,446,435),(435,446,436),(446,447,436),(436,447,437),(447,448,437),(437,448,438),(448,449,438),(438,449,439),(449,450,439),(439,450,440),(450,451,440),(441,452,442),(452,453,442),(442,453,443),(453,454,443),(443,454,444),(454,455,444),(444,455,445),(455,456,445),(445,456,446),(456,457,446),(446,457,447),(457,458,447),(447,458,448),(458,459,448),(448,459,449),(459,460,449),(449,460,450),(460,461,450),(450,461,451),(461,462,451),(452,463,453),(463,464,453),(453,464,454),(464,465,454),(454,465,455),(465,466,455),(455,466,456),(466,467,456),(456,467,457),(467,468,457),(457,468,458),(468,469,458),(458,469,459),(469,470,459),(459,470,460),(470,471,460),(460,471,461),(471,472,461),(461,472,462),(472,473,462),(463,474,464),(474,475,464),(464,475,465),(475,476,465),(465,476,466),(476,477,466),(466,477,467),(477,478,467),(467,478,468),(478,479,468),(468,479,469),(479,480,469),(469,480,470),(480,481,470),(470,481,471),(481,482,471),(471,482,472),(482,483,472),(472,483,473),(483,484,473),(474,485,475),(485,486,475),(475,486,476),(486,487,476),(476,487,477),(487,488,477),(477,488,478),(488,489,478),(478,489,479),(489,490,479),(479,490,480),(490,491,480),(480,491,481),(491,492,481),(481,492,482),(492,493,482),(482,493,483),(493,494,483),(483,494,484),(494,495,484),(485,496,486),(496,497,486),(486,497,487),(497,498,487),(487,498,488),(498,499,488),(488,499,489),(499,500,489),(489,500,490),(500,501,490),(490,501,491),(501,502,491),(491,502,492),(502,503,492),(492,503,493),(503,504,493),(493,504,494),(504,505,494),(494,505,495),(505,506,495),(496,507,497),(507,508,497),(497,508,498),(508,509,498),(498,509,499),(509,510,499),(499,510,500),(510,511,500),(500,511,501),(511,512,501),(501,512,502),(512,513,502),(502,513,503),(513,514,503),(503,514,504),(514,515,504),(504,515,505),(515,516,505),(505,516,506),(516,517,506),(507,518,508),(518,519,508),(508,519,509),(519,520,509),(509,520,510),(520,521,510),(510,521,511),(521,522,511),(511,522,512),(522,523,512),(512,523,513),(523,524,513),(513,524,514),(524,525,514),(514,525,515),(525,526,515),(515,526,516),(526,527,516),(516,527,517),(527,528,517),(518,529,519),(529,530,519),(519,530,520),(530,531,520),(520,531,521),(531,532,521),(521,532,522),(532,533,522),(522,533,523),(533,534,523),(523,534,524),(534,535,524),(524,535,525),(535,536,525),(525,536,526),(536,537,526),(526,537,527),(537,538,527),(527,538,528),(538,539,528),(529,540,530),(540,541,530),(530,541,531),(541,542,531),(531,542,532),(542,543,532),(532,543,533),(543,544,533),(533,544,534),(544,545,534),(534,545,535),(545,546,535),(535,546,536),(546,547,536),(536,547,537),(547,548,537),(537,548,538),(548,549,538),(538,549,539),(549,550,539),(540,551,541),(551,552,541),(541,552,542),(552,553,542),(542,553,543),(553,554,543),(543,554,544),(554,555,544),(544,555,545),(555,556,545),(545,556,546),(556,557,546),(546,557,547),(557,558,547),(547,558,548),(558,559,548),(548,559,549),(559,560,549),(549,560,550),(560,561,550),(551,562,552),(562,563,552),(552,563,553),(563,564,553),(553,564,554),(564,565,554),(554,565,555),(565,566,555),(555,566,556),(566,567,556),(556,567,557),(567,568,557),(557,568,558),(568,569,558),(558,569,559),(569,570,559),(559,570,560),(570,571,560),(560,571,561),(571,572,561),(562,573,563),(573,574,563),(563,574,564),(574,575,564),(564,575,565),(575,576,565),(565,576,566),(576,577,566),(566,577,567),(577,578,567),(567,578,568),(578,579,568),(568,579,569),(579,580,569),(569,580,570),(580,581,570),(570,581,571),(581,582,571),(571,582,572),(582,583,572),(573,584,574),(584,585,574),(574,585,575),(585,586,575),(575,586,576),(586,587,576),(576,587,577),(587,588,577),(577,588,578),(588,589,578),(578,589,579),(589,590,579),(579,590,580),(590,591,580),(580,591,581),(591,592,581),(581,592,582),(592,593,582),(582,593,583),(593,594,583),(584,595,585),(595,596,585),(585,596,586),(596,597,586),(586,597,587),(597,598,587),(587,598,588),(598,599,588),(588,599,589),(599,600,589),(589,600,590),(600,601,590),(590,601,591),(601,602,591),(591,602,592),(602,603,592),(592,603,593),(603,604,593),(593,604,594),(604,605,594),(595,606,596),(606,607,596),(596,607,597),(607,608,597),(597,608,598),(608,609,598),(598,609,599),(609,610,599),(599,610,600),(610,611,600),(600,611,601),(611,612,601),(601,612,602),(612,613,602),(602,613,603),(613,614,603),(603,614,604),(614,615,604),(604,615,605),(615,616,605),(606,617,607),(617,618,607),(607,618,608),(618,619,608),(608,619,609),(619,620,609),(609,620,610),(620,621,610),(610,621,611),(621,622,611),(611,622,612),(622,623,612),(612,623,613),(623,624,613),(613,624,614),(624,625,614),(614,625,615),(625,626,615),(615,626,616),(626,627,616),(617,628,618),(628,629,618),(618,629,619),(629,630,619),(619,630,620),(630,631,620),(620,631,621),(631,632,621),(621,632,622),(632,633,622),(622,633,623),(633,634,623),(623,634,624),(634,635,624),(624,635,625),(635,636,625),(625,636,626),(636,637,626),(626,637,627),(637,638,627),(628,639,629),(639,640,629),(629,640,630),(640,641,630),(630,641,631),(641,642,631),(631,642,632),(642,643,632),(632,643,633),(643,644,633),(633,644,634),(644,645,634),(634,645,635),(645,646,635),(635,646,636),(646,647,636),(636,647,637),(647,648,637),(637,648,638),(648,649,638),(639,650,640),(650,651,640),(640,651,641),(651,652,641),(641,652,642),(652,653,642),(642,653,643),(653,654,643),(643,654,644),(654,655,644),(644,655,645),(655,656,645),(645,656,646),(656,657,646),(646,657,647),(657,658,647),(647,658,648),(658,659,648),(648,659,649),(659,660,649),(650,661,651),(661,662,651),(651,662,652),(662,663,652),(652,663,653),(663,664,653),(653,664,654),(664,665,654),(654,665,655),(665,666,655),(655,666,656),(666,667,656),(656,667,657),(667,668,657),(657,668,658),(668,669,658),(658,669,659),(669,670,659),(659,670,660),(670,671,660),(661,672,662),(672,673,662),(662,673,663),(673,674,663),(663,674,664),(674,675,664),(664,675,665),(675,676,665),(665,676,666),(676,677,666),(666,677,667),(677,678,667),(667,678,668),(678,679,668),(668,679,669),(679,680,669),(669,680,670),(680,681,670),(670,681,671),(681,682,671),(672,683,673),(683,684,673),(673,684,674),(684,685,674),(674,685,675),(685,686,675),(675,686,676),(686,687,676),(676,687,677),(687,688,677),(677,688,678),(688,689,678),(678,689,679),(689,690,679),(679,690,680),(690,691,680),(680,691,681),(691,692,681),(681,692,682),(692,693,682),(683,694,684),(694,695,684),(684,695,685),(695,696,685),(685,696,686),(696,697,686),(686,697,687),(697,698,687),(687,698,688),(698,699,688),(688,699,689),(699,700,689),(689,700,690),(700,701,690),(690,701,691),(701,702,691),(691,702,692),(702,703,692),(692,703,693),(703,704,693),(694,705,695),(705,706,695),(695,706,696),(706,707,696),(696,707,697),(707,708,697),(697,708,698),(708,709,698),(698,709,699),(709,710,699),(699,710,700),(710,711,700),(700,711,701),(711,712,701),(701,712,702),(712,713,702),(702,713,703),(713,714,703),(703,714,704),(714,715,704),(705,716,706),(716,717,706),(706,717,707),(717,718,707),(707,718,708),(718,719,708),(708,719,709),(719,720,709),(709,720,710),(720,721,710),(710,721,711),(721,722,711),(711,722,712),(722,723,712),(712,723,713),(723,724,713),(713,724,714),(724,725,714),(714,725,715),(725,726,715),(716,727,717),(727,728,717),(717,728,718),(728,729,718),(718,729,719),(729,730,719),(719,730,720),(730,731,720),(720,731,721),(731,732,721),(721,732,722),(732,733,722),(722,733,723),(733,734,723),(723,734,724),(734,735,724),(724,735,725),(735,736,725),(725,736,726),(736,737,726),(727,738,728),(738,739,728),(728,739,729),(739,740,729),(729,740,730),(740,741,730),(730,741,731),(741,742,731),(731,742,732),(742,743,732),(732,743,733),(743,744,733),(733,744,734),(744,745,734),(734,745,735),(745,746,735),(735,746,736),(746,747,736),(736,747,737),(747,748,737),(738,749,739),(749,750,739),(739,750,740),(750,751,740),(740,751,741),(751,752,741),(741,752,742),(752,753,742),(742,753,743),(753,754,743),(743,754,744),(754,755,744),(744,755,745),(755,756,745),(745,756,746),(756,757,746),(746,757,747),(757,758,747),(747,758,748),(758,759,748),(749,760,750),(760,761,750),(750,761,751),(761,762,751),(751,762,752),(762,763,752),(752,763,753),(763,764,753),(753,764,754),(764,765,754),(754,765,755),(765,766,755),(755,766,756),(766,767,756),(756,767,757),(767,768,757),(757,768,758),(768,769,758),(758,769,759),(769,770,759),(760,771,761),(771,772,761),(761,772,762),(772,773,762),(762,773,763),(773,774,763),(763,774,764),(774,775,764),(764,775,765),(775,776,765),(765,776,766),(776,777,766),(766,777,767),(777,778,767),(767,778,768),(778,779,768),(768,779,769),(779,780,769),(769,780,770),(780,781,770),(771,782,772),(782,783,772),(772,783,773),(783,784,773),(773,784,774),(784,785,774),(774,785,775),(785,786,775),(775,786,776),(786,787,776),(776,787,777),(787,788,777),(777,788,778),(788,789,778),(778,789,779),(789,790,779),(779,790,780),(790,791,780),(780,791,781),(791,792,781),(782,793,783),(793,794,783),(783,794,784),(794,795,784),(784,795,785),(795,796,785),(785,796,786),(796,797,786),(786,797,787),(797,798,787),(787,798,788),(798,799,788),(788,799,789),(799,800,789),(789,800,790),(800,801,790),(790,801,791),(801,802,791),(791,802,792),(802,803,792),(793,804,794),(804,805,794),(794,805,795),(805,806,795),(795,806,796),(806,807,796),(796,807,797),(807,808,797),(797,808,798),(808,809,798),(798,809,799),(809,810,799),(799,810,800),(810,811,800),(800,811,801),(811,812,801),(801,812,802),(812,813,802),(802,813,803),(813,814,803),(804,815,805),(815,816,805),(805,816,806),(816,817,806),(806,817,807),(817,818,807),(807,818,808),(818,819,808),(808,819,809),(819,820,809),(809,820,810),(820,821,810),(810,821,811),(821,822,811),(811,822,812),(822,823,812),(812,823,813),(823,824,813),(813,824,814),(824,825,814),(815,826,816),(826,827,816),(816,827,817),(827,828,817),(817,828,818),(828,829,818),(818,829,819),(829,830,819),(819,830,820),(830,831,820),(820,831,821),(831,832,821),(821,832,822),(832,833,822),(822,833,823),(833,834,823),(823,834,824),(834,835,824),(824,835,825),(835,836,825),(826,837,827),(837,838,827),(827,838,828),(838,839,828),(828,839,829),(839,840,829),(829,840,830),(840,841,830),(830,841,831),(841,842,831),(831,842,832),(842,843,832),(832,843,833),(843,844,833),(833,844,834),(844,845,834),(834,845,835),(845,846,835),(835,846,836),(846,847,836),(837,848,838),(848,849,838),(838,849,839),(849,850,839),(839,850,840),(850,851,840),(840,851,841),(851,852,841),(841,852,842),(852,853,842),(842,853,843),(853,854,843),(843,854,844),(854,855,844),(844,855,845),(855,856,845),(845,856,846),(856,857,846),(846,857,847),(857,858,847),(848,859,849),(859,860,849),(849,860,850),(860,861,850),(850,861,851),(861,862,851),(851,862,852),(862,863,852),(852,863,853),(863,864,853),(853,864,854),(864,865,854),(854,865,855),(865,866,855),(855,866,856),(866,867,856),(856,867,857),(867,868,857),(857,868,858),(868,869,858),(859,870,860),(870,871,860),(860,871,861),(871,872,861),(861,872,862),(872,873,862),(862,873,863),(873,874,863),(863,874,864),(874,875,864),(864,875,865),(875,876,865),(865,876,866),(876,877,866),(866,877,867),(877,878,867),(867,878,868),(878,879,868),(868,879,869),(879,880,869),(870,881,871),(881,882,871),(871,882,872),(882,883,872),(872,883,873),(883,884,873),(873,884,874),(884,885,874),(874,885,875),(885,886,875),(875,886,876),(886,887,876),(876,887,877),(887,888,877),(877,888,878),(888,889,878),(878,889,879),(889,890,879),(879,890,880),(890,891,880),(881,892,882),(892,893,882),(882,893,883),(893,894,883),(883,894,884),(894,895,884),(884,895,885),(895,896,885),(885,896,886),(896,897,886),(886,897,887),(897,898,887),(887,898,888),(898,899,888),(888,899,889),(899,900,889),(889,900,890),(900,901,890),(890,901,891),(901,902,891),(892,903,893),(903,904,893),(893,904,894),(904,905,894),(894,905,895),(905,906,895),(895,906,896),(906,907,896),(896,907,897),(907,908,897),(897,908,898),(908,909,898),(898,909,899),(909,910,899),(899,910,900),(910,911,900),(900,911,901),(911,912,901),(901,912,902),(912,913,902),(903,914,904),(914,915,904),(904,915,905),(915,916,905),(905,916,906),(916,917,906),(906,917,907),(917,918,907),(907,918,908),(918,919,908),(908,919,909),(919,920,909),(909,920,910),(920,921,910),(910,921,911),(921,922,911),(911,922,912),(922,923,912),(912,923,913),(923,924,913),(914,925,915),(925,926,915),(915,926,916),(926,927,916),(916,927,917),(927,928,917),(917,928,918),(928,929,918),(918,929,919),(929,930,919),(919,930,920),(930,931,920),(920,931,921),(931,932,921),(921,932,922),(932,933,922),(922,933,923),(933,934,923),(923,934,924),(934,935,924),(925,936,926),(936,937,926),(926,937,927),(937,938,927),(927,938,928),(938,939,928),(928,939,929),(939,940,929),(929,940,930),(940,941,930),(930,941,931),(941,942,931),(931,942,932),(942,943,932),(932,943,933),(943,944,933),(933,944,934),(944,945,934),(934,945,935),(945,946,935),(936,947,937),(947,948,937),(937,948,938),(948,949,938),(938,949,939),(949,950,939),(939,950,940),(950,951,940),(940,951,941),(951,952,941),(941,952,942),(952,953,942),(942,953,943),(953,954,943),(943,954,944),(954,955,944),(944,955,945),(955,956,945),(945,956,946),(956,957,946),(947,958,948),(958,959,948),(948,959,949),(959,960,949),(949,960,950),(960,961,950),(950,961,951),(961,962,951),(951,962,952),(962,963,952),(952,963,953),(963,964,953),(953,964,954),(964,965,954),(954,965,955),(965,966,955),(955,966,956),(966,967,956),(956,967,957),(967,968,957),(958,969,959),(969,970,959),(959,970,960),(970,971,960),(960,971,961),(971,972,961),(961,972,962),(972,973,962),(962,973,963),(973,974,963),(963,974,964),(974,975,964),(964,975,965),(975,976,965),(965,976,966),(976,977,966),(966,977,967),(977,978,967),(967,978,968),(978,979,968),(969,980,970),(980,981,970),(970,981,971),(981,982,971),(971,982,972),(982,983,972),(972,983,973),(983,984,973),(973,984,974),(984,985,974),(974,985,975),(985,986,975),(975,986,976),(986,987,976),(976,987,977),(987,988,977),(977,988,978),(988,989,978),(978,989,979),(989,990,979),(980,991,981),(991,992,981),(981,992,982),(992,993,982),(982,993,983),(993,994,983),(983,994,984),(994,995,984),(984,995,985),(995,996,985),(985,996,986),(996,997,986),(986,997,987),(997,998,987),(987,998,988),(998,999,988),(988,999,989),(999,1000,989),(989,1000,990),(1000,1001,990),(991,1002,992),(1002,1003,992),(992,1003,993),(1003,1004,993),(993,1004,994),(1004,1005,994),(994,1005,995),(1005,1006,995),(995,1006,996),(1006,1007,996),(996,1007,997),(1007,1008,997),(997,1008,998),(1008,1009,998),(998,1009,999),(1009,1010,999),(999,1010,1000),(1010,1011,1000),(1000,1011,1001),(1011,1012,1001),(1002,1013,1003),(1013,1014,1003),(1003,1014,1004),(1014,1015,1004),(1004,1015,1005),(1015,1016,1005),(1005,1016,1006),(1016,1017,1006),(1006,1017,1007),(1017,1018,1007),(1007,1018,1008),(1018,1019,1008),(1008,1019,1009),(1019,1020,1009),(1009,1020,1010),(1020,1021,1010),(1010,1021,1011),(1021,1022,1011),(1011,1022,1012),(1022,1023,1012),(1013,1024,1014),(1024,1025,1014),(1014,1025,1015),(1025,1026,1015),(1015,1026,1016),(1026,1027,1016),(1016,1027,1017),(1027,1028,1017),(1017,1028,1018),(1028,1029,1018),(1018,1029,1019),(1029,1030,1019),(1019,1030,1020),(1030,1031,1020),(1020,1031,1021),(1031,1032,1021),(1021,1032,1022),(1032,1033,1022),(1022,1033,1023),(1033,1034,1023),(1024,1035,1025),(1035,1036,1025),(1025,1036,1026),(1036,1037,1026),(1026,1037,1027),(1037,1038,1027),(1027,1038,1028),(1038,1039,1028),(1028,1039,1029),(1039,1040,1029),(1029,1040,1030),(1040,1041,1030),(1030,1041,1031),(1041,1042,1031),(1031,1042,1032),(1042,1043,1032),(1032,1043,1033),(1043,1044,1033),(1033,1044,1034),(1044,1045,1034),(1035,1046,1036),(1046,1047,1036),(1036,1047,1037),(1047,1048,1037),(1037,1048,1038),(1048,1049,1038),(1038,1049,1039),(1049,1050,1039),(1039,1050,1040),(1050,1051,1040),(1040,1051,1041),(1051,1052,1041),(1041,1052,1042),(1052,1053,1042),(1042,1053,1043),(1053,1054,1043),(1043,1054,1044),(1054,1055,1044),(1044,1055,1045),(1055,1056,1045),(1046,1057,1047),(1057,1058,1047),(1047,1058,1048),(1058,1059,1048),(1048,1059,1049),(1059,1060,1049),(1049,1060,1050),(1060,1061,1050),(1050,1061,1051),(1061,1062,1051),(1051,1062,1052),(1062,1063,1052),(1052,1063,1053),(1063,1064,1053),(1053,1064,1054),(1064,1065,1054),(1054,1065,1055),(1065,1066,1055),(1055,1066,1056),(1066,1067,1056),(1057,1068,1058),(1068,1069,1058),(1058,1069,1059),(1069,1070,1059),(1059,1070,1060),(1070,1071,1060),(1060,1071,1061),(1071,1072,1061),(1061,1072,1062),(1072,1073,1062),(1062,1073,1063),(1073,1074,1063),(1063,1074,1064),(1074,1075,1064),(1064,1075,1065),(1075,1076,1065),(1065,1076,1066),(1076,1077,1066),(1066,1077,1067),(1077,1078,1067),(1068,1079,1069),(1079,1080,1069),(1069,1080,1070),(1080,1081,1070),(1070,1081,1071),(1081,1082,1071),(1071,1082,1072),(1082,1083,1072),(1072,1083,1073),(1083,1084,1073),(1073,1084,1074),(1084,1085,1074),(1074,1085,1075),(1085,1086,1075),(1075,1086,1076),(1086,1087,1076),(1076,1087,1077),(1087,1088,1077),(1077,1088,1078),(1088,1089,1078),(1079,1090,1080),(1090,1091,1080),(1080,1091,1081),(1091,1092,1081),(1081,1092,1082),(1092,1093,1082),(1082,1093,1083),(1093,1094,1083),(1083,1094,1084),(1094,1095,1084),(1084,1095,1085),(1095,1096,1085),(1085,1096,1086),(1096,1097,1086),(1086,1097,1087),(1097,1098,1087),(1087,1098,1088),(1098,1099,1088),(1088,1099,1089),(1099,1100,1089),(1090,1101,1091),(1101,1102,1091),(1091,1102,1092),(1102,1103,1092),(1092,1103,1093),(1103,1104,1093),(1093,1104,1094),(1104,1105,1094),(1094,1105,1095),(1105,1106,1095),(1095,1106,1096),(1106,1107,1096),(1096,1107,1097),(1107,1108,1097),(1097,1108,1098),(1108,1109,1098),(1098,1109,1099),(1109,1110,1099),(1099,1110,1100),(1110,1111,1100),(1101,1112,1102),(1112,1113,1102),(1102,1113,1103),(1113,1114,1103),(1103,1114,1104),(1114,1115,1104),(1104,1115,1105),(1115,1116,1105),(1105,1116,1106),(1116,1117,1106),(1106,1117,1107),(1117,1118,1107),(1107,1118,1108),(1118,1119,1108),(1108,1119,1109),(1119,1120,1109),(1109,1120,1110),(1120,1121,1110),(1110,1121,1111),(1121,1122,1111),(1112,1123,1113),(1123,1124,1113),(1113,1124,1114),(1124,1125,1114),(1114,1125,1115),(1125,1126,1115),(1115,1126,1116),(1126,1127,1116),(1116,1127,1117),(1127,1128,1117),(1117,1128,1118),(1128,1129,1118),(1118,1129,1119),(1129,1130,1119),(1119,1130,1120),(1130,1131,1120),(1120,1131,1121),(1131,1132,1121),(1121,1132,1122),(1132,1133,1122),(1123,1134,1124),(1134,1135,1124),(1124,1135,1125),(1135,1136,1125),(1125,1136,1126),(1136,1137,1126),(1126,1137,1127),(1137,1138,1127),(1127,1138,1128),(1138,1139,1128),(1128,1139,1129),(1139,1140,1129),(1129,1140,1130),(1140,1141,1130),(1130,1141,1131),(1141,1142,1131),(1131,1142,1132),(1142,1143,1132),(1132,1143,1133),(1143,1144,1133),(1134,1145,1135),(1145,1146,1135),(1135,1146,1136),(1146,1147,1136),(1136,1147,1137),(1147,1148,1137),(1137,1148,1138),(1148,1149,1138),(1138,1149,1139),(1149,1150,1139),(1139,1150,1140),(1150,1151,1140),(1140,1151,1141),(1151,1152,1141),(1141,1152,1142),(1152,1153,1142),(1142,1153,1143),(1153,1154,1143),(1143,1154,1144),(1154,1155,1144),(1145,1156,1146),(1156,1157,1146),(1146,1157,1147),(1157,1158,1147),(1147,1158,1148),(1158,1159,1148),(1148,1159,1149),(1159,1160,1149),(1149,1160,1150),(1160,1161,1150),(1150,1161,1151),(1161,1162,1151),(1151,1162,1152),(1162,1163,1152),(1152,1163,1153),(1163,1164,1153),(1153,1164,1154),(1164,1165,1154),(1154,1165,1155),(1165,1166,1155),(1156,1167,1157),(1167,1168,1157),(1157,1168,1158),(1168,1169,1158),(1158,1169,1159),(1169,1170,1159),(1159,1170,1160),(1170,1171,1160),(1160,1171,1161),(1171,1172,1161),(1161,1172,1162),(1172,1173,1162),(1162,1173,1163),(1173,1174,1163),(1163,1174,1164),(1174,1175,1164),(1164,1175,1165),(1175,1176,1165),(1165,1176,1166),(1176,1177,1166),(1167,1178,1168),(1178,1179,1168),(1168,1179,1169),(1179,1180,1169),(1169,1180,1170),(1180,1181,1170),(1170,1181,1171),(1181,1182,1171),(1171,1182,1172),(1182,1183,1172),(1172,1183,1173),(1183,1184,1173),(1173,1184,1174),(1184,1185,1174),(1174,1185,1175),(1185,1186,1175),(1175,1186,1176),(1186,1187,1176),(1176,1187,1177),(1187,1188,1177),(1178,1189,1179),(1189,1190,1179),(1179,1190,1180),(1190,1191,1180),(1180,1191,1181),(1191,1192,1181),(1181,1192,1182),(1192,1193,1182),(1182,1193,1183),(1193,1194,1183),(1183,1194,1184),(1194,1195,1184),(1184,1195,1185),(1195,1196,1185),(1185,1196,1186),(1196,1197,1186),(1186,1197,1187),(1197,1198,1187),(1187,1198,1188),(1198,1199,1188),(1189,1200,1190),(1200,1201,1190),(1190,1201,1191),(1201,1202,1191),(1191,1202,1192),(1202,1203,1192),(1192,1203,1193),(1203,1204,1193),(1193,1204,1194),(1204,1205,1194),(1194,1205,1195),(1205,1206,1195),(1195,1206,1196),(1206,1207,1196),(1196,1207,1197),(1207,1208,1197),(1197,1208,1198),(1208,1209,1198),(1198,1209,1199),(1209,1210,1199),(1200,1211,1201),(1211,1212,1201),(1201,1212,1202),(1212,1213,1202),(1202,1213,1203),(1213,1214,1203),(1203,1214,1204),(1214,1215,1204),(1204,1215,1205),(1215,1216,1205),(1205,1216,1206),(1216,1217,1206),(1206,1217,1207),(1217,1218,1207),(1207,1218,1208),(1218,1219,1208),(1208,1219,1209),(1219,1220,1209),(1209,1220,1210),(1220,1221,1210),(1211,1222,1212),(1222,1223,1212),(1212,1223,1213),(1223,1224,1213),(1213,1224,1214),(1224,1225,1214),(1214,1225,1215),(1225,1226,1215),(1215,1226,1216),(1226,1227,1216),(1216,1227,1217),(1227,1228,1217),(1217,1228,1218),(1228,1229,1218),(1218,1229,1219),(1229,1230,1219),(1219,1230,1220),(1230,1231,1220),(1220,1231,1221),(1231,1232,1221),(1222,1233,1223),(1233,1234,1223),(1223,1234,1224),(1234,1235,1224),(1224,1235,1225),(1235,1236,1225),(1225,1236,1226),(1236,1237,1226),(1226,1237,1227),(1237,1238,1227),(1227,1238,1228),(1238,1239,1228),(1228,1239,1229),(1239,1240,1229),(1229,1240,1230),(1240,1241,1230),(1230,1241,1231),(1241,1242,1231),(1231,1242,1232),(1242,1243,1232)),$);
#388=IFCSTYLEDITEM(#387,(#166),'conduit_msb_lp1');
#389=IFCCARTESIANPOINTLIST3D(((-1.85,2.5601,2.409),(-1.832688,2.564051,2.409),(-1.818805,2.575123,2.409),(-1.8111,2.591121,2.409),(-1.8111,2.608879,2.409),(-1.818805,2.624877,2.409),(-1.832688,2.635949,2.409),(-1.85,2.6399,2.409),(-1.867312,2.635949,2.409),(-1.881195,2.624877,2.409),(-1.8889,2.608879,2.409),(-1.8889,2.591121,2.409),(-1.881195,2.575123,2.409),(-1.867312,2.564051,2.409),(-1.85,2.5601,2.409),(-1.85,2.5601,2.379),(-1.832688,2.564051,2.379),(-1.818805,2.575123,2.379),(-1.8111,2.591121,2.379),(-1.8111,2.608879,2.379),(-1.818805,2.624877,2.379),(-1.832688,2.635949,2.379),(-1.85,2.6399,2.379),(-1.867312,2.635949,2.379),(-1.881195,2.624877,2.379),(-1.8889,2.608879,2.379),(-1.8889,2.591121,2.379),(-1.881195,2.575123,2.379),(-1.867312,2.564051,2.379),(-1.85,2.5601,2.379),(-1.85,2.6,2.409),(-1.85,2.6,2.409),(-1.85,2.6,2.409),(-1.85,2.6,2.409),(-1.85,2.6,2.409),(-1.85,2.6,2.409),(-1.85,2.6,2.409),(-1.85,2.6,2.409),(-1.85,2.6,2.409),(-1.85,2.6,2.409),(-1.85,2.6,2.409),(-1.85,2.6,2.409),(-1.85,2.6,2.409),(-1.85,2.6,2.409),(-1.85,2.5601,2.409),(-1.832688,2.564051,2.409),(-1.818805,2.575123,2.409),(-1.8111,2.591121,2.409),(-1.8111,2.608879,2.409),(-1.818805,2.624877,2.409),(-1.832688,2.635949,2.409),(-1.85,2.6399,2.409),(-1.867312,2.635949,2.409),(-1.881195,2.624877,2.409),(-1.8889,2.608879,2.409),(-1.8889,2.591121,2.409),(-1.881195,2.575123,2.409),(-1.867312,2.564051,2.409),(-1.85,2.5601,2.409),(-1.85,2.6,2.379),(-1.85,2.6,2.379),(-1.85,2.6,2.379),(-1.85,2.6,2.379),(-1.85,2.6,2.379),(-1.85,2.6,2.379),(-1.85,2.6,2.379),(-1.85,2.6,2.379),(-1.85,2.6,2.379),(-1.85,2.6,2.379),(-1.85,2.6,2.379),(-1.85,2.6,2.379),(-1.85,2.6,2.379),(-1.85,2.6,2.379),(-1.85,2.5601,2.379),(-1.832688,2.564051,2.379),(-1.818805,2.575123,2.379),(-1.8111,2.591121,2.379),(-1.8111,2.608879,2.379),(-1.818805,2.624877,2.379),(-1.832688,2.635949,2.379),(-1.85,2.6399,2.379),(-1.867312,2.635949,2.379),(-1.881195,2.624877,2.379),(-1.8889,2.608879,2.379),(-1.8889,2.591121,2.379),(-1.881195,2.575123,2.379),(-1.867312,2.564051,2.379),(-1.85,2.5601,2.379),(-4.38,0.5101,2.023),(-4.362688,0.514051,2.023),(-4.348805,0.525123,2.023),(-4.3411,0.541121,2.023),(-4.3411,0.558879,2.023),(-4.348805,0.574877,2.023),(-4.362688,0.585949,2.023),(-4.38,0.5899,2.023),(-4.397312,0.585949,2.023),(-4.411195,0.574877,2.023),(-4.4189,0.558879,2.023),(-4.4189,0.541121,2.023),(-4.411195,0.525123,2.023),(-4.397312,0.514051,2.023),(-4.38,0.5101,2.023),(-4.38,0.5101,1.993),(-4.362688,0.514051,1.993),(-4.348805,0.525123,1.993),(-4.3411,0.541121,1.993),(-4.3411,0.558879,1.993),(-4.348805,0.574877,1.993),(-4.362688,0.585949,1.993),(-4.38,0.5899,1.993),(-4.397312,0.585949,1.993),(-4.411195,0.574877,1.993),(-4.4189,0.558879,1.993),(-4.4189,0.541121,1.993),(-4.411195,0.525123,1.993),(-4.397312,0.514051,1.993),(-4.38,0.5101,1.993),(-4.38,0.55,2.023),(-4.38,0.55,2.023),(-4.38,0.55,2.023),(-4.38,0.55,2.023),(-4.38,0.55,2.023),(-4.38,0.55,2.023),(-4.38,0.55,2.023),(-4.38,0.55,2.023),(-4.38,0.55,2.023),(-4.38,0.55,2.023),(-4.38,0.55,2.023),(-4.38,0.55,2.023),(-4.38,0.55,2.023),(-4.38,0.55,2.023),(-4.38,0.5101,2.023),(-4.362688,0.514051,2.023),(-4.348805,0.525123,2.023),(-4.3411,0.541121,2.023),(-4.3411,0.558879,2.023),(-4.348805,0.574877,2.023),(-4.362688,0.585949,2.023),(-4.38,0.5899,2.023),(-4.397312,0.585949,2.023),(-4.411195,0.574877,2.023),(-4.4189,0.558879,2.023),(-4.4189,0.541121,2.023),(-4.411195,0.525123,2.023),(-4.397312,0.514051,2.023),(-4.38,0.5101,2.023),(-4.38,0.55,1.993),(-4.38,0.55,1.993),(-4.38,0.55,1.993),(-4.38,0.55,1.993),(-4.38,0.55,1.993),(-4.38,0.55,1.993),(-4.38,0.55,1.993),(-4.38,0.55,1.993),(-4.38,0.55,1.993),(-4.38,0.55,1.993),(-4.38,0.55,1.993),(-4.38,0.55,1.993),(-4.38,0.55,1.993),(-4.38,0.55,1.993),(-4.38,0.5101,1.993),(-4.362688,0.514051,1.993),(-4.348805,0.525123,1.993),(-4.3411,0.541121,1.993),(-4.3411,0.558879,1.993),(-4.348805,0.574877,1.993),(-4.362688,0.585949,1.993),(-4.38,0.5899,1.993),(-4.397312,0.585949,1.993),(-4.411195,0.574877,1.993),(-4.4189,0.558879,1.993),(-4.4189,0.541121,1.993),(-4.411195,0.525123,1.993),(-4.397312,0.514051,1.993),(-4.38,0.5101,1.993)));
#390=IFCTRIANGULATEDFACESET(#389,$,$,((1,16,2),(16,17,2),(2,17,3),(17,18,3),(3,18,4),(18,19,4),(4,19,5),(19,20,5),(5,20,6),(20,21,6),(6,21,7),(21,22,7),(7,22,8),(22,23,8),(8,23,9),(23,24,9),(9,24,10),(24,25,10),(10,25,11),(25,26,11),(11,26,12),(26,27,12),(12,27,13),(27,28,13),(13,28,14),(28,29,14),(14,29,15),(29,30,15),(45,46,31),(46,47,32),(47,48,33),(48,49,34),(49,50,35),(50,51,36),(51,52,37),(52,53,38),(53,54,39),(54,55,40),(55,56,41),(56,57,42),(57,58,43),(58,59,44),(75,74,60),(76,75,61),(77,76,62),(78,77,63),(79,78,64),(80,79,65),(81,80,66),(82,81,67),(83,82,68),(84,83,69),(85,84,70),(86,85,71),(87,86,72),(88,87,73),(89,104,90),(104,105,90),(90,105,91),(105,106,91),(91,106,92),(106,107,92),(92,107,93),(107,108,93),(93,108,94),(108,109,94),(94,109,95),(109,110,95),(95,110,96),(110,111,96),(96,111,97),(111,112,97),(97,112,98),(112,113,98),(98,113,99),(113,114,99),(99,114,100),(114,115,100),(100,115,101),(115,116,101),(101,116,102),(116,117,102),(102,117,103),(117,118,103),(133,134,119),(134,135,120),(135,136,121),(136,137,122),(137,138,123),(138,139,124),(139,140,125),(140,141,126),(141,142,127),(142,143,128),(143,144,129),(144,145,130),(145,146,131),(146,147,132),(163,162,148),(164,163,149),(165,164,150),(166,165,151),(167,166,152),(168,167,153),(169,168,154),(170,169,155),(171,170,156),(172,171,157),(173,172,158),(174,173,159),(175,174,160),(176,175,161)),$);
#391=IFCSTYLEDITEM(#390,(#166),'conduit_msb_lp1_hubs');
#392=IFCCARTESIANPOINTLIST3D(((-1.65,2.579,2.386),(-1.662344,2.583011,2.386),(-1.669972,2.593511,2.386),(-1.669972,2.606489,2.386),(-1.662344,2.616989,2.386),(-1.65,2.621,2.386),(-1.637656,2.616989,2.386),(-1.630028,2.606489,2.386),(-1.630028,2.593511,2.386),(-1.637656,2.583011,2.386),(-1.65,2.579,2.386),(-1.65,2.579,2.453259),(-1.662344,2.583011,2.453259),(-1.669972,2.593511,2.453259),(-1.669972,2.606489,2.453259),(-1.662344,2.616989,2.453259),(-1.65,2.621,2.453259),(-1.637656,2.616989,2.453259),(-1.630028,2.606489,2.453259),(-1.630028,2.593511,2.453259),(-1.637656,2.583011,2.453259),(-1.65,2.579,2.453259),(-1.65,2.579,2.520518),(-1.662344,2.583011,2.520518),(-1.669972,2.593511,2.520518),(-1.669972,2.606489,2.520518),(-1.662344,2.616989,2.520518),(-1.65,2.621,2.520518),(-1.637656,2.616989,2.520518),(-1.630028,2.606489,2.520518),(-1.630028,2.593511,2.520518),(-1.637656,2.583011,2.520518),(-1.65,2.579,2.520518),(-1.65,2.579,2.587777),(-1.662344,2.583011,2.587777),(-1.669972,2.593511,2.587777),(-1.669972,2.606489,2.587777),(-1.662344,2.616989,2.587777),(-1.65,2.621,2.587777),(-1.637656,2.616989,2.587777),(-1.630028,2.606489,2.587777),(-1.630028,2.593511,2.587777),(-1.637656,2.583011,2.587777),(-1.65,2.579,2.587777),(-1.65,2.579,2.655035),(-1.662344,2.583011,2.655035),(-1.669972,2.593511,2.655035),(-1.669972,2.606489,2.655035),(-1.662344,2.616989,2.655035),(-1.65,2.621,2.655035),(-1.637656,2.616989,2.655035),(-1.630028,2.606489,2.655035),(-1.630028,2.593511,2.655035),(-1.637656,2.583011,2.655035),(-1.65,2.579,2.655035),(-1.65,2.579,2.722294),(-1.662344,2.583011,2.722294),(-1.669972,2.593511,2.722294),(-1.669972,2.606489,2.722294),(-1.662344,2.616989,2.722294),(-1.65,2.621,2.722294),(-1.637656,2.616989,2.722294),(-1.630028,2.606489,2.722294),(-1.630028,2.593511,2.722294),(-1.637656,2.583011,2.722294),(-1.65,2.579,2.722294),(-1.65,2.579,2.789553),(-1.662344,2.583011,2.789553),(-1.669972,2.593511,2.789553),(-1.669972,2.606489,2.789553),(-1.662344,2.616989,2.789553),(-1.65,2.621,2.789553),(-1.637656,2.616989,2.789553),(-1.630028,2.606489,2.789553),(-1.630028,2.593511,2.789553),(-1.637656,2.583011,2.789553),(-1.65,2.579,2.789553),(-1.65,2.57897,2.856574),(-1.662344,2.58298,2.85662),(-1.669972,2.593479,2.85674),(-1.669972,2.606457,2.856889),(-1.662344,2.616957,2.85701),(-1.65,2.620967,2.857056),(-1.637656,2.616957,2.85701),(-1.630028,2.606457,2.856889),(-1.630028,2.593479,2.85674),(-1.637656,2.58298,2.85662),(-1.65,2.57897,2.856574),(-1.65,2.573612,2.92051),(-1.662344,2.577574,2.921137),(-1.669972,2.587944,2.92278),(-1.669972,2.600763,2.924811),(-1.662344,2.611134,2.926454),(-1.65,2.615095,2.927082),(-1.637656,2.611134,2.926454),(-1.630028,2.600763,2.924811),(-1.630028,2.587944,2.92278),(-1.637656,2.577574,2.921137),(-1.65,2.573612,2.92051),(-1.65,2.558889,2.982882),(-1.662344,2.562713,2.984092),(-1.669972,2.572724,2.987257),(-1.669972,2.585099,2.99117),(-1.662344,2.59511,2.994336),(-1.65,2.598934,2.995545),(-1.637656,2.59511,2.994336),(-1.630028,2.585099,2.99117),(-1.630028,2.572724,2.987257),(-1.637656,2.562713,2.984092),(-1.65,2.558889,2.982882),(-1.65,2.535068,3.04312),(-1.662344,2.538725,3.044765),(-1.669972,2.548301,3.049074),(-1.669972,2.560136,3.0544),(-1.662344,2.569711,3.058709),(-1.65,2.573369,3.060355),(-1.637656,2.569711,3.058709),(-1.630028,2.560136,3.0544),(-1.630028,2.548301,3.049074),(-1.637656,2.538725,3.044765),(-1.65,2.535068,3.04312),(-1.661916,2.508094,3.103062),(-1.672811,2.514132,3.099417),(-1.679545,2.525179,3.100456),(-1.679545,2.537014,3.105782),(-1.672811,2.545118,3.11336),(-1.661916,2.546395,3.120297),(-1.651021,2.540356,3.123942),(-1.644288,2.52931,3.122904),(-1.644288,2.517474,3.117578),(-1.651021,2.50937,3.109999),(-1.661916,2.508094,3.103062),(-1.715083,2.49228,3.138204),(-1.717866,2.500872,3.128883),(-1.719586,2.513498,3.126414),(-1.719586,2.525333,3.13174),(-1.717866,2.531858,3.142827),(-1.715083,2.530581,3.155439),(-1.712299,2.521989,3.164759),(-1.710579,2.509363,3.167228),(-1.710579,2.497528,3.161902),(-1.712299,2.491003,3.150816),(-1.715083,2.49228,3.138204),(-1.782187,2.49085,3.141382),(-1.782187,2.499572,3.131772),(-1.782187,2.512278,3.129124),(-1.782187,2.524114,3.13445),(-1.782187,2.530558,3.145715),(-1.782187,2.52915,3.158618),(-1.782187,2.520428,3.168228),(-1.782187,2.507722,3.170876),(-1.782187,2.495886,3.16555),(-1.782187,2.489442,3.154284),(-1.782187,2.49085,3.141382),(-1.849446,2.49085,3.141382),(-1.849446,2.499572,3.131772),(-1.849446,2.512278,3.129124),(-1.849446,2.524114,3.13445),(-1.849446,2.530558,3.145715),(-1.849446,2.52915,3.158618),(-1.849446,2.520428,3.168228),(-1.849446,2.507722,3.170876),(-1.849446,2.495886,3.16555),(-1.849446,2.489442,3.154284),(-1.849446,2.49085,3.141382),(-1.916705,2.49085,3.141382),(-1.916705,2.499572,3.131772),(-1.916705,2.512278,3.129124),(-1.916705,2.524114,3.13445),(-1.916705,2.530558,3.145715),(-1.916705,2.52915,3.158618),(-1.916705,2.520428,3.168228),(-1.916705,2.507722,3.170876),(-1.916705,2.495886,3.16555),(-1.916705,2.489442,3.154284),(-1.916705,2.49085,3.141382),(-1.983964,2.49085,3.141382),(-1.983964,2.499572,3.131772),(-1.983964,2.512278,3.129124),(-1.983964,2.524114,3.13445),(-1.983964,2.530558,3.145715),(-1.983964,2.52915,3.158618),(-1.983964,2.520428,3.168228),(-1.983964,2.507722,3.170876),(-1.983964,2.495886,3.16555),(-1.983964,2.489442,3.154284),(-1.983964,2.49085,3.141382),(-2.051223,2.49085,3.141382),(-2.051223,2.499572,3.131772),(-2.051223,2.512278,3.129124),(-2.051223,2.524114,3.13445),(-2.051223,2.530558,3.145715),(-2.051223,2.52915,3.158618),(-2.051223,2.520428,3.168228),(-2.051223,2.507722,3.170876),(-2.051223,2.495886,3.16555),(-2.051223,2.489442,3.154284),(-2.051223,2.49085,3.141382),(-2.118482,2.49085,3.141382),(-2.118482,2.499572,3.131772),(-2.118482,2.512278,3.129124),(-2.118482,2.524114,3.13445),(-2.118482,2.530558,3.145715),(-2.118482,2.52915,3.158618),(-2.118482,2.520428,3.168228),(-2.118482,2.507722,3.170876),(-2.118482,2.495886,3.16555),(-2.118482,2.489442,3.154284),(-2.118482,2.49085,3.141382),(-2.185741,2.49085,3.141382),(-2.185741,2.499572,3.131772),(-2.185741,2.512278,3.129124),(-2.185741,2.524114,3.13445),(-2.185741,2.530558,3.145715),(-2.185741,2.52915,3.158618),(-2.185741,2.520428,3.168228),(-2.185741,2.507722,3.170876),(-2.185741,2.495886,3.16555),(-2.185741,2.489442,3.154284),(-2.185741,2.49085,3.141382),(-2.253,2.49085,3.141382),(-2.253,2.499572,3.131772),(-2.253,2.512278,3.129124),(-2.253,2.524114,3.13445),(-2.253,2.530558,3.145715),(-2.253,2.52915,3.158618),(-2.253,2.520428,3.168228),(-2.253,2.507722,3.170876),(-2.253,2.495886,3.16555),(-2.253,2.489442,3.154284),(-2.253,2.49085,3.141382),(-2.320258,2.49085,3.141382),(-2.320258,2.499572,3.131772),(-2.320258,2.512278,3.129124),(-2.320258,2.524114,3.13445),(-2.320258,2.530558,3.145715),(-2.320258,2.52915,3.158618),(-2.320258,2.520428,3.168228),(-2.320258,2.507722,3.170876),(-2.320258,2.495886,3.16555),(-2.320258,2.489442,3.154284),(-2.320258,2.49085,3.141382),(-2.387517,2.49085,3.141382),(-2.387517,2.499572,3.131772),(-2.387517,2.512278,3.129124),(-2.387517,2.524114,3.13445),(-2.387517,2.530558,3.145715),(-2.387517,2.52915,3.158618),(-2.387517,2.520428,3.168228),(-2.387517,2.507722,3.170876),(-2.387517,2.495886,3.16555),(-2.387517,2.489442,3.154284),(-2.387517,2.49085,3.141382),(-2.454776,2.49085,3.141382),(-2.454776,2.499572,3.131772),(-2.454776,2.512278,3.129124),(-2.454776,2.524114,3.13445),(-2.454776,2.530558,3.145715),(-2.454776,2.52915,3.158618),(-2.454776,2.520428,3.168228),(-2.454776,2.507722,3.170876),(-2.454776,2.495886,3.16555),(-2.454776,2.489442,3.154284),(-2.454776,2.49085,3.141382),(-2.522035,2.49085,3.141382),(-2.522035,2.499572,3.131772),(-2.522035,2.512278,3.129124),(-2.522035,2.524114,3.13445),(-2.522035,2.530558,3.145715),(-2.522035,2.52915,3.158618),(-2.522035,2.520428,3.168228),(-2.522035,2.507722,3.170876),(-2.522035,2.495886,3.16555),(-2.522035,2.489442,3.154284),(-2.522035,2.49085,3.141382),(-2.589294,2.49085,3.141382),(-2.589294,2.499572,3.131772),(-2.589294,2.512278,3.129124),(-2.589294,2.524114,3.13445),(-2.589294,2.530558,3.145715),(-2.589294,2.52915,3.158618),(-2.589294,2.520428,3.168228),(-2.589294,2.507722,3.170876),(-2.589294,2.495886,3.16555),(-2.589294,2.489442,3.154284),(-2.589294,2.49085,3.141382),(-2.656553,2.49085,3.141382),(-2.656553,2.499572,3.131772),(-2.656553,2.512278,3.129124),(-2.656553,2.524114,3.13445),(-2.656553,2.530558,3.145715),(-2.656553,2.52915,3.158618),(-2.656553,2.520428,3.168228),(-2.656553,2.507722,3.170876),(-2.656553,2.495886,3.16555),(-2.656553,2.489442,3.154284),(-2.656553,2.49085,3.141382),(-2.723812,2.49085,3.141382),(-2.723812,2.499572,3.131772),(-2.723812,2.512278,3.129124),(-2.723812,2.524114,3.13445),(-2.723812,2.530558,3.145715),(-2.723812,2.52915,3.158618),(-2.723812,2.520428,3.168228),(-2.723812,2.507722,3.170876),(-2.723812,2.495886,3.16555),(-2.723812,2.489442,3.154284),(-2.723812,2.49085,3.141382),(-2.791071,2.49085,3.141382),(-2.791071,2.499572,3.131772),(-2.791071,2.512278,3.129124),(-2.791071,2.524114,3.13445),(-2.791071,2.530558,3.145715),(-2.791071,2.52915,3.158618),(-2.791071,2.520428,3.168228),(-2.791071,2.507722,3.170876),(-2.791071,2.495886,3.16555),(-2.791071,2.489442,3.154284),(-2.791071,2.49085,3.141382),(-2.85833,2.49085,3.141382),(-2.85833,2.499572,3.131772),(-2.85833,2.512278,3.129124),(-2.85833,2.524114,3.13445),(-2.85833,2.530558,3.145715),(-2.85833,2.52915,3.158618),(-2.85833,2.520428,3.168228),(-2.85833,2.507722,3.170876),(-2.85833,2.495886,3.16555),(-2.85833,2.489442,3.154284),(-2.85833,2.49085,3.141382),(-2.925588,2.49085,3.141382),(-2.925588,2.499572,3.131772),(-2.925588,2.512278,3.129124),(-2.925588,2.524114,3.13445),(-2.925588,2.530558,3.145715),(-2.925588,2.52915,3.158618),(-2.925588,2.520428,3.168228),(-2.925588,2.507722,3.170876),(-2.925588,2.495886,3.16555),(-2.925588,2.489442,3.154284),(-2.925588,2.49085,3.141382),(-2.992847,2.49085,3.141382),(-2.992847,2.499572,3.131772),(-2.992847,2.512278,3.129124),(-2.992847,2.524114,3.13445),(-2.992847,2.530558,3.145715),(-2.992847,2.52915,3.158618),(-2.992847,2.520428,3.168228),(-2.992847,2.507722,3.170876),(-2.992847,2.495886,3.16555),(-2.992847,2.489442,3.154284),(-2.992847,2.49085,3.141382),(-3.060106,2.49085,3.141382),(-3.060106,2.499572,3.131772),(-3.060106,2.512278,3.129124),(-3.060106,2.524114,3.13445),(-3.060106,2.530558,3.145715),(-3.060106,2.52915,3.158618),(-3.060106,2.520428,3.168228),(-3.060106,2.507722,3.170876),(-3.060106,2.495886,3.16555),(-3.060106,2.489442,3.154284),(-3.060106,2.49085,3.141382),(-3.127365,2.49085,3.141382),(-3.127365,2.499572,3.131772),(-3.127365,2.512278,3.129124),(-3.127365,2.524114,3.13445),(-3.127365,2.530558,3.145715),(-3.127365,2.52915,3.158618),(-3.127365,2.520428,3.168228),(-3.127365,2.507722,3.170876),(-3.127365,2.495886,3.16555),(-3.127365,2.489442,3.154284),(-3.127365,2.49085,3.141382),(-3.194624,2.49085,3.141382),(-3.194624,2.499572,3.131772),(-3.194624,2.512278,3.129124),(-3.194624,2.524114,3.13445),(-3.194624,2.530558,3.145715),(-3.194624,2.52915,3.158618),(-3.194624,2.520428,3.168228),(-3.194624,2.507722,3.170876),(-3.194624,2.495886,3.16555),(-3.194624,2.489442,3.154284),(-3.194624,2.49085,3.141382),(-3.261883,2.49085,3.141382),(-3.261883,2.499572,3.131772),(-3.261883,2.512278,3.129124),(-3.261883,2.524114,3.13445),(-3.261883,2.530558,3.145715),(-3.261883,2.52915,3.158618),(-3.261883,2.520428,3.168228),(-3.261883,2.507722,3.170876),(-3.261883,2.495886,3.16555),(-3.261883,2.489442,3.154284),(-3.261883,2.49085,3.141382),(-3.329142,2.49085,3.141382),(-3.329142,2.499572,3.131772),(-3.329142,2.512278,3.129124),(-3.329142,2.524114,3.13445),(-3.329142,2.530558,3.145715),(-3.329142,2.52915,3.158618),(-3.329142,2.520428,3.168228),(-3.329142,2.507722,3.170876),(-3.329142,2.495886,3.16555),(-3.329142,2.489442,3.154284),(-3.329142,2.49085,3.141382),(-3.3964,2.49085,3.141382),(-3.3964,2.499572,3.131772),(-3.3964,2.512278,3.129124),(-3.3964,2.524114,3.13445),(-3.3964,2.530558,3.145715),(-3.3964,2.52915,3.158618),(-3.3964,2.520428,3.168228),(-3.3964,2.507722,3.170876),(-3.3964,2.495886,3.16555),(-3.3964,2.489442,3.154284),(-3.3964,2.49085,3.141382),(-3.46366,2.49085,3.141382),(-3.46366,2.499572,3.131772),(-3.46366,2.512278,3.129124),(-3.46366,2.524114,3.13445),(-3.46366,2.530558,3.145715),(-3.46366,2.52915,3.158618),(-3.46366,2.520428,3.168228),(-3.46366,2.507722,3.170876),(-3.46366,2.495886,3.16555),(-3.46366,2.489442,3.154284),(-3.46366,2.49085,3.141382),(-3.530918,2.49085,3.141382),(-3.530918,2.499572,3.131772),(-3.530918,2.512278,3.129124),(-3.530918,2.524114,3.13445),(-3.530918,2.530558,3.145715),(-3.530918,2.52915,3.158618),(-3.530918,2.520428,3.168228),(-3.530918,2.507722,3.170876),(-3.530918,2.495886,3.16555),(-3.530918,2.489442,3.154284),(-3.530918,2.49085,3.141382),(-3.596689,2.490223,3.141382),(-3.59737,2.498919,3.131772),(-3.598361,2.511586,3.129124),(-3.599284,2.523386,3.13445),(-3.599787,2.529811,3.145715),(-3.599677,2.528407,3.158618),(-3.598997,2.519711,3.168228),(-3.598006,2.507044,3.170876),(-3.597082,2.495245,3.16555),(-3.59658,2.48882,3.154284),(-3.596689,2.490223,3.141382),(-3.651691,2.473848,3.141382),(-3.656431,2.48117,3.131772),(-3.663336,2.491836,3.129124),(-3.669768,2.501771,3.13445),(-3.67327,2.507181,3.145715),(-3.672505,2.506,3.158618),(-3.667765,2.498677,3.168228),(-3.66086,2.488012,3.170876),(-3.654428,2.478076,3.16555),(-3.650926,2.472667,3.154284),(-3.651691,2.473848,3.141382),(-3.683713,2.430803,3.141382),(-3.691988,2.43356,3.131772),(-3.704042,2.437576,3.129124),(-3.715271,2.441318,3.13445),(-3.721385,2.443355,3.145715),(-3.72005,2.442909,3.158618),(-3.711774,2.440152,3.168228),(-3.69972,2.436136,3.170876),(-3.688491,2.432395,3.16555),(-3.682377,2.430358,3.154284),(-3.683713,2.430803,3.141382),(-3.69085,2.370322,3.141382),(-3.699572,2.370322,3.131772),(-3.712278,2.370322,3.129124),(-3.724114,2.370322,3.13445),(-3.730558,2.370322,3.145715),(-3.72915,2.370322,3.158618),(-3.720428,2.370322,3.168228),(-3.707722,2.370322,3.170876),(-3.695886,2.370322,3.16555),(-3.689442,2.370322,3.154284),(-3.69085,2.370322,3.141382),(-3.69085,2.30306,3.141382),(-3.699572,2.30306,3.131772),(-3.712278,2.30306,3.129124),(-3.724114,2.30306,3.13445),(-3.730558,2.30306,3.145715),(-3.72915,2.30306,3.158618),(-3.720428,2.30306,3.168228),(-3.707722,2.30306,3.170876),(-3.695886,2.30306,3.16555),(-3.689442,2.30306,3.154284),(-3.69085,2.30306,3.141382),(-3.69085,2.235801,3.141382),(-3.699572,2.235801,3.131772),(-3.712278,2.235801,3.129124),(-3.724114,2.235801,3.13445),(-3.730558,2.235801,3.145715),(-3.72915,2.235801,3.158618),(-3.720428,2.235801,3.168228),(-3.707722,2.235801,3.170876),(-3.695886,2.235801,3.16555),(-3.689442,2.235801,3.154284),(-3.69085,2.235801,3.141382),(-3.69085,2.168542,3.141382),(-3.699572,2.168542,3.131772),(-3.712278,2.168542,3.129124),(-3.724114,2.168542,3.13445),(-3.730558,2.168542,3.145715),(-3.72915,2.168542,3.158618),(-3.720428,2.168542,3.168228),(-3.707722,2.168542,3.170876),(-3.695886,2.168542,3.16555),(-3.689442,2.168542,3.154284),(-3.69085,2.168542,3.141382),(-3.69085,2.101284,3.141382),(-3.699572,2.101284,3.131772),(-3.712278,2.101284,3.129124),(-3.724114,2.101284,3.13445),(-3.730558,2.101284,3.145715),(-3.72915,2.101284,3.158618),(-3.720428,2.101284,3.168228),(-3.707722,2.101284,3.170876),(-3.695886,2.101284,3.16555),(-3.689442,2.101284,3.154284),(-3.69085,2.101284,3.141382),(-3.69085,2.034025,3.141382),(-3.699572,2.034025,3.131772),(-3.712278,2.034025,3.129124),(-3.724114,2.034025,3.13445),(-3.730558,2.034025,3.145715),(-3.72915,2.034025,3.158618),(-3.720428,2.034025,3.168228),(-3.707722,2.034025,3.170876),(-3.695886,2.034025,3.16555),(-3.689442,2.034025,3.154284),(-3.69085,2.034025,3.141382),(-3.69085,1.966766,3.141382),(-3.699572,1.966766,3.131772),(-3.712278,1.966766,3.129124),(-3.724114,1.966766,3.13445),(-3.730558,1.966766,3.145715),(-3.72915,1.966766,3.158618),(-3.720428,1.966766,3.168228),(-3.707722,1.966766,3.170876),(-3.695886,1.966766,3.16555),(-3.689442,1.966766,3.154284),(-3.69085,1.966766,3.141382),(-3.69085,1.899507,3.141382),(-3.699572,1.899507,3.131772),(-3.712278,1.899507,3.129124),(-3.724114,1.899507,3.13445),(-3.730558,1.899507,3.145715),(-3.72915,1.899507,3.158618),(-3.720428,1.899507,3.168228),(-3.707722,1.899507,3.170876),(-3.695886,1.899507,3.16555),(-3.689442,1.899507,3.154284),(-3.69085,1.899507,3.141382),(-3.69085,1.832248,3.141382),(-3.699572,1.832248,3.131772),(-3.712278,1.832248,3.129124),(-3.724114,1.832248,3.13445),(-3.730558,1.832248,3.145715),(-3.72915,1.832248,3.158618),(-3.720428,1.832248,3.168228),(-3.707722,1.832248,3.170876),(-3.695886,1.832248,3.16555),(-3.689442,1.832248,3.154284),(-3.69085,1.832248,3.141382),(-3.69085,1.764989,3.141382),(-3.699572,1.764989,3.131772),(-3.712278,1.764989,3.129124),(-3.724114,1.764989,3.13445),(-3.730558,1.764989,3.145715),(-3.72915,1.764989,3.158618),(-3.720428,1.764989,3.168228),(-3.707722,1.764989,3.170876),(-3.695886,1.764989,3.16555),(-3.689442,1.764989,3.154284),(-3.69085,1.764989,3.141382),(-3.69085,1.69773,3.141382),(-3.699572,1.69773,3.131772),(-3.712278,1.69773,3.129124),(-3.724114,1.69773,3.13445),(-3.730558,1.69773,3.145715),(-3.72915,1.69773,3.158618),(-3.720428,1.69773,3.168228),(-3.707722,1.69773,3.170876),(-3.695886,1.69773,3.16555),(-3.689442,1.69773,3.154284),(-3.69085,1.69773,3.141382),(-3.69085,1.630471,3.141382),(-3.699572,1.630471,3.131772),(-3.712278,1.630471,3.129124),(-3.724114,1.630471,3.13445),(-3.730558,1.630471,3.145715),(-3.72915,1.630471,3.158618),(-3.720428,1.630471,3.168228),(-3.707722,1.630471,3.170876),(-3.695886,1.630471,3.16555),(-3.689442,1.630471,3.154284),(-3.69085,1.630471,3.141382),(-3.69085,1.563213,3.141382),(-3.699572,1.563213,3.131772),(-3.712278,1.563213,3.129124),(-3.724114,1.563213,3.13445),(-3.730558,1.563213,3.145715),(-3.72915,1.563213,3.158618),(-3.720428,1.563213,3.168228),(-3.707722,1.563213,3.170876),(-3.695886,1.563213,3.16555),(-3.689442,1.563213,3.154284),(-3.69085,1.563213,3.141382),(-3.69085,1.495954,3.141382),(-3.699572,1.495954,3.131772),(-3.712278,1.495954,3.129124),(-3.724114,1.495954,3.13445),(-3.730558,1.495954,3.145715),(-3.72915,1.495954,3.158618),(-3.720428,1.495954,3.168228),(-3.707722,1.495954,3.170876),(-3.695886,1.495954,3.16555),(-3.689442,1.495954,3.154284),(-3.69085,1.495954,3.141382),(-3.69085,1.428695,3.141382),(-3.699572,1.428695,3.131772),(-3.712278,1.428695,3.129124),(-3.724114,1.428695,3.13445),(-3.730558,1.428695,3.145715),(-3.72915,1.428695,3.158618),(-3.720428,1.428695,3.168228),(-3.707722,1.428695,3.170876),(-3.695886,1.428695,3.16555),(-3.689442,1.428695,3.154284),(-3.69085,1.428695,3.141382),(-3.69085,1.361436,3.141382),(-3.699572,1.361436,3.131772),(-3.712278,1.361436,3.129124),(-3.724114,1.361436,3.13445),(-3.730558,1.361436,3.145715),(-3.72915,1.361436,3.158618),(-3.720428,1.361436,3.168228),(-3.707722,1.361436,3.170876),(-3.695886,1.361436,3.16555),(-3.689442,1.361436,3.154284),(-3.69085,1.361436,3.141382),(-3.69085,1.294177,3.141382),(-3.699572,1.294177,3.131772),(-3.712278,1.294177,3.129124),(-3.724114,1.294177,3.13445),(-3.730558,1.294177,3.145715),(-3.72915,1.294177,3.158618),(-3.720428,1.294177,3.168228),(-3.707722,1.294177,3.170876),(-3.695886,1.294177,3.16555),(-3.689442,1.294177,3.154284),(-3.69085,1.294177,3.141382),(-3.69085,1.226918,3.141382),(-3.699572,1.226918,3.131772),(-3.712278,1.226918,3.129124),(-3.724114,1.226918,3.13445),(-3.730558,1.226918,3.145715),(-3.72915,1.226918,3.158618),(-3.720428,1.226918,3.168228),(-3.707722,1.226918,3.170876),(-3.695886,1.226918,3.16555),(-3.689442,1.226918,3.154284),(-3.69085,1.226918,3.141382),(-3.69085,1.159659,3.141382),(-3.699572,1.159659,3.131772),(-3.712278,1.159659,3.129124),(-3.724114,1.159659,3.13445),(-3.730558,1.159659,3.145715),(-3.72915,1.159659,3.158618),(-3.720428,1.159659,3.168228),(-3.707722,1.159659,3.170876),(-3.695886,1.159659,3.16555),(-3.689442,1.159659,3.154284),(-3.69085,1.159659,3.141382),(-3.69085,1.0924,3.141382),(-3.699572,1.0924,3.131772),(-3.712278,1.0924,3.129124),(-3.724114,1.0924,3.13445),(-3.730558,1.0924,3.145715),(-3.72915,1.0924,3.158618),(-3.720428,1.0924,3.168228),(-3.707722,1.0924,3.170876),(-3.695886,1.0924,3.16555),(-3.689442,1.0924,3.154284),(-3.69085,1.0924,3.141382),(-3.69085,1.025141,3.141382),(-3.699572,1.025141,3.131772),(-3.712278,1.025141,3.129124),(-3.724114,1.025141,3.13445),(-3.730558,1.025141,3.145715),(-3.72915,1.025141,3.158618),(-3.720428,1.025141,3.168228),(-3.707722,1.025141,3.170876),(-3.695886,1.025141,3.16555),(-3.689442,1.025141,3.154284),(-3.69085,1.025141,3.141382),(-3.69085,0.957883,3.141382),(-3.699572,0.957883,3.131772),(-3.712278,0.957883,3.129124),(-3.724114,0.957883,3.13445),(-3.730558,0.957883,3.145715),(-3.72915,0.957883,3.158618),(-3.720428,0.957883,3.168228),(-3.707722,0.957883,3.170876),(-3.695886,0.957883,3.16555),(-3.689442,0.957883,3.154284),(-3.69085,0.957883,3.141382),(-3.69085,0.890624,3.141382),(-3.699572,0.890624,3.131772),(-3.712278,0.890624,3.129124),(-3.724114,0.890624,3.13445),(-3.730558,0.890624,3.145715),(-3.72915,0.890624,3.158618),(-3.720428,0.890624,3.168228),(-3.707722,0.890624,3.170876),(-3.695886,0.890624,3.16555),(-3.689442,0.890624,3.154284),(-3.69085,0.890624,3.141382),(-3.69085,0.823365,3.141382),(-3.699572,0.823365,3.131772),(-3.712278,0.823365,3.129124),(-3.724114,0.823365,3.13445),(-3.730558,0.823365,3.145715),(-3.72915,0.823365,3.158618),(-3.720428,0.823365,3.168228),(-3.707722,0.823365,3.170876),(-3.695886,0.823365,3.16555),(-3.689442,0.823365,3.154284),(-3.69085,0.823365,3.141382),(-3.69085,0.756106,3.141382),(-3.699572,0.756106,3.131772),(-3.712278,0.756106,3.129124),(-3.724114,0.756106,3.13445),(-3.730558,0.756106,3.145715),(-3.72915,0.756106,3.158618),(-3.720428,0.756106,3.168228),(-3.707722,0.756106,3.170876),(-3.695886,0.756106,3.16555),(-3.689442,0.756106,3.154284),(-3.69085,0.756106,3.141382),(-3.69085,0.688847,3.141382),(-3.699572,0.688847,3.131772),(-3.712278,0.688847,3.129124),(-3.724114,0.688847,3.13445),(-3.730558,0.688847,3.145715),(-3.72915,0.688847,3.158618),(-3.720428,0.688847,3.168228),(-3.707722,0.688847,3.170876),(-3.695886,0.688847,3.16555),(-3.689442,0.688847,3.154284),(-3.69085,0.688847,3.141382),(-3.69085,0.621588,3.141382),(-3.699572,0.621588,3.131772),(-3.712278,0.621588,3.129124),(-3.724114,0.621588,3.13445),(-3.730558,0.621588,3.145715),(-3.72915,0.621588,3.158618),(-3.720428,0.621588,3.168228),(-3.707722,0.621588,3.170876),(-3.695886,0.621588,3.16555),(-3.689442,0.621588,3.154284),(-3.69085,0.621588,3.141382),(-3.69085,0.554329,3.141382),(-3.699572,0.554329,3.131772),(-3.712278,0.554329,3.129124),(-3.724114,0.554329,3.13445),(-3.730558,0.554329,3.145715),(-3.72915,0.554329,3.158618),(-3.720428,0.554329,3.168228),(-3.707722,0.554329,3.170876),(-3.695886,0.554329,3.16555),(-3.689442,0.554329,3.154284),(-3.69085,0.554329,3.141382),(-3.69085,0.48707,3.141382),(-3.699572,0.48707,3.131772),(-3.712278,0.48707,3.129124),(-3.724114,0.48707,3.13445),(-3.730558,0.48707,3.145715),(-3.72915,0.48707,3.158618),(-3.720428,0.48707,3.168228),(-3.707722,0.48707,3.170876),(-3.695886,0.48707,3.16555),(-3.689442,0.48707,3.154284),(-3.69085,0.48707,3.141382),(-3.69085,0.419812,3.141382),(-3.699572,0.419812,3.131772),(-3.712278,0.419812,3.129124),(-3.724114,0.419812,3.13445),(-3.730558,0.419812,3.145715),(-3.72915,0.419812,3.158618),(-3.720428,0.419812,3.168228),(-3.707722,0.419812,3.170876),(-3.695886,0.419812,3.16555),(-3.689442,0.419812,3.154284),(-3.69085,0.419812,3.141382),(-3.69085,0.352553,3.141382),(-3.699572,0.352553,3.131772),(-3.712278,0.352553,3.129124),(-3.724114,0.352553,3.13445),(-3.730558,0.352553,3.145715),(-3.72915,0.352553,3.158618),(-3.720428,0.352553,3.168228),(-3.707722,0.352553,3.170876),(-3.695886,0.352553,3.16555),(-3.689442,0.352553,3.154284),(-3.69085,0.352553,3.141382),(-3.69085,0.285294,3.141382),(-3.699572,0.285294,3.131772),(-3.712278,0.285294,3.129124),(-3.724114,0.285294,3.13445),(-3.730558,0.285294,3.145715),(-3.72915,0.285294,3.158618),(-3.720428,0.285294,3.168228),(-3.707722,0.285294,3.170876),(-3.695886,0.285294,3.16555),(-3.689442,0.285294,3.154284),(-3.69085,0.285294,3.141382),(-3.69085,0.218035,3.141382),(-3.699572,0.218035,3.131772),(-3.712278,0.218035,3.129124),(-3.724114,0.218035,3.13445),(-3.730558,0.218035,3.145715),(-3.72915,0.218035,3.158618),(-3.720428,0.218035,3.168228),(-3.707722,0.218035,3.170876),(-3.695886,0.218035,3.16555),(-3.689442,0.218035,3.154284),(-3.69085,0.218035,3.141382),(-3.69085,0.150776,3.141382),(-3.699572,0.150776,3.131772),(-3.712278,0.150776,3.129124),(-3.724114,0.150776,3.13445),(-3.730558,0.150776,3.145715),(-3.72915,0.150776,3.158618),(-3.720428,0.150776,3.168228),(-3.707722,0.150776,3.170876),(-3.695886,0.150776,3.16555),(-3.689442,0.150776,3.154284),(-3.69085,0.150776,3.141382),(-3.69085,0.083517,3.141382),(-3.699572,0.083517,3.131772),(-3.712278,0.083517,3.129124),(-3.724114,0.083517,3.13445),(-3.730558,0.083517,3.145715),(-3.72915,0.083517,3.158618),(-3.720428,0.083517,3.168228),(-3.707722,0.083517,3.170876),(-3.695886,0.083517,3.16555),(-3.689442,0.083517,3.154284),(-3.69085,0.083517,3.141382),(-3.69085,0.016258,3.141382),(-3.699572,0.016258,3.131772),(-3.712278,0.016258,3.129124),(-3.724114,0.016258,3.13445),(-3.730558,0.016258,3.145715),(-3.72915,0.016258,3.158618),(-3.720428,0.016258,3.168228),(-3.707722,0.016258,3.170876),(-3.695886,0.016258,3.16555),(-3.689442,0.016258,3.154284),(-3.69085,0.016258,3.141382),(-3.69085,-0.051001,3.141382),(-3.699572,-0.051001,3.131772),(-3.712278,-0.051001,3.129124),(-3.724114,-0.051001,3.13445),(-3.730558,-0.051001,3.145715),(-3.72915,-0.051001,3.158618),(-3.720428,-0.051001,3.168228),(-3.707722,-0.051001,3.170876),(-3.695886,-0.051001,3.16555),(-3.689442,-0.051001,3.154284),(-3.69085,-0.051001,3.141382),(-3.69085,-0.11826,3.141382),(-3.699572,-0.11826,3.131772),(-3.712278,-0.11826,3.129124),(-3.724114,-0.11826,3.13445),(-3.730558,-0.11826,3.145715),(-3.72915,-0.11826,3.158618),(-3.720428,-0.11826,3.168228),(-3.707722,-0.11826,3.170876),(-3.695886,-0.11826,3.16555),(-3.689442,-0.11826,3.154284),(-3.69085,-0.11826,3.141382),(-3.69085,-0.185518,3.141382),(-3.699572,-0.185518,3.131772),(-3.712278,-0.185518,3.129124),(-3.724114,-0.185518,3.13445),(-3.730558,-0.185518,3.145715),(-3.72915,-0.185518,3.158618),(-3.720428,-0.185518,3.168228),(-3.707722,-0.185518,3.170876),(-3.695886,-0.185518,3.16555),(-3.689442,-0.185518,3.154284),(-3.69085,-0.185518,3.141382),(-3.69085,-0.252777,3.141382),(-3.699572,-0.252777,3.131772),(-3.712278,-0.252777,3.129124),(-3.724114,-0.252777,3.13445),(-3.730558,-0.252777,3.145715),(-3.72915,-0.252777,3.158618),(-3.720428,-0.252777,3.168228),(-3.707722,-0.252777,3.170876),(-3.695886,-0.252777,3.16555),(-3.689442,-0.252777,3.154284),(-3.69085,-0.252777,3.141382),(-3.69085,-0.320036,3.141382),(-3.699572,-0.320036,3.131772),(-3.712278,-0.320036,3.129124),(-3.724114,-0.320036,3.13445),(-3.730558,-0.320036,3.145715),(-3.72915,-0.320036,3.158618),(-3.720428,-0.320036,3.168228),(-3.707722,-0.320036,3.170876),(-3.695886,-0.320036,3.16555),(-3.689442,-0.320036,3.154284),(-3.69085,-0.320036,3.141382),(-3.69085,-0.387295,3.141382),(-3.699572,-0.387295,3.131772),(-3.712278,-0.387295,3.129124),(-3.724114,-0.387295,3.13445),(-3.730558,-0.387295,3.145715),(-3.72915,-0.387295,3.158618),(-3.720428,-0.387295,3.168228),(-3.707722,-0.387295,3.170876),(-3.695886,-0.387295,3.16555),(-3.689442,-0.387295,3.154284),(-3.69085,-0.387295,3.141382),(-3.693758,-0.457605,3.141382),(-3.702362,-0.456173,3.131772),(-3.714895,-0.454086,3.129124),(-3.72657,-0.452142,3.13445),(-3.732927,-0.451084,3.145715),(-3.731539,-0.451315,3.158618),(-3.722934,-0.452748,3.168228),(-3.710401,-0.454834,3.170876),(-3.698726,-0.456778,3.16555),(-3.692369,-0.457836,3.154284),(-3.693758,-0.457605,3.141382),(-3.726155,-0.528134,3.141382),(-3.732543,-0.522194,3.131772),(-3.741848,-0.513542,3.129124),(-3.750515,-0.505483,3.13445),(-3.755235,-0.501094,3.145715),(-3.754204,-0.502053,3.158618),(-3.747816,-0.507993,3.168228),(-3.738511,-0.516645,3.170876),(-3.729843,-0.524704,3.16555),(-3.725124,-0.529092,3.154284),(-3.726155,-0.528134,3.141382),(-3.795077,-0.564872,3.141382),(-3.796858,-0.556333,3.131772),(-3.799454,-0.543895,3.129124),(-3.801871,-0.532309,3.13445),(-3.803188,-0.526001,3.145715),(-3.8029,-0.527379,3.158618),(-3.801118,-0.535918,3.168228),(-3.798523,-0.548356,3.170876),(-3.796105,-0.559942,3.16555),(-3.794789,-0.56625,3.154284),(-3.795077,-0.564872,3.141382),(-3.866054,-0.56915,3.141382),(-3.866054,-0.560428,3.131772),(-3.866054,-0.547722,3.129124),(-3.866054,-0.535886,3.13445),(-3.866054,-0.529442,3.145715),(-3.866054,-0.53085,3.158618),(-3.866054,-0.539572,3.168228),(-3.866054,-0.552278,3.170876),(-3.866054,-0.564114,3.16555),(-3.866054,-0.570558,3.154284),(-3.866054,-0.56915,3.141382),(-3.933312,-0.56915,3.141382),(-3.933312,-0.560428,3.131772),(-3.933312,-0.547722,3.129124),(-3.933312,-0.535886,3.13445),(-3.933312,-0.529442,3.145715),(-3.933312,-0.53085,3.158618),(-3.933312,-0.539572,3.168228),(-3.933312,-0.552278,3.170876),(-3.933312,-0.564114,3.16555),(-3.933312,-0.570558,3.154284),(-3.933312,-0.56915,3.141382),(-4.000571,-0.56915,3.141382),(-4.000571,-0.560428,3.131772),(-4.000571,-0.547722,3.129124),(-4.000571,-0.535886,3.13445),(-4.000571,-0.529442,3.145715),(-4.000571,-0.53085,3.158618),(-4.000571,-0.539572,3.168228),(-4.000571,-0.552278,3.170876),(-4.000571,-0.564114,3.16555),(-4.000571,-0.570558,3.154284),(-4.000571,-0.56915,3.141382),(-4.06783,-0.56915,3.141382),(-4.06783,-0.560428,3.131772),(-4.06783,-0.547722,3.129124),(-4.06783,-0.535886,3.13445),(-4.06783,-0.529442,3.145715),(-4.06783,-0.53085,3.158618),(-4.06783,-0.539572,3.168228),(-4.06783,-0.552278,3.170876),(-4.06783,-0.564114,3.16555),(-4.06783,-0.570558,3.154284),(-4.06783,-0.56915,3.141382),(-4.135089,-0.56915,3.141382),(-4.135089,-0.560428,3.131772),(-4.135089,-0.547722,3.129124),(-4.135089,-0.535886,3.13445),(-4.135089,-0.529442,3.145715),(-4.135089,-0.53085,3.158618),(-4.135089,-0.539572,3.168228),(-4.135089,-0.552278,3.170876),(-4.135089,-0.564114,3.16555),(-4.135089,-0.570558,3.154284),(-4.135089,-0.56915,3.141382),(-4.202348,-0.56915,3.141382),(-4.202348,-0.560428,3.131772),(-4.202348,-0.547722,3.129124),(-4.202348,-0.535886,3.13445),(-4.202348,-0.529442,3.145715),(-4.202348,-0.53085,3.158618),(-4.202348,-0.539572,3.168228),(-4.202348,-0.552278,3.170876),(-4.202348,-0.564114,3.16555),(-4.202348,-0.570558,3.154284),(-4.202348,-0.56915,3.141382),(-4.268875,-0.56915,3.140613),(-4.268059,-0.560428,3.131037),(-4.267835,-0.547722,3.128398),(-4.268287,-0.535886,3.133705),(-4.269243,-0.529442,3.14493),(-4.270338,-0.53085,3.157786),(-4.271153,-0.539572,3.167361),(-4.271378,-0.552278,3.17),(-4.270926,-0.564114,3.164693),(-4.26997,-0.570558,3.153468),(-4.268875,-0.56915,3.140613),(-4.328514,-0.56915,3.121967),(-4.323173,-0.560428,3.113977),(-4.321702,-0.547722,3.111776),(-4.324661,-0.535886,3.116204),(-4.330923,-0.529442,3.125569),(-4.338093,-0.53085,3.136295),(-4.343434,-0.539572,3.144284),(-4.344906,-0.552278,3.146486),(-4.341946,-0.564114,3.142058),(-4.335685,-0.570558,3.132693),(-4.328514,-0.56915,3.121967),(-4.364117,-0.56915,3.072874),(-4.354967,-0.560428,3.069936),(-4.352445,-0.547722,3.069127),(-4.357516,-0.535886,3.070755),(-4.368243,-0.529442,3.074199),(-4.380527,-0.53085,3.078143),(-4.389678,-0.539572,3.08108),(-4.392199,-0.552278,3.08189),(-4.387128,-0.564114,3.080262),(-4.376401,-0.570558,3.076818),(-4.364117,-0.56915,3.072874),(-4.371382,-0.56915,3.008883),(-4.361772,-0.560428,3.008883),(-4.359124,-0.547722,3.008883),(-4.36445,-0.535886,3.008883),(-4.375716,-0.529442,3.008883),(-4.388618,-0.53085,3.008883),(-4.398228,-0.539572,3.008883),(-4.400876,-0.552278,3.008883),(-4.39555,-0.564114,3.008883),(-4.384284,-0.570558,3.008883),(-4.371382,-0.56915,3.008883),(-4.371382,-0.56915,2.941624),(-4.361772,-0.560428,2.941624),(-4.359124,-0.547722,2.941624),(-4.36445,-0.535886,2.941624),(-4.375716,-0.529442,2.941624),(-4.388618,-0.53085,2.941624),(-4.398228,-0.539572,2.941624),(-4.400876,-0.552278,2.941624),(-4.39555,-0.564114,2.941624),(-4.384284,-0.570558,2.941624),(-4.371382,-0.56915,2.941624),(-4.371382,-0.56915,2.874366),(-4.361772,-0.560428,2.874366),(-4.359124,-0.547722,2.874366),(-4.36445,-0.535886,2.874366),(-4.375716,-0.529442,2.874366),(-4.388618,-0.53085,2.874366),(-4.398228,-0.539572,2.874366),(-4.400876,-0.552278,2.874366),(-4.39555,-0.564114,2.874366),(-4.384284,-0.570558,2.874366),(-4.371382,-0.56915,2.874366),(-4.371382,-0.56915,2.807106),(-4.361772,-0.560428,2.807106),(-4.359124,-0.547722,2.807106),(-4.36445,-0.535886,2.807106),(-4.375716,-0.529442,2.807106),(-4.388618,-0.53085,2.807106),(-4.398228,-0.539572,2.807106),(-4.400876,-0.552278,2.807106),(-4.39555,-0.564114,2.807106),(-4.384284,-0.570558,2.807106),(-4.371382,-0.56915,2.807106),(-4.371382,-0.56915,2.739848),(-4.361772,-0.560428,2.739848),(-4.359124,-0.547722,2.739848),(-4.36445,-0.535886,2.739848),(-4.375716,-0.529442,2.739848),(-4.388618,-0.53085,2.739848),(-4.398228,-0.539572,2.739848),(-4.400876,-0.552278,2.739848),(-4.39555,-0.564114,2.739848),(-4.384284,-0.570558,2.739848),(-4.371382,-0.56915,2.739848),(-4.371382,-0.56915,2.672589),(-4.361772,-0.560428,2.672589),(-4.359124,-0.547722,2.672589),(-4.36445,-0.535886,2.672589),(-4.375716,-0.529442,2.672589),(-4.388618,-0.53085,2.672589),(-4.398228,-0.539572,2.672589),(-4.400876,-0.552278,2.672589),(-4.39555,-0.564114,2.672589),(-4.384284,-0.570558,2.672589),(-4.371382,-0.56915,2.672589),(-4.371382,-0.56915,2.60533),(-4.361772,-0.560428,2.60533),(-4.359124,-0.547722,2.60533),(-4.36445,-0.535886,2.60533),(-4.375716,-0.529442,2.60533),(-4.388618,-0.53085,2.60533),(-4.398228,-0.539572,2.60533),(-4.400876,-0.552278,2.60533),(-4.39555,-0.564114,2.60533),(-4.384284,-0.570558,2.60533),(-4.371382,-0.56915,2.60533),(-4.371382,-0.56915,2.538071),(-4.361772,-0.560428,2.538071),(-4.359124,-0.547722,2.538071),(-4.36445,-0.535886,2.538071),(-4.375716,-0.529442,2.538071),(-4.388618,-0.53085,2.538071),(-4.398228,-0.539572,2.538071),(-4.400876,-0.552278,2.538071),(-4.39555,-0.564114,2.538071),(-4.384284,-0.570558,2.538071),(-4.371382,-0.56915,2.538071),(-4.371382,-0.56915,2.470812),(-4.361772,-0.560428,2.470812),(-4.359124,-0.547722,2.470812),(-4.36445,-0.535886,2.470812),(-4.375716,-0.529442,2.470812),(-4.388618,-0.53085,2.470812),(-4.398228,-0.539572,2.470812),(-4.400876,-0.552278,2.470812),(-4.39555,-0.564114,2.470812),(-4.384284,-0.570558,2.470812),(-4.371382,-0.56915,2.470812),(-4.371382,-0.56915,2.403553),(-4.361772,-0.560428,2.403553),(-4.359124,-0.547722,2.403553),(-4.36445,-0.535886,2.403553),(-4.375716,-0.529442,2.403553),(-4.388618,-0.53085,2.403553),(-4.398228,-0.539572,2.403553),(-4.400876,-0.552278,2.403553),(-4.39555,-0.564114,2.403553),(-4.384284,-0.570558,2.403553),(-4.371382,-0.56915,2.403553),(-4.371382,-0.56915,2.336294),(-4.361772,-0.560428,2.336294),(-4.359124,-0.547722,2.336294),(-4.36445,-0.535886,2.336294),(-4.375716,-0.529442,2.336294),(-4.388618,-0.53085,2.336294),(-4.398228,-0.539572,2.336294),(-4.400876,-0.552278,2.336294),(-4.39555,-0.564114,2.336294),(-4.384284,-0.570558,2.336294),(-4.371382,-0.56915,2.336294),(-4.371382,-0.56915,2.269036),(-4.361772,-0.560428,2.269036),(-4.359124,-0.547722,2.269036),(-4.36445,-0.535886,2.269036),(-4.375716,-0.529442,2.269036),(-4.388618,-0.53085,2.269036),(-4.398228,-0.539572,2.269036),(-4.400876,-0.552278,2.269036),(-4.39555,-0.564114,2.269036),(-4.384284,-0.570558,2.269036),(-4.371382,-0.56915,2.269036),(-4.371382,-0.56915,2.201777),(-4.361772,-0.560428,2.201777),(-4.359124,-0.547722,2.201777),(-4.36445,-0.535886,2.201777),(-4.375716,-0.529442,2.201777),(-4.388618,-0.53085,2.201777),(-4.398228,-0.539572,2.201777),(-4.400876,-0.552278,2.201777),(-4.39555,-0.564114,2.201777),(-4.384284,-0.570558,2.201777),(-4.371382,-0.56915,2.201777),(-4.371382,-0.56915,2.134518),(-4.361772,-0.560428,2.134518),(-4.359124,-0.547722,2.134518),(-4.36445,-0.535886,2.134518),(-4.375716,-0.529442,2.134518),(-4.388618,-0.53085,2.134518),(-4.398228,-0.539572,2.134518),(-4.400876,-0.552278,2.134518),(-4.39555,-0.564114,2.134518),(-4.384284,-0.570558,2.134518),(-4.371382,-0.56915,2.134518),(-4.371382,-0.56915,2.067259),(-4.361772,-0.560428,2.067259),(-4.359124,-0.547722,2.067259),(-4.36445,-0.535886,2.067259),(-4.375716,-0.529442,2.067259),(-4.388618,-0.53085,2.067259),(-4.398228,-0.539572,2.067259),(-4.400876,-0.552278,2.067259),(-4.39555,-0.564114,2.067259),(-4.384284,-0.570558,2.067259),(-4.371382,-0.56915,2.067259),(-4.371382,-0.56915,2.),(-4.361772,-0.560428,2.),(-4.359124,-0.547722,2.),(-4.36445,-0.535886,2.),(-4.375716,-0.529442,2.),(-4.388618,-0.53085,2.),(-4.398228,-0.539572,2.),(-4.400876,-0.552278,2.),(-4.39555,-0.564114,2.),(-4.384284,-0.570558,2.),(-4.371382,-0.56915,2.)));
#393=IFCTRIANGULATEDFACESET(#392,$,$,((1,12,2),(12,13,2),(2,13,3),(13,14,3),(3,14,4),(14,15,4),(4,15,5),(15,16,5),(5,16,6),(16,17,6),(6,17,7),(17,18,7),(7,18,8),(18,19,8),(8,19,9),(19,20,9),(9,20,10),(20,21,10),(10,21,11),(21,22,11),(12,23,13),(23,24,13),(13,24,14),(24,25,14),(14,25,15),(25,26,15),(15,26,16),(26,27,16),(16,27,17),(27,28,17),(17,28,18),(28,29,18),(18,29,19),(29,30,19),(19,30,20),(30,31,20),(20,31,21),(31,32,21),(21,32,22),(32,33,22),(23,34,24),(34,35,24),(24,35,25),(35,36,25),(25,36,26),(36,37,26),(26,37,27),(37,38,27),(27,38,28),(38,39,28),(28,39,29),(39,40,29),(29,40,30),(40,41,30),(30,41,31),(41,42,31),(31,42,32),(42,43,32),(32,43,33),(43,44,33),(34,45,35),(45,46,35),(35,46,36),(46,47,36),(36,47,37),(47,48,37),(37,48,38),(48,49,38),(38,49,39),(49,50,39),(39,50,40),(50,51,40),(40,51,41),(51,52,41),(41,52,42),(52,53,42),(42,53,43),(53,54,43),(43,54,44),(54,55,44),(45,56,46),(56,57,46),(46,57,47),(57,58,47),(47,58,48),(58,59,48),(48,59,49),(59,60,49),(49,60,50),(60,61,50),(50,61,51),(61,62,51),(51,62,52),(62,63,52),(52,63,53),(63,64,53),(53,64,54),(64,65,54),(54,65,55),(65,66,55),(56,67,57),(67,68,57),(57,68,58),(68,69,58),(58,69,59),(69,70,59),(59,70,60),(70,71,60),(60,71,61),(71,72,61),(61,72,62),(72,73,62),(62,73,63),(73,74,63),(63,74,64),(74,75,64),(64,75,65),(75,76,65),(65,76,66),(76,77,66),(67,78,68),(78,79,68),(68,79,69),(79,80,69),(69,80,70),(80,81,70),(70,81,71),(81,82,71),(71,82,72),(82,83,72),(72,83,73),(83,84,73),(73,84,74),(84,85,74),(74,85,75),(85,86,75),(75,86,76),(86,87,76),(76,87,77),(87,88,77),(78,89,79),(89,90,79),(79,90,80),(90,91,80),(80,91,81),(91,92,81),(81,92,82),(92,93,82),(82,93,83),(93,94,83),(83,94,84),(94,95,84),(84,95,85),(95,96,85),(85,96,86),(96,97,86),(86,97,87),(97,98,87),(87,98,88),(98,99,88),(89,100,90),(100,101,90),(90,101,91),(101,102,91),(91,102,92),(102,103,92),(92,103,93),(103,104,93),(93,104,94),(104,105,94),(94,105,95),(105,106,95),(95,106,96),(106,107,96),(96,107,97),(107,108,97),(97,108,98),(108,109,98),(98,109,99),(109,110,99),(100,111,101),(111,112,101),(101,112,102),(112,113,102),(102,113,103),(113,114,103),(103,114,104),(114,115,104),(104,115,105),(115,116,105),(105,116,106),(116,117,106),(106,117,107),(117,118,107),(107,118,108),(118,119,108),(108,119,109),(119,120,109),(109,120,110),(120,121,110),(111,122,112),(122,123,112),(112,123,113),(123,124,113),(113,124,114),(124,125,114),(114,125,115),(125,126,115),(115,126,116),(126,127,116),(116,127,117),(127,128,117),(117,128,118),(128,129,118),(118,129,119),(129,130,119),(119,130,120),(130,131,120),(120,131,121),(131,132,121),(122,133,123),(133,134,123),(123,134,124),(134,135,124),(124,135,125),(135,136,125),(125,136,126),(136,137,126),(126,137,127),(137,138,127),(127,138,128),(138,139,128),(128,139,129),(139,140,129),(129,140,130),(140,141,130),(130,141,131),(141,142,131),(131,142,132),(142,143,132),(133,144,134),(144,145,134),(134,145,135),(145,146,135),(135,146,136),(146,147,136),(136,147,137),(147,148,137),(137,148,138),(148,149,138),(138,149,139),(149,150,139),(139,150,140),(150,151,140),(140,151,141),(151,152,141),(141,152,142),(152,153,142),(142,153,143),(153,154,143),(144,155,145),(155,156,145),(145,156,146),(156,157,146),(146,157,147),(157,158,147),(147,158,148),(158,159,148),(148,159,149),(159,160,149),(149,160,150),(160,161,150),(150,161,151),(161,162,151),(151,162,152),(162,163,152),(152,163,153),(163,164,153),(153,164,154),(164,165,154),(155,166,156),(166,167,156),(156,167,157),(167,168,157),(157,168,158),(168,169,158),(158,169,159),(169,170,159),(159,170,160),(170,171,160),(160,171,161),(171,172,161),(161,172,162),(172,173,162),(162,173,163),(173,174,163),(163,174,164),(174,175,164),(164,175,165),(175,176,165),(166,177,167),(177,178,167),(167,178,168),(178,179,168),(168,179,169),(179,180,169),(169,180,170),(180,181,170),(170,181,171),(181,182,171),(171,182,172),(182,183,172),(172,183,173),(183,184,173),(173,184,174),(184,185,174),(174,185,175),(185,186,175),(175,186,176),(186,187,176),(177,188,178),(188,189,178),(178,189,179),(189,190,179),(179,190,180),(190,191,180),(180,191,181),(191,192,181),(181,192,182),(192,193,182),(182,193,183),(193,194,183),(183,194,184),(194,195,184),(184,195,185),(195,196,185),(185,196,186),(196,197,186),(186,197,187),(197,198,187),(188,199,189),(199,200,189),(189,200,190),(200,201,190),(190,201,191),(201,202,191),(191,202,192),(202,203,192),(192,203,193),(203,204,193),(193,204,194),(204,205,194),(194,205,195),(205,206,195),(195,206,196),(206,207,196),(196,207,197),(207,208,197),(197,208,198),(208,209,198),(199,210,200),(210,211,200),(200,211,201),(211,212,201),(201,212,202),(212,213,202),(202,213,203),(213,214,203),(203,214,204),(214,215,204),(204,215,205),(215,216,205),(205,216,206),(216,217,206),(206,217,207),(217,218,207),(207,218,208),(218,219,208),(208,219,209),(219,220,209),(210,221,211),(221,222,211),(211,222,212),(222,223,212),(212,223,213),(223,224,213),(213,224,214),(224,225,214),(214,225,215),(225,226,215),(215,226,216),(226,227,216),(216,227,217),(227,228,217),(217,228,218),(228,229,218),(218,229,219),(229,230,219),(219,230,220),(230,231,220),(221,232,222),(232,233,222),(222,233,223),(233,234,223),(223,234,224),(234,235,224),(224,235,225),(235,236,225),(225,236,226),(236,237,226),(226,237,227),(237,238,227),(227,238,228),(238,239,228),(228,239,229),(239,240,229),(229,240,230),(240,241,230),(230,241,231),(241,242,231),(232,243,233),(243,244,233),(233,244,234),(244,245,234),(234,245,235),(245,246,235),(235,246,236),(246,247,236),(236,247,237),(247,248,237),(237,248,238),(248,249,238),(238,249,239),(249,250,239),(239,250,240),(250,251,240),(240,251,241),(251,252,241),(241,252,242),(252,253,242),(243,254,244),(254,255,244),(244,255,245),(255,256,245),(245,256,246),(256,257,246),(246,257,247),(257,258,247),(247,258,248),(258,259,248),(248,259,249),(259,260,249),(249,260,250),(260,261,250),(250,261,251),(261,262,251),(251,262,252),(262,263,252),(252,263,253),(263,264,253),(254,265,255),(265,266,255),(255,266,256),(266,267,256),(256,267,257),(267,268,257),(257,268,258),(268,269,258),(258,269,259),(269,270,259),(259,270,260),(270,271,260),(260,271,261),(271,272,261),(261,272,262),(272,273,262),(262,273,263),(273,274,263),(263,274,264),(274,275,264),(265,276,266),(276,277,266),(266,277,267),(277,278,267),(267,278,268),(278,279,268),(268,279,269),(279,280,269),(269,280,270),(280,281,270),(270,281,271),(281,282,271),(271,282,272),(282,283,272),(272,283,273),(283,284,273),(273,284,274),(284,285,274),(274,285,275),(285,286,275),(276,287,277),(287,288,277),(277,288,278),(288,289,278),(278,289,279),(289,290,279),(279,290,280),(290,291,280),(280,291,281),(291,292,281),(281,292,282),(292,293,282),(282,293,283),(293,294,283),(283,294,284),(294,295,284),(284,295,285),(295,296,285),(285,296,286),(296,297,286),(287,298,288),(298,299,288),(288,299,289),(299,300,289),(289,300,290),(300,301,290),(290,301,291),(301,302,291),(291,302,292),(302,303,292),(292,303,293),(303,304,293),(293,304,294),(304,305,294),(294,305,295),(305,306,295),(295,306,296),(306,307,296),(296,307,297),(307,308,297),(298,309,299),(309,310,299),(299,310,300),(310,311,300),(300,311,301),(311,312,301),(301,312,302),(312,313,302),(302,313,303),(313,314,303),(303,314,304),(314,315,304),(304,315,305),(315,316,305),(305,316,306),(316,317,306),(306,317,307),(317,318,307),(307,318,308),(318,319,308),(309,320,310),(320,321,310),(310,321,311),(321,322,311),(311,322,312),(322,323,312),(312,323,313),(323,324,313),(313,324,314),(324,325,314),(314,325,315),(325,326,315),(315,326,316),(326,327,316),(316,327,317),(327,328,317),(317,328,318),(328,329,318),(318,329,319),(329,330,319),(320,331,321),(331,332,321),(321,332,322),(332,333,322),(322,333,323),(333,334,323),(323,334,324),(334,335,324),(324,335,325),(335,336,325),(325,336,326),(336,337,326),(326,337,327),(337,338,327),(327,338,328),(338,339,328),(328,339,329),(339,340,329),(329,340,330),(340,341,330),(331,342,332),(342,343,332),(332,343,333),(343,344,333),(333,344,334),(344,345,334),(334,345,335),(345,346,335),(335,346,336),(346,347,336),(336,347,337),(347,348,337),(337,348,338),(348,349,338),(338,349,339),(349,350,339),(339,350,340),(350,351,340),(340,351,341),(351,352,341),(342,353,343),(353,354,343),(343,354,344),(354,355,344),(344,355,345),(355,356,345),(345,356,346),(356,357,346),(346,357,347),(357,358,347),(347,358,348),(358,359,348),(348,359,349),(359,360,349),(349,360,350),(360,361,350),(350,361,351),(361,362,351),(351,362,352),(362,363,352),(353,364,354),(364,365,354),(354,365,355),(365,366,355),(355,366,356),(366,367,356),(356,367,357),(367,368,357),(357,368,358),(368,369,358),(358,369,359),(369,370,359),(359,370,360),(370,371,360),(360,371,361),(371,372,361),(361,372,362),(372,373,362),(362,373,363),(373,374,363),(364,375,365),(375,376,365),(365,376,366),(376,377,366),(366,377,367),(377,378,367),(367,378,368),(378,379,368),(368,379,369),(379,380,369),(369,380,370),(380,381,370),(370,381,371),(381,382,371),(371,382,372),(382,383,372),(372,383,373),(383,384,373),(373,384,374),(384,385,374),(375,386,376),(386,387,376),(376,387,377),(387,388,377),(377,388,378),(388,389,378),(378,389,379),(389,390,379),(379,390,380),(390,391,380),(380,391,381),(391,392,381),(381,392,382),(392,393,382),(382,393,383),(393,394,383),(383,394,384),(394,395,384),(384,395,385),(395,396,385),(386,397,387),(397,398,387),(387,398,388),(398,399,388),(388,399,389),(399,400,389),(389,400,390),(400,401,390),(390,401,391),(401,402,391),(391,402,392),(402,403,392),(392,403,393),(403,404,393),(393,404,394),(404,405,394),(394,405,395),(405,406,395),(395,406,396),(406,407,396),(397,408,398),(408,409,398),(398,409,399),(409,410,399),(399,410,400),(410,411,400),(400,411,401),(411,412,401),(401,412,402),(412,413,402),(402,413,403),(413,414,403),(403,414,404),(414,415,404),(404,415,405),(415,416,405),(405,416,406),(416,417,406),(406,417,407),(417,418,407),(408,419,409),(419,420,409),(409,420,410),(420,421,410),(410,421,411),(421,422,411),(411,422,412),(422,423,412),(412,423,413),(423,424,413),(413,424,414),(424,425,414),(414,425,415),(425,426,415),(415,426,416),(426,427,416),(416,427,417),(427,428,417),(417,428,418),(428,429,418),(419,430,420),(430,431,420),(420,431,421),(431,432,421),(421,432,422),(432,433,422),(422,433,423),(433,434,423),(423,434,424),(434,435,424),(424,435,425),(435,436,425),(425,436,426),(436,437,426),(426,437,427),(437,438,427),(427,438,428),(438,439,428),(428,439,429),(439,440,429),(430,441,431),(441,442,431),(431,442,432),(442,443,432),(432,443,433),(443,444,433),(433,444,434),(444,445,434),(434,445,435),(445,446,435),(435,446,436),(446,447,436),(436,447,437),(447,448,437),(437,448,438),(448,449,438),(438,449,439),(449,450,439),(439,450,440),(450,451,440),(441,452,442),(452,453,442),(442,453,443),(453,454,443),(443,454,444),(454,455,444),(444,455,445),(455,456,445),(445,456,446),(456,457,446),(446,457,447),(457,458,447),(447,458,448),(458,459,448),(448,459,449),(459,460,449),(449,460,450),(460,461,450),(450,461,451),(461,462,451),(452,463,453),(463,464,453),(453,464,454),(464,465,454),(454,465,455),(465,466,455),(455,466,456),(466,467,456),(456,467,457),(467,468,457),(457,468,458),(468,469,458),(458,469,459),(469,470,459),(459,470,460),(470,471,460),(460,471,461),(471,472,461),(461,472,462),(472,473,462),(463,474,464),(474,475,464),(464,475,465),(475,476,465),(465,476,466),(476,477,466),(466,477,467),(477,478,467),(467,478,468),(478,479,468),(468,479,469),(479,480,469),(469,480,470),(480,481,470),(470,481,471),(481,482,471),(471,482,472),(482,483,472),(472,483,473),(483,484,473),(474,485,475),(485,486,475),(475,486,476),(486,487,476),(476,487,477),(487,488,477),(477,488,478),(488,489,478),(478,489,479),(489,490,479),(479,490,480),(490,491,480),(480,491,481),(491,492,481),(481,492,482),(492,493,482),(482,493,483),(493,494,483),(483,494,484),(494,495,484),(485,496,486),(496,497,486),(486,497,487),(497,498,487),(487,498,488),(498,499,488),(488,499,489),(499,500,489),(489,500,490),(500,501,490),(490,501,491),(501,502,491),(491,502,492),(502,503,492),(492,503,493),(503,504,493),(493,504,494),(504,505,494),(494,505,495),(505,506,495),(496,507,497),(507,508,497),(497,508,498),(508,509,498),(498,509,499),(509,510,499),(499,510,500),(510,511,500),(500,511,501),(511,512,501),(501,512,502),(512,513,502),(502,513,503),(513,514,503),(503,514,504),(514,515,504),(504,515,505),(515,516,505),(505,516,506),(516,517,506),(507,518,508),(518,519,508),(508,519,509),(519,520,509),(509,520,510),(520,521,510),(510,521,511),(521,522,511),(511,522,512),(522,523,512),(512,523,513),(523,524,513),(513,524,514),(524,525,514),(514,525,515),(525,526,515),(515,526,516),(526,527,516),(516,527,517),(527,528,517),(518,529,519),(529,530,519),(519,530,520),(530,531,520),(520,531,521),(531,532,521),(521,532,522),(532,533,522),(522,533,523),(533,534,523),(523,534,524),(534,535,524),(524,535,525),(535,536,525),(525,536,526),(536,537,526),(526,537,527),(537,538,527),(527,538,528),(538,539,528),(529,540,530),(540,541,530),(530,541,531),(541,542,531),(531,542,532),(542,543,532),(532,543,533),(543,544,533),(533,544,534),(544,545,534),(534,545,535),(545,546,535),(535,546,536),(546,547,536),(536,547,537),(547,548,537),(537,548,538),(548,549,538),(538,549,539),(549,550,539),(540,551,541),(551,552,541),(541,552,542),(552,553,542),(542,553,543),(553,554,543),(543,554,544),(554,555,544),(544,555,545),(555,556,545),(545,556,546),(556,557,546),(546,557,547),(557,558,547),(547,558,548),(558,559,548),(548,559,549),(559,560,549),(549,560,550),(560,561,550),(551,562,552),(562,563,552),(552,563,553),(563,564,553),(553,564,554),(564,565,554),(554,565,555),(565,566,555),(555,566,556),(566,567,556),(556,567,557),(567,568,557),(557,568,558),(568,569,558),(558,569,559),(569,570,559),(559,570,560),(570,571,560),(560,571,561),(571,572,561),(562,573,563),(573,574,563),(563,574,564),(574,575,564),(564,575,565),(575,576,565),(565,576,566),(576,577,566),(566,577,567),(577,578,567),(567,578,568),(578,579,568),(568,579,569),(579,580,569),(569,580,570),(580,581,570),(570,581,571),(581,582,571),(571,582,572),(582,583,572),(573,584,574),(584,585,574),(574,585,575),(585,586,575),(575,586,576),(586,587,576),(576,587,577),(587,588,577),(577,588,578),(588,589,578),(578,589,579),(589,590,579),(579,590,580),(590,591,580),(580,591,581),(591,592,581),(581,592,582),(592,593,582),(582,593,583),(593,594,583),(584,595,585),(595,596,585),(585,596,586),(596,597,586),(586,597,587),(597,598,587),(587,598,588),(598,599,588),(588,599,589),(599,600,589),(589,600,590),(600,601,590),(590,601,591),(601,602,591),(591,602,592),(602,603,592),(592,603,593),(603,604,593),(593,604,594),(604,605,594),(595,606,596),(606,607,596),(596,607,597),(607,608,597),(597,608,598),(608,609,598),(598,609,599),(609,610,599),(599,610,600),(610,611,600),(600,611,601),(611,612,601),(601,612,602),(612,613,602),(602,613,603),(613,614,603),(603,614,604),(614,615,604),(604,615,605),(615,616,605),(606,617,607),(617,618,607),(607,618,608),(618,619,608),(608,619,609),(619,620,609),(609,620,610),(620,621,610),(610,621,611),(621,622,611),(611,622,612),(622,623,612),(612,623,613),(623,624,613),(613,624,614),(624,625,614),(614,625,615),(625,626,615),(615,626,616),(626,627,616),(617,628,618),(628,629,618),(618,629,619),(629,630,619),(619,630,620),(630,631,620),(620,631,621),(631,632,621),(621,632,622),(632,633,622),(622,633,623),(633,634,623),(623,634,624),(634,635,624),(624,635,625),(635,636,625),(625,636,626),(636,637,626),(626,637,627),(637,638,627),(628,639,629),(639,640,629),(629,640,630),(640,641,630),(630,641,631),(641,642,631),(631,642,632),(642,643,632),(632,643,633),(643,644,633),(633,644,634),(644,645,634),(634,645,635),(645,646,635),(635,646,636),(646,647,636),(636,647,637),(647,648,637),(637,648,638),(648,649,638),(639,650,640),(650,651,640),(640,651,641),(651,652,641),(641,652,642),(652,653,642),(642,653,643),(653,654,643),(643,654,644),(654,655,644),(644,655,645),(655,656,645),(645,656,646),(656,657,646),(646,657,647),(657,658,647),(647,658,648),(658,659,648),(648,659,649),(659,660,649),(650,661,651),(661,662,651),(651,662,652),(662,663,652),(652,663,653),(663,664,653),(653,664,654),(664,665,654),(654,665,655),(665,666,655),(655,666,656),(666,667,656),(656,667,657),(667,668,657),(657,668,658),(668,669,658),(658,669,659),(669,670,659),(659,670,660),(670,671,660),(661,672,662),(672,673,662),(662,673,663),(673,674,663),(663,674,664),(674,675,664),(664,675,665),(675,676,665),(665,676,666),(676,677,666),(666,677,667),(677,678,667),(667,678,668),(678,679,668),(668,679,669),(679,680,669),(669,680,670),(680,681,670),(670,681,671),(681,682,671),(672,683,673),(683,684,673),(673,684,674),(684,685,674),(674,685,675),(685,686,675),(675,686,676),(686,687,676),(676,687,677),(687,688,677),(677,688,678),(688,689,678),(678,689,679),(689,690,679),(679,690,680),(690,691,680),(680,691,681),(691,692,681),(681,692,682),(692,693,682),(683,694,684),(694,695,684),(684,695,685),(695,696,685),(685,696,686),(696,697,686),(686,697,687),(697,698,687),(687,698,688),(698,699,688),(688,699,689),(699,700,689),(689,700,690),(700,701,690),(690,701,691),(701,702,691),(691,702,692),(702,703,692),(692,703,693),(703,704,693),(694,705,695),(705,706,695),(695,706,696),(706,707,696),(696,707,697),(707,708,697),(697,708,698),(708,709,698),(698,709,699),(709,710,699),(699,710,700),(710,711,700),(700,711,701),(711,712,701),(701,712,702),(712,713,702),(702,713,703),(713,714,703),(703,714,704),(714,715,704),(705,716,706),(716,717,706),(706,717,707),(717,718,707),(707,718,708),(718,719,708),(708,719,709),(719,720,709),(709,720,710),(720,721,710),(710,721,711),(721,722,711),(711,722,712),(722,723,712),(712,723,713),(723,724,713),(713,724,714),(724,725,714),(714,725,715),(725,726,715),(716,727,717),(727,728,717),(717,728,718),(728,729,718),(718,729,719),(729,730,719),(719,730,720),(730,731,720),(720,731,721),(731,732,721),(721,732,722),(732,733,722),(722,733,723),(733,734,723),(723,734,724),(734,735,724),(724,735,725),(735,736,725),(725,736,726),(736,737,726),(727,738,728),(738,739,728),(728,739,729),(739,740,729),(729,740,730),(740,741,730),(730,741,731),(741,742,731),(731,742,732),(742,743,732),(732,743,733),(743,744,733),(733,744,734),(744,745,734),(734,745,735),(745,746,735),(735,746,736),(746,747,736),(736,747,737),(747,748,737),(738,749,739),(749,750,739),(739,750,740),(750,751,740),(740,751,741),(751,752,741),(741,752,742),(752,753,742),(742,753,743),(753,754,743),(743,754,744),(754,755,744),(744,755,745),(755,756,745),(745,756,746),(756,757,746),(746,757,747),(757,758,747),(747,758,748),(758,759,748),(749,760,750),(760,761,750),(750,761,751),(761,762,751),(751,762,752),(762,763,752),(752,763,753),(763,764,753),(753,764,754),(764,765,754),(754,765,755),(765,766,755),(755,766,756),(766,767,756),(756,767,757),(767,768,757),(757,768,758),(768,769,758),(758,769,759),(769,770,759),(760,771,761),(771,772,761),(761,772,762),(772,773,762),(762,773,763),(773,774,763),(763,774,764),(774,775,764),(764,775,765),(775,776,765),(765,776,766),(776,777,766),(766,777,767),(777,778,767),(767,778,768),(778,779,768),(768,779,769),(779,780,769),(769,780,770),(780,781,770),(771,782,772),(782,783,772),(772,783,773),(783,784,773),(773,784,774),(784,785,774),(774,785,775),(785,786,775),(775,786,776),(786,787,776),(776,787,777),(787,788,777),(777,788,778),(788,789,778),(778,789,779),(789,790,779),(779,790,780),(790,791,780),(780,791,781),(791,792,781),(782,793,783),(793,794,783),(783,794,784),(794,795,784),(784,795,785),(795,796,785),(785,796,786),(796,797,786),(786,797,787),(797,798,787),(787,798,788),(798,799,788),(788,799,789),(799,800,789),(789,800,790),(800,801,790),(790,801,791),(801,802,791),(791,802,792),(802,803,792),(793,804,794),(804,805,794),(794,805,795),(805,806,795),(795,806,796),(806,807,796),(796,807,797),(807,808,797),(797,808,798),(808,809,798),(798,809,799),(809,810,799),(799,810,800),(810,811,800),(800,811,801),(811,812,801),(801,812,802),(812,813,802),(802,813,803),(813,814,803),(804,815,805),(815,816,805),(805,816,806),(816,817,806),(806,817,807),(817,818,807),(807,818,808),(818,819,808),(808,819,809),(819,820,809),(809,820,810),(820,821,810),(810,821,811),(821,822,811),(811,822,812),(822,823,812),(812,823,813),(823,824,813),(813,824,814),(824,825,814),(815,826,816),(826,827,816),(816,827,817),(827,828,817),(817,828,818),(828,829,818),(818,829,819),(829,830,819),(819,830,820),(830,831,820),(820,831,821),(831,832,821),(821,832,822),(832,833,822),(822,833,823),(833,834,823),(823,834,824),(834,835,824),(824,835,825),(835,836,825),(826,837,827),(837,838,827),(827,838,828),(838,839,828),(828,839,829),(839,840,829),(829,840,830),(840,841,830),(830,841,831),(841,842,831),(831,842,832),(842,843,832),(832,843,833),(843,844,833),(833,844,834),(844,845,834),(834,845,835),(845,846,835),(835,846,836),(846,847,836),(837,848,838),(848,849,838),(838,849,839),(849,850,839),(839,850,840),(850,851,840),(840,851,841),(851,852,841),(841,852,842),(852,853,842),(842,853,843),(853,854,843),(843,854,844),(854,855,844),(844,855,845),(855,856,845),(845,856,846),(856,857,846),(846,857,847),(857,858,847),(848,859,849),(859,860,849),(849,860,850),(860,861,850),(850,861,851),(861,862,851),(851,862,852),(862,863,852),(852,863,853),(863,864,853),(853,864,854),(864,865,854),(854,865,855),(865,866,855),(855,866,856),(866,867,856),(856,867,857),(867,868,857),(857,868,858),(868,869,858),(859,870,860),(870,871,860),(860,871,861),(871,872,861),(861,872,862),(872,873,862),(862,873,863),(873,874,863),(863,874,864),(874,875,864),(864,875,865),(875,876,865),(865,876,866),(876,877,866),(866,877,867),(877,878,867),(867,878,868),(878,879,868),(868,879,869),(879,880,869),(870,881,871),(881,882,871),(871,882,872),(882,883,872),(872,883,873),(883,884,873),(873,884,874),(884,885,874),(874,885,875),(885,886,875),(875,886,876),(886,887,876),(876,887,877),(887,888,877),(877,888,878),(888,889,878),(878,889,879),(889,890,879),(879,890,880),(890,891,880),(881,892,882),(892,893,882),(882,893,883),(893,894,883),(883,894,884),(894,895,884),(884,895,885),(895,896,885),(885,896,886),(896,897,886),(886,897,887),(897,898,887),(887,898,888),(898,899,888),(888,899,889),(899,900,889),(889,900,890),(900,901,890),(890,901,891),(901,902,891),(892,903,893),(903,904,893),(893,904,894),(904,905,894),(894,905,895),(905,906,895),(895,906,896),(906,907,896),(896,907,897),(907,908,897),(897,908,898),(908,909,898),(898,909,899),(909,910,899),(899,910,900),(910,911,900),(900,911,901),(911,912,901),(901,912,902),(912,913,902),(903,914,904),(914,915,904),(904,915,905),(915,916,905),(905,916,906),(916,917,906),(906,917,907),(917,918,907),(907,918,908),(918,919,908),(908,919,909),(919,920,909),(909,920,910),(920,921,910),(910,921,911),(921,922,911),(911,922,912),(922,923,912),(912,923,913),(923,924,913),(914,925,915),(925,926,915),(915,926,916),(926,927,916),(916,927,917),(927,928,917),(917,928,918),(928,929,918),(918,929,919),(929,930,919),(919,930,920),(930,931,920),(920,931,921),(931,932,921),(921,932,922),(932,933,922),(922,933,923),(933,934,923),(923,934,924),(934,935,924),(925,936,926),(936,937,926),(926,937,927),(937,938,927),(927,938,928),(938,939,928),(928,939,929),(939,940,929),(929,940,930),(940,941,930),(930,941,931),(941,942,931),(931,942,932),(942,943,932),(932,943,933),(943,944,933),(933,944,934),(944,945,934),(934,945,935),(945,946,935),(936,947,937),(947,948,937),(937,948,938),(948,949,938),(938,949,939),(949,950,939),(939,950,940),(950,951,940),(940,951,941),(951,952,941),(941,952,942),(952,953,942),(942,953,943),(953,954,943),(943,954,944),(954,955,944),(944,955,945),(955,956,945),(945,956,946),(956,957,946),(947,958,948),(958,959,948),(948,959,949),(959,960,949),(949,960,950),(960,961,950),(950,961,951),(961,962,951),(951,962,952),(962,963,952),(952,963,953),(963,964,953),(953,964,954),(964,965,954),(954,965,955),(965,966,955),(955,966,956),(966,967,956),(956,967,957),(967,968,957),(958,969,959),(969,970,959),(959,970,960),(970,971,960),(960,971,961),(971,972,961),(961,972,962),(972,973,962),(962,973,963),(973,974,963),(963,974,964),(974,975,964),(964,975,965),(975,976,965),(965,976,966),(976,977,966),(966,977,967),(977,978,967),(967,978,968),(978,979,968),(969,980,970),(980,981,970),(970,981,971),(981,982,971),(971,982,972),(982,983,972),(972,983,973),(983,984,973),(973,984,974),(984,985,974),(974,985,975),(985,986,975),(975,986,976),(986,987,976),(976,987,977),(987,988,977),(977,988,978),(988,989,978),(978,989,979),(989,990,979),(980,991,981),(991,992,981),(981,992,982),(992,993,982),(982,993,983),(993,994,983),(983,994,984),(994,995,984),(984,995,985),(995,996,985),(985,996,986),(996,997,986),(986,997,987),(997,998,987),(987,998,988),(998,999,988),(988,999,989),(999,1000,989),(989,1000,990),(1000,1001,990),(991,1002,992),(1002,1003,992),(992,1003,993),(1003,1004,993),(993,1004,994),(1004,1005,994),(994,1005,995),(1005,1006,995),(995,1006,996),(1006,1007,996),(996,1007,997),(1007,1008,997),(997,1008,998),(1008,1009,998),(998,1009,999),(1009,1010,999),(999,1010,1000),(1010,1011,1000),(1000,1011,1001),(1011,1012,1001),(1002,1013,1003),(1013,1014,1003),(1003,1014,1004),(1014,1015,1004),(1004,1015,1005),(1015,1016,1005),(1005,1016,1006),(1016,1017,1006),(1006,1017,1007),(1017,1018,1007),(1007,1018,1008),(1018,1019,1008),(1008,1019,1009),(1019,1020,1009),(1009,1020,1010),(1020,1021,1010),(1010,1021,1011),(1021,1022,1011),(1011,1022,1012),(1022,1023,1012),(1013,1024,1014),(1024,1025,1014),(1014,1025,1015),(1025,1026,1015),(1015,1026,1016),(1026,1027,1016),(1016,1027,1017),(1027,1028,1017),(1017,1028,1018),(1028,1029,1018),(1018,1029,1019),(1029,1030,1019),(1019,1030,1020),(1030,1031,1020),(1020,1031,1021),(1031,1032,1021),(1021,1032,1022),(1032,1033,1022),(1022,1033,1023),(1033,1034,1023),(1024,1035,1025),(1035,1036,1025),(1025,1036,1026),(1036,1037,1026),(1026,1037,1027),(1037,1038,1027),(1027,1038,1028),(1038,1039,1028),(1028,1039,1029),(1039,1040,1029),(1029,1040,1030),(1040,1041,1030),(1030,1041,1031),(1041,1042,1031),(1031,1042,1032),(1042,1043,1032),(1032,1043,1033),(1043,1044,1033),(1033,1044,1034),(1044,1045,1034),(1035,1046,1036),(1046,1047,1036),(1036,1047,1037),(1047,1048,1037),(1037,1048,1038),(1048,1049,1038),(1038,1049,1039),(1049,1050,1039),(1039,1050,1040),(1050,1051,1040),(1040,1051,1041),(1051,1052,1041),(1041,1052,1042),(1052,1053,1042),(1042,1053,1043),(1053,1054,1043),(1043,1054,1044),(1054,1055,1044),(1044,1055,1045),(1055,1056,1045),(1046,1057,1047),(1057,1058,1047),(1047,1058,1048),(1058,1059,1048),(1048,1059,1049),(1059,1060,1049),(1049,1060,1050),(1060,1061,1050),(1050,1061,1051),(1061,1062,1051),(1051,1062,1052),(1062,1063,1052),(1052,1063,1053),(1063,1064,1053),(1053,1064,1054),(1064,1065,1054),(1054,1065,1055),(1065,1066,1055),(1055,1066,1056),(1066,1067,1056),(1057,1068,1058),(1068,1069,1058),(1058,1069,1059),(1069,1070,1059),(1059,1070,1060),(1070,1071,1060),(1060,1071,1061),(1071,1072,1061),(1061,1072,1062),(1072,1073,1062),(1062,1073,1063),(1073,1074,1063),(1063,1074,1064),(1074,1075,1064),(1064,1075,1065),(1075,1076,1065),(1065,1076,1066),(1076,1077,1066),(1066,1077,1067),(1077,1078,1067),(1068,1079,1069),(1079,1080,1069),(1069,1080,1070),(1080,1081,1070),(1070,1081,1071),(1081,1082,1071),(1071,1082,1072),(1082,1083,1072),(1072,1083,1073),(1083,1084,1073),(1073,1084,1074),(1084,1085,1074),(1074,1085,1075),(1085,1086,1075),(1075,1086,1076),(1086,1087,1076),(1076,1087,1077),(1087,1088,1077),(1077,1088,1078),(1088,1089,1078),(1079,1090,1080),(1090,1091,1080),(1080,1091,1081),(1091,1092,1081),(1081,1092,1082),(1092,1093,1082),(1082,1093,1083),(1093,1094,1083),(1083,1094,1084),(1094,1095,1084),(1084,1095,1085),(1095,1096,1085),(1085,1096,1086),(1096,1097,1086),(1086,1097,1087),(1097,1098,1087),(1087,1098,1088),(1098,1099,1088),(1088,1099,1089),(1099,1100,1089),(1090,1101,1091),(1101,1102,1091),(1091,1102,1092),(1102,1103,1092),(1092,1103,1093),(1103,1104,1093),(1093,1104,1094),(1104,1105,1094),(1094,1105,1095),(1105,1106,1095),(1095,1106,1096),(1106,1107,1096),(1096,1107,1097),(1107,1108,1097),(1097,1108,1098),(1108,1109,1098),(1098,1109,1099),(1109,1110,1099),(1099,1110,1100),(1110,1111,1100),(1101,1112,1102),(1112,1113,1102),(1102,1113,1103),(1113,1114,1103),(1103,1114,1104),(1114,1115,1104),(1104,1115,1105),(1115,1116,1105),(1105,1116,1106),(1116,1117,1106),(1106,1117,1107),(1117,1118,1107),(1107,1118,1108),(1118,1119,1108),(1108,1119,1109),(1119,1120,1109),(1109,1120,1110),(1120,1121,1110),(1110,1121,1111),(1121,1122,1111),(1112,1123,1113),(1123,1124,1113),(1113,1124,1114),(1124,1125,1114),(1114,1125,1115),(1125,1126,1115),(1115,1126,1116),(1126,1127,1116),(1116,1127,1117),(1127,1128,1117),(1117,1128,1118),(1128,1129,1118),(1118,1129,1119),(1129,1130,1119),(1119,1130,1120),(1130,1131,1120),(1120,1131,1121),(1131,1132,1121),(1121,1132,1122),(1132,1133,1122),(1123,1134,1124),(1134,1135,1124),(1124,1135,1125),(1135,1136,1125),(1125,1136,1126),(1136,1137,1126),(1126,1137,1127),(1137,1138,1127),(1127,1138,1128),(1138,1139,1128),(1128,1139,1129),(1139,1140,1129),(1129,1140,1130),(1140,1141,1130),(1130,1141,1131),(1141,1142,1131),(1131,1142,1132),(1142,1143,1132),(1132,1143,1133),(1143,1144,1133),(1134,1145,1135),(1145,1146,1135),(1135,1146,1136),(1146,1147,1136),(1136,1147,1137),(1147,1148,1137),(1137,1148,1138),(1148,1149,1138),(1138,1149,1139),(1149,1150,1139),(1139,1150,1140),(1150,1151,1140),(1140,1151,1141),(1151,1152,1141),(1141,1152,1142),(1152,1153,1142),(1142,1153,1143),(1153,1154,1143),(1143,1154,1144),(1154,1155,1144),(1145,1156,1146),(1156,1157,1146),(1146,1157,1147),(1157,1158,1147),(1147,1158,1148),(1158,1159,1148),(1148,1159,1149),(1159,1160,1149),(1149,1160,1150),(1160,1161,1150),(1150,1161,1151),(1161,1162,1151),(1151,1162,1152),(1162,1163,1152),(1152,1163,1153),(1163,1164,1153),(1153,1164,1154),(1164,1165,1154),(1154,1165,1155),(1165,1166,1155),(1156,1167,1157),(1167,1168,1157),(1157,1168,1158),(1168,1169,1158),(1158,1169,1159),(1169,1170,1159),(1159,1170,1160),(1170,1171,1160),(1160,1171,1161),(1171,1172,1161),(1161,1172,1162),(1172,1173,1162),(1162,1173,1163),(1173,1174,1163),(1163,1174,1164),(1174,1175,1164),(1164,1175,1165),(1175,1176,1165),(1165,1176,1166),(1176,1177,1166),(1167,1178,1168),(1178,1179,1168),(1168,1179,1169),(1179,1180,1169),(1169,1180,1170),(1180,1181,1170),(1170,1181,1171),(1181,1182,1171),(1171,1182,1172),(1182,1183,1172),(1172,1183,1173),(1183,1184,1173),(1173,1184,1174),(1184,1185,1174),(1174,1185,1175),(1185,1186,1175),(1175,1186,1176),(1186,1187,1176),(1176,1187,1177),(1187,1188,1177),(1178,1189,1179),(1189,1190,1179),(1179,1190,1180),(1190,1191,1180),(1180,1191,1181),(1191,1192,1181),(1181,1192,1182),(1192,1193,1182),(1182,1193,1183),(1193,1194,1183),(1183,1194,1184),(1194,1195,1184),(1184,1195,1185),(1195,1196,1185),(1185,1196,1186),(1196,1197,1186),(1186,1197,1187),(1197,1198,1187),(1187,1198,1188),(1198,1199,1188),(1189,1200,1190),(1200,1201,1190),(1190,1201,1191),(1201,1202,1191),(1191,1202,1192),(1202,1203,1192),(1192,1203,1193),(1203,1204,1193),(1193,1204,1194),(1204,1205,1194),(1194,1205,1195),(1205,1206,1195),(1195,1206,1196),(1206,1207,1196),(1196,1207,1197),(1207,1208,1197),(1197,1208,1198),(1208,1209,1198),(1198,1209,1199),(1209,1210,1199),(1200,1211,1201),(1211,1212,1201),(1201,1212,1202),(1212,1213,1202),(1202,1213,1203),(1213,1214,1203),(1203,1214,1204),(1214,1215,1204),(1204,1215,1205),(1215,1216,1205),(1205,1216,1206),(1216,1217,1206),(1206,1217,1207),(1217,1218,1207),(1207,1218,1208),(1218,1219,1208),(1208,1219,1209),(1219,1220,1209),(1209,1220,1210),(1220,1221,1210),(1211,1222,1212),(1222,1223,1212),(1212,1223,1213),(1223,1224,1213),(1213,1224,1214),(1224,1225,1214),(1214,1225,1215),(1225,1226,1215),(1215,1226,1216),(1226,1227,1216),(1216,1227,1217),(1227,1228,1217),(1217,1228,1218),(1228,1229,1218),(1218,1229,1219),(1229,1230,1219),(1219,1230,1220),(1230,1231,1220),(1220,1231,1221),(1231,1232,1221),(1222,1233,1223),(1233,1234,1223),(1223,1234,1224),(1234,1235,1224),(1224,1235,1225),(1235,1236,1225),(1225,1236,1226),(1236,1237,1226),(1226,1237,1227),(1237,1238,1227),(1227,1238,1228),(1238,1239,1228),(1228,1239,1229),(1239,1240,1229),(1229,1240,1230),(1240,1241,1230),(1230,1241,1231),(1241,1242,1231),(1231,1242,1232),(1242,1243,1232)),$);
#394=IFCSTYLEDITEM(#393,(#166),'conduit_msb_lp2');
#395=IFCCARTESIANPOINTLIST3D(((-1.65,2.5601,2.409),(-1.632688,2.564051,2.409),(-1.618805,2.575123,2.409),(-1.6111,2.591121,2.409),(-1.6111,2.608879,2.409),(-1.618805,2.624877,2.409),(-1.632688,2.635949,2.409),(-1.65,2.6399,2.409),(-1.667312,2.635949,2.409),(-1.681195,2.624877,2.409),(-1.6889,2.608879,2.409),(-1.6889,2.591121,2.409),(-1.681195,2.575123,2.409),(-1.667312,2.564051,2.409),(-1.65,2.5601,2.409),(-1.65,2.5601,2.379),(-1.632688,2.564051,2.379),(-1.618805,2.575123,2.379),(-1.6111,2.591121,2.379),(-1.6111,2.608879,2.379),(-1.618805,2.624877,2.379),(-1.632688,2.635949,2.379),(-1.65,2.6399,2.379),(-1.667312,2.635949,2.379),(-1.681195,2.624877,2.379),(-1.6889,2.608879,2.379),(-1.6889,2.591121,2.379),(-1.681195,2.575123,2.379),(-1.667312,2.564051,2.379),(-1.65,2.5601,2.379),(-1.65,2.6,2.409),(-1.65,2.6,2.409),(-1.65,2.6,2.409),(-1.65,2.6,2.409),(-1.65,2.6,2.409),(-1.65,2.6,2.409),(-1.65,2.6,2.409),(-1.65,2.6,2.409),(-1.65,2.6,2.409),(-1.65,2.6,2.409),(-1.65,2.6,2.409),(-1.65,2.6,2.409),(-1.65,2.6,2.409),(-1.65,2.6,2.409),(-1.65,2.5601,2.409),(-1.632688,2.564051,2.409),(-1.618805,2.575123,2.409),(-1.6111,2.591121,2.409),(-1.6111,2.608879,2.409),(-1.618805,2.624877,2.409),(-1.632688,2.635949,2.409),(-1.65,2.6399,2.409),(-1.667312,2.635949,2.409),(-1.681195,2.624877,2.409),(-1.6889,2.608879,2.409),(-1.6889,2.591121,2.409),(-1.681195,2.575123,2.409),(-1.667312,2.564051,2.409),(-1.65,2.5601,2.409),(-1.65,2.6,2.379),(-1.65,2.6,2.379),(-1.65,2.6,2.379),(-1.65,2.6,2.379),(-1.65,2.6,2.379),(-1.65,2.6,2.379),(-1.65,2.6,2.379),(-1.65,2.6,2.379),(-1.65,2.6,2.379),(-1.65,2.6,2.379),(-1.65,2.6,2.379),(-1.65,2.6,2.379),(-1.65,2.6,2.379),(-1.65,2.6,2.379),(-1.65,2.5601,2.379),(-1.632688,2.564051,2.379),(-1.618805,2.575123,2.379),(-1.6111,2.591121,2.379),(-1.6111,2.608879,2.379),(-1.618805,2.624877,2.379),(-1.632688,2.635949,2.379),(-1.65,2.6399,2.379),(-1.667312,2.635949,2.379),(-1.681195,2.624877,2.379),(-1.6889,2.608879,2.379),(-1.6889,2.591121,2.379),(-1.681195,2.575123,2.379),(-1.667312,2.564051,2.379),(-1.65,2.5601,2.379),(-4.38,-0.5899,2.023),(-4.362688,-0.585949,2.023),(-4.348805,-0.574877,2.023),(-4.3411,-0.558879,2.023),(-4.3411,-0.541121,2.023),(-4.348805,-0.525123,2.023),(-4.362688,-0.514051,2.023),(-4.38,-0.5101,2.023),(-4.397312,-0.514051,2.023),(-4.411195,-0.525123,2.023),(-4.4189,-0.541121,2.023),(-4.4189,-0.558879,2.023),(-4.411195,-0.574877,2.023),(-4.397312,-0.585949,2.023),(-4.38,-0.5899,2.023),(-4.38,-0.5899,1.993),(-4.362688,-0.585949,1.993),(-4.348805,-0.574877,1.993),(-4.3411,-0.558879,1.993),(-4.3411,-0.541121,1.993),(-4.348805,-0.525123,1.993),(-4.362688,-0.514051,1.993),(-4.38,-0.5101,1.993),(-4.397312,-0.514051,1.993),(-4.411195,-0.525123,1.993),(-4.4189,-0.541121,1.993),(-4.4189,-0.558879,1.993),(-4.411195,-0.574877,1.993),(-4.397312,-0.585949,1.993),(-4.38,-0.5899,1.993),(-4.38,-0.55,2.023),(-4.38,-0.55,2.023),(-4.38,-0.55,2.023),(-4.38,-0.55,2.023),(-4.38,-0.55,2.023),(-4.38,-0.55,2.023),(-4.38,-0.55,2.023),(-4.38,-0.55,2.023),(-4.38,-0.55,2.023),(-4.38,-0.55,2.023),(-4.38,-0.55,2.023),(-4.38,-0.55,2.023),(-4.38,-0.55,2.023),(-4.38,-0.55,2.023),(-4.38,-0.5899,2.023),(-4.362688,-0.585949,2.023),(-4.348805,-0.574877,2.023),(-4.3411,-0.558879,2.023),(-4.3411,-0.541121,2.023),(-4.348805,-0.525123,2.023),(-4.362688,-0.514051,2.023),(-4.38,-0.5101,2.023),(-4.397312,-0.514051,2.023),(-4.411195,-0.525123,2.023),(-4.4189,-0.541121,2.023),(-4.4189,-0.558879,2.023),(-4.411195,-0.574877,2.023),(-4.397312,-0.585949,2.023),(-4.38,-0.5899,2.023),(-4.38,-0.55,1.993),(-4.38,-0.55,1.993),(-4.38,-0.55,1.993),(-4.38,-0.55,1.993),(-4.38,-0.55,1.993),(-4.38,-0.55,1.993),(-4.38,-0.55,1.993),(-4.38,-0.55,1.993),(-4.38,-0.55,1.993),(-4.38,-0.55,1.993),(-4.38,-0.55,1.993),(-4.38,-0.55,1.993),(-4.38,-0.55,1.993),(-4.38,-0.55,1.993),(-4.38,-0.5899,1.993),(-4.362688,-0.585949,1.993),(-4.348805,-0.574877,1.993),(-4.3411,-0.558879,1.993),(-4.3411,-0.541121,1.993),(-4.348805,-0.525123,1.993),(-4.362688,-0.514051,1.993),(-4.38,-0.5101,1.993),(-4.397312,-0.514051,1.993),(-4.411195,-0.525123,1.993),(-4.4189,-0.541121,1.993),(-4.4189,-0.558879,1.993),(-4.411195,-0.574877,1.993),(-4.397312,-0.585949,1.993),(-4.38,-0.5899,1.993)));
#396=IFCTRIANGULATEDFACESET(#395,$,$,((1,16,2),(16,17,2),(2,17,3),(17,18,3),(3,18,4),(18,19,4),(4,19,5),(19,20,5),(5,20,6),(20,21,6),(6,21,7),(21,22,7),(7,22,8),(22,23,8),(8,23,9),(23,24,9),(9,24,10),(24,25,10),(10,25,11),(25,26,11),(11,26,12),(26,27,12),(12,27,13),(27,28,13),(13,28,14),(28,29,14),(14,29,15),(29,30,15),(45,46,31),(46,47,32),(47,48,33),(48,49,34),(49,50,35),(50,51,36),(51,52,37),(52,53,38),(53,54,39),(54,55,40),(55,56,41),(56,57,42),(57,58,43),(58,59,44),(75,74,60),(76,75,61),(77,76,62),(78,77,63),(79,78,64),(80,79,65),(81,80,66),(82,81,67),(83,82,68),(84,83,69),(85,84,70),(86,85,71),(87,86,72),(88,87,73),(89,104,90),(104,105,90),(90,105,91),(105,106,91),(91,106,92),(106,107,92),(92,107,93),(107,108,93),(93,108,94),(108,109,94),(94,109,95),(109,110,95),(95,110,96),(110,111,96),(96,111,97),(111,112,97),(97,112,98),(112,113,98),(98,113,99),(113,114,99),(99,114,100),(114,115,100),(100,115,101),(115,116,101),(101,116,102),(116,117,102),(102,117,103),(117,118,103),(133,134,119),(134,135,120),(135,136,121),(136,137,122),(137,138,123),(138,139,124),(139,140,125),(140,141,126),(141,142,127),(142,143,128),(143,144,129),(144,145,130),(145,146,131),(146,147,132),(163,162,148),(164,163,149),(165,164,150),(166,165,151),(167,166,152),(168,167,153),(169,168,154),(170,169,155),(171,170,156),(172,171,157),(173,172,158),(174,173,159),(175,174,160),(176,175,161)),$);
#397=IFCSTYLEDITEM(#396,(#166),'conduit_msb_lp2_hubs');
#398=IFCCARTESIANPOINTLIST3D(((-0.85,2.565,2.386),(-0.870573,2.571684,2.386),(-0.883287,2.589185,2.386),(-0.883287,2.610816,2.386),(-0.870573,2.628316,2.386),(-0.85,2.635,2.386),(-0.829428,2.628316,2.386),(-0.816713,2.610816,2.386),(-0.816713,2.589185,2.386),(-0.829428,2.571684,2.386),(-0.85,2.565,2.386),(-0.85,2.565,2.457009),(-0.870573,2.571684,2.457009),(-0.883287,2.589185,2.457009),(-0.883287,2.610816,2.457009),(-0.870573,2.628316,2.457009),(-0.85,2.635,2.457009),(-0.829428,2.628316,2.457009),(-0.816713,2.610816,2.457009),(-0.816713,2.589185,2.457009),(-0.829428,2.571684,2.457009),(-0.85,2.565,2.457009),(-0.85,2.565,2.528018),(-0.870573,2.571684,2.528018),(-0.883287,2.589185,2.528018),(-0.883287,2.610816,2.528018),(-0.870573,2.628316,2.528018),(-0.85,2.635,2.528018),(-0.829428,2.628316,2.528018),(-0.816713,2.610816,2.528018),(-0.816713,2.589185,2.528018),(-0.829428,2.571684,2.528018),(-0.85,2.565,2.528018),(-0.85,2.565,2.599027),(-0.870573,2.571684,2.599027),(-0.883287,2.589185,2.599027),(-0.883287,2.610816,2.599027),(-0.870573,2.628316,2.599027),(-0.85,2.635,2.599027),(-0.829428,2.628316,2.599027),(-0.816713,2.610816,2.599027),(-0.816713,2.589185,2.599027),(-0.829428,2.571684,2.599027),(-0.85,2.565,2.599027),(-0.85,2.565,2.670037),(-0.870573,2.571684,2.670037),(-0.883287,2.589185,2.670037),(-0.883287,2.610816,2.670037),(-0.870573,2.628316,2.670037),(-0.85,2.635,2.670037),(-0.829428,2.628316,2.670037),(-0.816713,2.610816,2.670037),(-0.816713,2.589185,2.670037),(-0.829428,2.571684,2.670037),(-0.85,2.565,2.670037),(-0.85,2.565,2.741046),(-0.870573,2.571684,2.741046),(-0.883287,2.589185,2.741046),(-0.883287,2.610816,2.741046),(-0.870573,2.628316,2.741046),(-0.85,2.635,2.741046),(-0.829428,2.628316,2.741046),(-0.816713,2.610816,2.741046),(-0.816713,2.589185,2.741046),(-0.829428,2.571684,2.741046),(-0.85,2.565,2.741046),(-0.85,2.565,2.812055),(-0.870573,2.571684,2.812055),(-0.883287,2.589185,2.812055),(-0.883287,2.610816,2.812055),(-0.870573,2.628316,2.812055),(-0.85,2.635,2.812055),(-0.829428,2.628316,2.812055),(-0.816713,2.610816,2.812055),(-0.816713,2.589185,2.812055),(-0.829428,2.571684,2.812055),(-0.85,2.565,2.812055),(-0.85,2.568161,2.887446),(-0.870573,2.574791,2.88659),(-0.883287,2.592147,2.884349),(-0.883287,2.6136,2.881579),(-0.870573,2.630956,2.879339),(-0.85,2.637585,2.878482),(-0.829428,2.630956,2.879339),(-0.816713,2.6136,2.881579),(-0.816713,2.592147,2.884349),(-0.829428,2.574791,2.88659),(-0.85,2.568161,2.887446),(-0.85,2.58657,2.963792),(-0.870573,2.592857,2.961521),(-0.883287,2.609316,2.955576),(-0.883287,2.629661,2.948227),(-0.870573,2.64612,2.942282),(-0.85,2.652407,2.940011),(-0.829428,2.64612,2.942282),(-0.816713,2.629661,2.948227),(-0.816713,2.609316,2.955576),(-0.829428,2.592857,2.961521),(-0.85,2.58657,2.963792),(-0.85,2.621063,3.034218),(-0.870573,2.626721,3.030659),(-0.883287,2.641534,3.021342),(-0.883287,2.659845,3.009825),(-0.870573,2.674659,3.000508),(-0.85,2.680317,2.996949),(-0.829428,2.674659,3.000508),(-0.816713,2.659845,3.009825),(-0.816713,2.641534,3.021342),(-0.829428,2.626721,3.030659),(-0.85,2.621063,3.034218),(-0.849239,2.664321,3.094095),(-0.869765,2.670622,3.09147),(-0.882496,2.685213,3.081829),(-0.882568,2.702521,3.068856),(-0.869955,2.715936,3.057504),(-0.849473,2.720333,3.052111),(-0.828947,2.714032,3.054736),(-0.816216,2.699441,3.064376),(-0.816144,2.682133,3.07735),(-0.828758,2.668718,3.088702),(-0.849239,2.664321,3.094095),(-0.824191,2.703572,3.146428),(-0.839375,2.717212,3.15359),(-0.848793,2.736355,3.150019),(-0.848846,2.75369,3.13708),(-0.839515,2.762594,3.119714),(-0.824364,2.759666,3.104556),(-0.80918,2.746026,3.097394),(-0.799763,2.726883,3.100965),(-0.799709,2.709548,3.113904),(-0.80904,2.700644,3.13127),(-0.824191,2.703572,3.146428),(-0.760749,2.721123,3.16983),(-0.763259,2.73868,3.182214),(-0.764816,2.760252,3.181882),(-0.764825,2.7776,3.168961),(-0.763283,2.784098,3.148386),(-0.760778,2.777262,3.128017),(-0.758267,2.759705,3.115633),(-0.75671,2.738133,3.115965),(-0.756701,2.720785,3.128886),(-0.758244,2.714288,3.149461),(-0.760749,2.721123,3.16983),(-0.689755,2.72193,3.170906),(-0.689755,2.739579,3.183413),(-0.689755,2.761209,3.183157),(-0.689755,2.778557,3.170236),(-0.689755,2.784997,3.149586),(-0.689755,2.77807,3.129094),(-0.689755,2.760421,3.116587),(-0.689755,2.738791,3.116843),(-0.689755,2.721443,3.129764),(-0.689755,2.715003,3.150414),(-0.689755,2.72193,3.170906),(-0.618746,2.72193,3.170906),(-0.618746,2.739579,3.183413),(-0.618746,2.761209,3.183157),(-0.618746,2.778557,3.170236),(-0.618746,2.784997,3.149586),(-0.618746,2.77807,3.129094),(-0.618746,2.760421,3.116587),(-0.618746,2.738791,3.116843),(-0.618746,2.721443,3.129764),(-0.618746,2.715003,3.150414),(-0.618746,2.72193,3.170906),(-0.547736,2.72193,3.170906),(-0.547736,2.739579,3.183413),(-0.547736,2.761209,3.183157),(-0.547736,2.778557,3.170236),(-0.547736,2.784997,3.149586),(-0.547736,2.77807,3.129094),(-0.547736,2.760421,3.116587),(-0.547736,2.738791,3.116843),(-0.547736,2.721443,3.129764),(-0.547736,2.715003,3.150414),(-0.547736,2.72193,3.170906),(-0.476727,2.72193,3.170906),(-0.476727,2.739579,3.183413),(-0.476727,2.761209,3.183157),(-0.476727,2.778557,3.170236),(-0.476727,2.784997,3.149586),(-0.476727,2.77807,3.129094),(-0.476727,2.760421,3.116587),(-0.476727,2.738791,3.116843),(-0.476727,2.721443,3.129764),(-0.476727,2.715003,3.150414),(-0.476727,2.72193,3.170906),(-0.405718,2.72193,3.170906),(-0.405718,2.739579,3.183413),(-0.405718,2.761209,3.183157),(-0.405718,2.778557,3.170236),(-0.405718,2.784997,3.149586),(-0.405718,2.77807,3.129094),(-0.405718,2.760421,3.116587),(-0.405718,2.738791,3.116843),(-0.405718,2.721443,3.129764),(-0.405718,2.715003,3.150414),(-0.405718,2.72193,3.170906),(-0.334709,2.72193,3.170906),(-0.334709,2.739579,3.183413),(-0.334709,2.761209,3.183157),(-0.334709,2.778557,3.170236),(-0.334709,2.784997,3.149586),(-0.334709,2.77807,3.129094),(-0.334709,2.760421,3.116587),(-0.334709,2.738791,3.116843),(-0.334709,2.721443,3.129764),(-0.334709,2.715003,3.150414),(-0.334709,2.72193,3.170906),(-0.2637,2.72193,3.170906),(-0.2637,2.739579,3.183413),(-0.2637,2.761209,3.183157),(-0.2637,2.778557,3.170236),(-0.2637,2.784997,3.149586),(-0.2637,2.77807,3.129094),(-0.2637,2.760421,3.116587),(-0.2637,2.738791,3.116843),(-0.2637,2.721443,3.129764),(-0.2637,2.715003,3.150414),(-0.2637,2.72193,3.170906),(-0.192691,2.72193,3.170906),(-0.192691,2.739579,3.183413),(-0.192691,2.761209,3.183157),(-0.192691,2.778557,3.170236),(-0.192691,2.784997,3.149586),(-0.192691,2.77807,3.129094),(-0.192691,2.760421,3.116587),(-0.192691,2.738791,3.116843),(-0.192691,2.721443,3.129764),(-0.192691,2.715003,3.150414),(-0.192691,2.72193,3.170906),(-0.121681,2.72193,3.170906),(-0.121681,2.739579,3.183413),(-0.121681,2.761209,3.183157),(-0.121681,2.778557,3.170236),(-0.121681,2.784997,3.149586),(-0.121681,2.77807,3.129094),(-0.121681,2.760421,3.116587),(-0.121681,2.738791,3.116843),(-0.121681,2.721443,3.129764),(-0.121681,2.715003,3.150414),(-0.121681,2.72193,3.170906),(-0.050672,2.72193,3.170906),(-0.050672,2.739579,3.183413),(-0.050672,2.761209,3.183157),(-0.050672,2.778557,3.170236),(-0.050672,2.784997,3.149586),(-0.050672,2.77807,3.129094),(-0.050672,2.760421,3.116587),(-0.050672,2.738791,3.116843),(-0.050672,2.721443,3.129764),(-0.050672,2.715003,3.150414),(-0.050672,2.72193,3.170906),(0.020337,2.72193,3.170906),(0.020337,2.739579,3.183413),(0.020337,2.761209,3.183157),(0.020337,2.778557,3.170236),(0.020337,2.784997,3.149586),(0.020337,2.77807,3.129094),(0.020337,2.760421,3.116587),(0.020337,2.738791,3.116843),(0.020337,2.721443,3.129764),(0.020337,2.715003,3.150414),(0.020337,2.72193,3.170906),(0.091346,2.72193,3.170906),(0.091346,2.739579,3.183413),(0.091346,2.761209,3.183157),(0.091346,2.778557,3.170236),(0.091346,2.784997,3.149586),(0.091346,2.77807,3.129094),(0.091346,2.760421,3.116587),(0.091346,2.738791,3.116843),(0.091346,2.721443,3.129764),(0.091346,2.715003,3.150414),(0.091346,2.72193,3.170906),(0.162355,2.72193,3.170906),(0.162355,2.739579,3.183413),(0.162355,2.761209,3.183157),(0.162355,2.778557,3.170236),(0.162355,2.784997,3.149586),(0.162355,2.77807,3.129094),(0.162355,2.760421,3.116587),(0.162355,2.738791,3.116843),(0.162355,2.721443,3.129764),(0.162355,2.715003,3.150414),(0.162355,2.72193,3.170906),(0.233364,2.72193,3.170906),(0.233364,2.739579,3.183413),(0.233364,2.761209,3.183157),(0.233364,2.778557,3.170236),(0.233364,2.784997,3.149586),(0.233364,2.77807,3.129094),(0.233364,2.760421,3.116587),(0.233364,2.738791,3.116843),(0.233364,2.721443,3.129764),(0.233364,2.715003,3.150414),(0.233364,2.72193,3.170906),(0.304373,2.72193,3.170906),(0.304373,2.739579,3.183413),(0.304373,2.761209,3.183157),(0.304373,2.778557,3.170236),(0.304373,2.784997,3.149586),(0.304373,2.77807,3.129094),(0.304373,2.760421,3.116587),(0.304373,2.738791,3.116843),(0.304373,2.721443,3.129764),(0.304373,2.715003,3.150414),(0.304373,2.72193,3.170906),(0.375383,2.72193,3.170906),(0.375383,2.739579,3.183413),(0.375383,2.761209,3.183157),(0.375383,2.778557,3.170236),(0.375383,2.784997,3.149586),(0.375383,2.77807,3.129094),(0.375383,2.760421,3.116587),(0.375383,2.738791,3.116843),(0.375383,2.721443,3.129764),(0.375383,2.715003,3.150414),(0.375383,2.72193,3.170906),(0.446392,2.72193,3.170906),(0.446392,2.739579,3.183413),(0.446392,2.761209,3.183157),(0.446392,2.778557,3.170236),(0.446392,2.784997,3.149586),(0.446392,2.77807,3.129094),(0.446392,2.760421,3.116587),(0.446392,2.738791,3.116843),(0.446392,2.721443,3.129764),(0.446392,2.715003,3.150414),(0.446392,2.72193,3.170906),(0.517401,2.72193,3.170906),(0.517401,2.739579,3.183413),(0.517401,2.761209,3.183157),(0.517401,2.778557,3.170236),(0.517401,2.784997,3.149586),(0.517401,2.77807,3.129094),(0.517401,2.760421,3.116587),(0.517401,2.738791,3.116843),(0.517401,2.721443,3.129764),(0.517401,2.715003,3.150414),(0.517401,2.72193,3.170906),(0.58841,2.72193,3.170906),(0.58841,2.739579,3.183413),(0.58841,2.761209,3.183157),(0.58841,2.778557,3.170236),(0.58841,2.784997,3.149586),(0.58841,2.77807,3.129094),(0.58841,2.760421,3.116587),(0.58841,2.738791,3.116843),(0.58841,2.721443,3.129764),(0.58841,2.715003,3.150414),(0.58841,2.72193,3.170906),(0.659419,2.72193,3.170906),(0.659419,2.739579,3.183413),(0.659419,2.761209,3.183157),(0.659419,2.778557,3.170236),(0.659419,2.784997,3.149586),(0.659419,2.77807,3.129094),(0.659419,2.760421,3.116587),(0.659419,2.738791,3.116843),(0.659419,2.721443,3.129764),(0.659419,2.715003,3.150414),(0.659419,2.72193,3.170906),(0.730428,2.72193,3.170906),(0.730428,2.739579,3.183413),(0.730428,2.761209,3.183157),(0.730428,2.778557,3.170236),(0.730428,2.784997,3.149586),(0.730428,2.77807,3.129094),(0.730428,2.760421,3.116587),(0.730428,2.738791,3.116843),(0.730428,2.721443,3.129764),(0.730428,2.715003,3.150414),(0.730428,2.72193,3.170906),(0.801437,2.72193,3.170906),(0.801437,2.739579,3.183413),(0.801437,2.761209,3.183157),(0.801437,2.778557,3.170236),(0.801437,2.784997,3.149586),(0.801437,2.77807,3.129094),(0.801437,2.760421,3.116587),(0.801437,2.738791,3.116843),(0.801437,2.721443,3.129764),(0.801437,2.715003,3.150414),(0.801437,2.72193,3.170906),(0.872447,2.72193,3.170906),(0.872447,2.739579,3.183413),(0.872447,2.761209,3.183157),(0.872447,2.778557,3.170236),(0.872447,2.784997,3.149586),(0.872447,2.77807,3.129094),(0.872447,2.760421,3.116587),(0.872447,2.738791,3.116843),(0.872447,2.721443,3.129764),(0.872447,2.715003,3.150414),(0.872447,2.72193,3.170906),(0.943456,2.72193,3.170906),(0.943456,2.739579,3.183413),(0.943456,2.761209,3.183157),(0.943456,2.778557,3.170236),(0.943456,2.784997,3.149586),(0.943456,2.77807,3.129094),(0.943456,2.760421,3.116587),(0.943456,2.738791,3.116843),(0.943456,2.721443,3.129764),(0.943456,2.715003,3.150414),(0.943456,2.72193,3.170906),(1.014465,2.72193,3.170906),(1.014465,2.739579,3.183413),(1.014465,2.761209,3.183157),(1.014465,2.778557,3.170236),(1.014465,2.784997,3.149586),(1.014465,2.77807,3.129094),(1.014465,2.760421,3.116587),(1.014465,2.738791,3.116843),(1.014465,2.721443,3.129764),(1.014465,2.715003,3.150414),(1.014465,2.72193,3.170906),(1.085474,2.72193,3.170906),(1.085474,2.739579,3.183413),(1.085474,2.761209,3.183157),(1.085474,2.778557,3.170236),(1.085474,2.784997,3.149586),(1.085474,2.77807,3.129094),(1.085474,2.760421,3.116587),(1.085474,2.738791,3.116843),(1.085474,2.721443,3.129764),(1.085474,2.715003,3.150414),(1.085474,2.72193,3.170906),(1.156483,2.72193,3.170906),(1.156483,2.739579,3.183413),(1.156483,2.761209,3.183157),(1.156483,2.778557,3.170236),(1.156483,2.784997,3.149586),(1.156483,2.77807,3.129094),(1.156483,2.760421,3.116587),(1.156483,2.738791,3.116843),(1.156483,2.721443,3.129764),(1.156483,2.715003,3.150414),(1.156483,2.72193,3.170906),(1.227492,2.72193,3.170906),(1.227492,2.739579,3.183413),(1.227492,2.761209,3.183157),(1.227492,2.778557,3.170236),(1.227492,2.784997,3.149586),(1.227492,2.77807,3.129094),(1.227492,2.760421,3.116587),(1.227492,2.738791,3.116843),(1.227492,2.721443,3.129764),(1.227492,2.715003,3.150414),(1.227492,2.72193,3.170906),(1.298502,2.72193,3.170906),(1.298502,2.739579,3.183413),(1.298502,2.761209,3.183157),(1.298502,2.778557,3.170236),(1.298502,2.784997,3.149586),(1.298502,2.77807,3.129094),(1.298502,2.760421,3.116587),(1.298502,2.738791,3.116843),(1.298502,2.721443,3.129764),(1.298502,2.715003,3.150414),(1.298502,2.72193,3.170906),(1.369511,2.72193,3.170906),(1.369511,2.739579,3.183413),(1.369511,2.761209,3.183157),(1.369511,2.778557,3.170236),(1.369511,2.784997,3.149586),(1.369511,2.77807,3.129094),(1.369511,2.760421,3.116587),(1.369511,2.738791,3.116843),(1.369511,2.721443,3.129764),(1.369511,2.715003,3.150414),(1.369511,2.72193,3.170906),(1.44052,2.72193,3.170906),(1.44052,2.739579,3.183413),(1.44052,2.761209,3.183157),(1.44052,2.778557,3.170236),(1.44052,2.784997,3.149586),(1.44052,2.77807,3.129094),(1.44052,2.760421,3.116587),(1.44052,2.738791,3.116843),(1.44052,2.721443,3.129764),(1.44052,2.715003,3.150414),(1.44052,2.72193,3.170906),(1.511529,2.72193,3.170906),(1.511529,2.739579,3.183413),(1.511529,2.761209,3.183157),(1.511529,2.778557,3.170236),(1.511529,2.784997,3.149586),(1.511529,2.77807,3.129094),(1.511529,2.760421,3.116587),(1.511529,2.738791,3.116843),(1.511529,2.721443,3.129764),(1.511529,2.715003,3.150414),(1.511529,2.72193,3.170906),(1.582538,2.72193,3.170906),(1.582538,2.739579,3.183413),(1.582538,2.761209,3.183157),(1.582538,2.778557,3.170236),(1.582538,2.784997,3.149586),(1.582538,2.77807,3.129094),(1.582538,2.760421,3.116587),(1.582538,2.738791,3.116843),(1.582538,2.721443,3.129764),(1.582538,2.715003,3.150414),(1.582538,2.72193,3.170906),(1.653547,2.72193,3.170906),(1.653547,2.739579,3.183413),(1.653547,2.761209,3.183157),(1.653547,2.778557,3.170236),(1.653547,2.784997,3.149586),(1.653547,2.77807,3.129094),(1.653547,2.760421,3.116587),(1.653547,2.738791,3.116843),(1.653547,2.721443,3.129764),(1.653547,2.715003,3.150414),(1.653547,2.72193,3.170906),(1.724557,2.72193,3.170906),(1.724557,2.739579,3.183413),(1.724557,2.761209,3.183157),(1.724557,2.778557,3.170236),(1.724557,2.784997,3.149586),(1.724557,2.77807,3.129094),(1.724557,2.760421,3.116587),(1.724557,2.738791,3.116843),(1.724557,2.721443,3.129764),(1.724557,2.715003,3.150414),(1.724557,2.72193,3.170906),(1.795566,2.72193,3.170906),(1.795566,2.739579,3.183413),(1.795566,2.761209,3.183157),(1.795566,2.778557,3.170236),(1.795566,2.784997,3.149586),(1.795566,2.77807,3.129094),(1.795566,2.760421,3.116587),(1.795566,2.738791,3.116843),(1.795566,2.721443,3.129764),(1.795566,2.715003,3.150414),(1.795566,2.72193,3.170906),(1.866575,2.72193,3.170906),(1.866575,2.739579,3.183413),(1.866575,2.761209,3.183157),(1.866575,2.778557,3.170236),(1.866575,2.784997,3.149586),(1.866575,2.77807,3.129094),(1.866575,2.760421,3.116587),(1.866575,2.738791,3.116843),(1.866575,2.721443,3.129764),(1.866575,2.715003,3.150414),(1.866575,2.72193,3.170906),(1.937584,2.72193,3.170906),(1.937584,2.739579,3.183413),(1.937584,2.761209,3.183157),(1.937584,2.778557,3.170236),(1.937584,2.784997,3.149586),(1.937584,2.77807,3.129094),(1.937584,2.760421,3.116587),(1.937584,2.738791,3.116843),(1.937584,2.721443,3.129764),(1.937584,2.715003,3.150414),(1.937584,2.72193,3.170906),(2.008593,2.72193,3.170906),(2.008593,2.739579,3.183413),(2.008593,2.761209,3.183157),(2.008593,2.778557,3.170236),(2.008593,2.784997,3.149586),(2.008593,2.77807,3.129094),(2.008593,2.760421,3.116587),(2.008593,2.738791,3.116843),(2.008593,2.721443,3.129764),(2.008593,2.715003,3.150414),(2.008593,2.72193,3.170906),(2.079602,2.72193,3.170906),(2.079602,2.739579,3.183413),(2.079602,2.761209,3.183157),(2.079602,2.778557,3.170236),(2.079602,2.784997,3.149586),(2.079602,2.77807,3.129094),(2.079602,2.760421,3.116587),(2.079602,2.738791,3.116843),(2.079602,2.721443,3.129764),(2.079602,2.715003,3.150414),(2.079602,2.72193,3.170906),(2.150611,2.72193,3.170906),(2.150611,2.739579,3.183413),(2.150611,2.761209,3.183157),(2.150611,2.778557,3.170236),(2.150611,2.784997,3.149586),(2.150611,2.77807,3.129094),(2.150611,2.760421,3.116587),(2.150611,2.738791,3.116843),(2.150611,2.721443,3.129764),(2.150611,2.715003,3.150414),(2.150611,2.72193,3.170906),(2.221621,2.72193,3.170906),(2.221621,2.739579,3.183413),(2.221621,2.761209,3.183157),(2.221621,2.778557,3.170236),(2.221621,2.784997,3.149586),(2.221621,2.77807,3.129094),(2.221621,2.760421,3.116587),(2.221621,2.738791,3.116843),(2.221621,2.721443,3.129764),(2.221621,2.715003,3.150414),(2.221621,2.72193,3.170906),(2.29263,2.72193,3.170906),(2.29263,2.739579,3.183413),(2.29263,2.761209,3.183157),(2.29263,2.778557,3.170236),(2.29263,2.784997,3.149586),(2.29263,2.77807,3.129094),(2.29263,2.760421,3.116587),(2.29263,2.738791,3.116843),(2.29263,2.721443,3.129764),(2.29263,2.715003,3.150414),(2.29263,2.72193,3.170906),(2.363639,2.72193,3.170906),(2.363639,2.739579,3.183413),(2.363639,2.761209,3.183157),(2.363639,2.778557,3.170236),(2.363639,2.784997,3.149586),(2.363639,2.77807,3.129094),(2.363639,2.760421,3.116587),(2.363639,2.738791,3.116843),(2.363639,2.721443,3.129764),(2.363639,2.715003,3.150414),(2.363639,2.72193,3.170906),(2.434648,2.72193,3.170906),(2.434648,2.739579,3.183413),(2.434648,2.761209,3.183157),(2.434648,2.778557,3.170236),(2.434648,2.784997,3.149586),(2.434648,2.77807,3.129094),(2.434648,2.760421,3.116587),(2.434648,2.738791,3.116843),(2.434648,2.721443,3.129764),(2.434648,2.715003,3.150414),(2.434648,2.72193,3.170906),(2.505657,2.72193,3.170906),(2.505657,2.739579,3.183413),(2.505657,2.761209,3.183157),(2.505657,2.778557,3.170236),(2.505657,2.784997,3.149586),(2.505657,2.77807,3.129094),(2.505657,2.760421,3.116587),(2.505657,2.738791,3.116843),(2.505657,2.721443,3.129764),(2.505657,2.715003,3.150414),(2.505657,2.72193,3.170906),(2.576666,2.72193,3.170906),(2.576666,2.739579,3.183413),(2.576666,2.761209,3.183157),(2.576666,2.778557,3.170236),(2.576666,2.784997,3.149586),(2.576666,2.77807,3.129094),(2.576666,2.760421,3.116587),(2.576666,2.738791,3.116843),(2.576666,2.721443,3.129764),(2.576666,2.715003,3.150414),(2.576666,2.72193,3.170906),(2.647676,2.72193,3.170906),(2.647676,2.739579,3.183413),(2.647676,2.761209,3.183157),(2.647676,2.778557,3.170236),(2.647676,2.784997,3.149586),(2.647676,2.77807,3.129094),(2.647676,2.760421,3.116587),(2.647676,2.738791,3.116843),(2.647676,2.721443,3.129764),(2.647676,2.715003,3.150414),(2.647676,2.72193,3.170906),(2.718685,2.72193,3.170906),(2.718685,2.739579,3.183413),(2.718685,2.761209,3.183157),(2.718685,2.778557,3.170236),(2.718685,2.784997,3.149586),(2.718685,2.77807,3.129094),(2.718685,2.760421,3.116587),(2.718685,2.738791,3.116843),(2.718685,2.721443,3.129764),(2.718685,2.715003,3.150414),(2.718685,2.72193,3.170906),(2.789694,2.72193,3.170906),(2.789694,2.739579,3.183413),(2.789694,2.761209,3.183157),(2.789694,2.778557,3.170236),(2.789694,2.784997,3.149586),(2.789694,2.77807,3.129094),(2.789694,2.760421,3.116587),(2.789694,2.738791,3.116843),(2.789694,2.721443,3.129764),(2.789694,2.715003,3.150414),(2.789694,2.72193,3.170906),(2.860703,2.72193,3.170906),(2.860703,2.739579,3.183413),(2.860703,2.761209,3.183157),(2.860703,2.778557,3.170236),(2.860703,2.784997,3.149586),(2.860703,2.77807,3.129094),(2.860703,2.760421,3.116587),(2.860703,2.738791,3.116843),(2.860703,2.721443,3.129764),(2.860703,2.715003,3.150414),(2.860703,2.72193,3.170906),(2.931712,2.72193,3.170906),(2.931712,2.739579,3.183413),(2.931712,2.761209,3.183157),(2.931712,2.778557,3.170236),(2.931712,2.784997,3.149586),(2.931712,2.77807,3.129094),(2.931712,2.760421,3.116587),(2.931712,2.738791,3.116843),(2.931712,2.721443,3.129764),(2.931712,2.715003,3.150414),(2.931712,2.72193,3.170906),(3.002721,2.72193,3.170906),(3.002721,2.739579,3.183413),(3.002721,2.761209,3.183157),(3.002721,2.778557,3.170236),(3.002721,2.784997,3.149586),(3.002721,2.77807,3.129094),(3.002721,2.760421,3.116587),(3.002721,2.738791,3.116843),(3.002721,2.721443,3.129764),(3.002721,2.715003,3.150414),(3.002721,2.72193,3.170906),(3.07373,2.72193,3.170906),(3.07373,2.739579,3.183413),(3.07373,2.761209,3.183157),(3.07373,2.778557,3.170236),(3.07373,2.784997,3.149586),(3.07373,2.77807,3.129094),(3.07373,2.760421,3.116587),(3.07373,2.738791,3.116843),(3.07373,2.721443,3.129764),(3.07373,2.715003,3.150414),(3.07373,2.72193,3.170906),(3.14474,2.72193,3.170906),(3.14474,2.739579,3.183413),(3.14474,2.761209,3.183157),(3.14474,2.778557,3.170236),(3.14474,2.784997,3.149586),(3.14474,2.77807,3.129094),(3.14474,2.760421,3.116587),(3.14474,2.738791,3.116843),(3.14474,2.721443,3.129764),(3.14474,2.715003,3.150414),(3.14474,2.72193,3.170906),(3.215749,2.72193,3.170906),(3.215749,2.739579,3.183413),(3.215749,2.761209,3.183157),(3.215749,2.778557,3.170236),(3.215749,2.784997,3.149586),(3.215749,2.77807,3.129094),(3.215749,2.760421,3.116587),(3.215749,2.738791,3.116843),(3.215749,2.721443,3.129764),(3.215749,2.715003,3.150414),(3.215749,2.72193,3.170906),(3.286758,2.72193,3.170906),(3.286758,2.739579,3.183413),(3.286758,2.761209,3.183157),(3.286758,2.778557,3.170236),(3.286758,2.784997,3.149586),(3.286758,2.77807,3.129094),(3.286758,2.760421,3.116587),(3.286758,2.738791,3.116843),(3.286758,2.721443,3.129764),(3.286758,2.715003,3.150414),(3.286758,2.72193,3.170906),(3.357767,2.72193,3.170906),(3.357767,2.739579,3.183413),(3.357767,2.761209,3.183157),(3.357767,2.778557,3.170236),(3.357767,2.784997,3.149586),(3.357767,2.77807,3.129094),(3.357767,2.760421,3.116587),(3.357767,2.738791,3.116843),(3.357767,2.721443,3.129764),(3.357767,2.715003,3.150414),(3.357767,2.72193,3.170906),(3.428776,2.72193,3.170906),(3.428776,2.739579,3.183413),(3.428776,2.761209,3.183157),(3.428776,2.778557,3.170236),(3.428776,2.784997,3.149586),(3.428776,2.77807,3.129094),(3.428776,2.760421,3.116587),(3.428776,2.738791,3.116843),(3.428776,2.721443,3.129764),(3.428776,2.715003,3.150414),(3.428776,2.72193,3.170906),(3.499785,2.72193,3.170906),(3.499785,2.739579,3.183413),(3.499785,2.761209,3.183157),(3.499785,2.778557,3.170236),(3.499785,2.784997,3.149586),(3.499785,2.77807,3.129094),(3.499785,2.760421,3.116587),(3.499785,2.738791,3.116843),(3.499785,2.721443,3.129764),(3.499785,2.715003,3.150414),(3.499785,2.72193,3.170906),(3.570795,2.72193,3.170906),(3.570795,2.739579,3.183413),(3.570795,2.761209,3.183157),(3.570795,2.778557,3.170236),(3.570795,2.784997,3.149586),(3.570795,2.77807,3.129094),(3.570795,2.760421,3.116587),(3.570795,2.738791,3.116843),(3.570795,2.721443,3.129764),(3.570795,2.715003,3.150414),(3.570795,2.72193,3.170906),(3.641804,2.72193,3.170906),(3.641804,2.739579,3.183413),(3.641804,2.761209,3.183157),(3.641804,2.778557,3.170236),(3.641804,2.784997,3.149586),(3.641804,2.77807,3.129094),(3.641804,2.760421,3.116587),(3.641804,2.738791,3.116843),(3.641804,2.721443,3.129764),(3.641804,2.715003,3.150414),(3.641804,2.72193,3.170906),(3.712813,2.72193,3.170906),(3.712813,2.739579,3.183413),(3.712813,2.761209,3.183157),(3.712813,2.778557,3.170236),(3.712813,2.784997,3.149586),(3.712813,2.77807,3.129094),(3.712813,2.760421,3.116587),(3.712813,2.738791,3.116843),(3.712813,2.721443,3.129764),(3.712813,2.715003,3.150414),(3.712813,2.72193,3.170906),(3.780289,2.719592,3.170906),(3.782459,2.737107,3.183413),(3.785118,2.758573,3.183157),(3.787251,2.775789,3.170236),(3.788043,2.782181,3.149586),(3.787191,2.775306,3.129094),(3.785021,2.757791,3.116587),(3.782362,2.736326,3.116843),(3.78023,2.719109,3.129764),(3.779438,2.712717,3.150414),(3.780289,2.719592,3.170906),(3.840255,2.703419,3.170906),(3.84769,2.719426,3.183413),(3.856801,2.739043,3.183157),(3.864108,2.754778,3.170236),(3.866821,2.760619,3.149586),(3.863904,2.754336,3.129094),(3.856469,2.738329,3.116587),(3.847358,2.718712,3.116843),(3.84005,2.702978,3.129764),(3.837337,2.697137,3.150414),(3.840255,2.703419,3.170906),(3.886176,2.668176,3.170906),(3.899897,2.679277,3.183413),(3.916712,2.692882,3.183157),(3.930199,2.703793,3.170236),(3.935206,2.707844,3.149586),(3.929821,2.703487,3.129094),(3.9161,2.692386,3.116587),(3.899285,2.678782,3.116843),(3.885798,2.66787,3.129764),(3.88079,2.663819,3.150414),(3.886176,2.668176,3.170906),(3.912712,2.614995,3.170906),(3.929689,2.61982,3.183413),(3.950495,2.625734,3.183157),(3.967182,2.630477,3.170236),(3.973377,2.632238,3.149586),(3.966714,2.630344,3.129094),(3.949737,2.625519,3.116587),(3.928932,2.619605,3.116843),(3.912244,2.614862,3.129764),(3.906049,2.613101,3.150414),(3.912712,2.614995,3.170906),(3.921751,2.551629,3.170906),(3.939392,2.552179,3.183413),(3.961011,2.552853,3.183157),(3.978351,2.553393,3.170236),(3.984789,2.553594,3.149586),(3.977865,2.553378,3.129094),(3.960224,2.552828,3.116587),(3.938605,2.552154,3.116843),(3.921265,2.551614,3.129764),(3.914828,2.551413,3.150414),(3.921751,2.551629,3.170906),(3.92193,2.481493,3.170906),(3.939579,2.481493,3.183413),(3.961209,2.481493,3.183157),(3.978557,2.481493,3.170236),(3.984998,2.481493,3.149586),(3.97807,2.481493,3.129094),(3.960421,2.481493,3.116587),(3.938792,2.481493,3.116843),(3.921443,2.481493,3.129764),(3.915002,2.481493,3.150414),(3.92193,2.481493,3.170906),(3.92193,2.410484,3.170906),(3.939579,2.410484,3.183413),(3.961209,2.410484,3.183157),(3.978557,2.410484,3.170236),(3.984998,2.410484,3.149586),(3.97807,2.410484,3.129094),(3.960421,2.410484,3.116587),(3.938792,2.410484,3.116843),(3.921443,2.410484,3.129764),(3.915002,2.410484,3.150414),(3.92193,2.410484,3.170906),(3.92193,2.339475,3.170906),(3.939579,2.339475,3.183413),(3.961209,2.339475,3.183157),(3.978557,2.339475,3.170236),(3.984998,2.339475,3.149586),(3.97807,2.339475,3.129094),(3.960421,2.339475,3.116587),(3.938792,2.339475,3.116843),(3.921443,2.339475,3.129764),(3.915002,2.339475,3.150414),(3.92193,2.339475,3.170906),(3.92193,2.268466,3.170906),(3.939579,2.268466,3.183413),(3.961209,2.268466,3.183157),(3.978557,2.268466,3.170236),(3.984998,2.268466,3.149586),(3.97807,2.268466,3.129094),(3.960421,2.268466,3.116587),(3.938792,2.268466,3.116843),(3.921443,2.268466,3.129764),(3.915002,2.268466,3.150414),(3.92193,2.268466,3.170906),(3.92193,2.197456,3.170906),(3.939579,2.197456,3.183413),(3.961209,2.197456,3.183157),(3.978557,2.197456,3.170236),(3.984998,2.197456,3.149586),(3.97807,2.197456,3.129094),(3.960421,2.197456,3.116587),(3.938792,2.197456,3.116843),(3.921443,2.197456,3.129764),(3.915002,2.197456,3.150414),(3.92193,2.197456,3.170906),(3.92193,2.126447,3.170906),(3.939579,2.126447,3.183413),(3.961209,2.126447,3.183157),(3.978557,2.126447,3.170236),(3.984998,2.126447,3.149586),(3.97807,2.126447,3.129094),(3.960421,2.126447,3.116587),(3.938792,2.126447,3.116843),(3.921443,2.126447,3.129764),(3.915002,2.126447,3.150414),(3.92193,2.126447,3.170906),(3.92193,2.055438,3.170906),(3.939579,2.055438,3.183413),(3.961209,2.055438,3.183157),(3.978557,2.055438,3.170236),(3.984998,2.055438,3.149586),(3.97807,2.055438,3.129094),(3.960421,2.055438,3.116587),(3.938792,2.055438,3.116843),(3.921443,2.055438,3.129764),(3.915002,2.055438,3.150414),(3.92193,2.055438,3.170906),(3.92193,1.984429,3.170906),(3.939579,1.984429,3.183413),(3.961209,1.984429,3.183157),(3.978557,1.984429,3.170236),(3.984998,1.984429,3.149586),(3.97807,1.984429,3.129094),(3.960421,1.984429,3.116587),(3.938792,1.984429,3.116843),(3.921443,1.984429,3.129764),(3.915002,1.984429,3.150414),(3.92193,1.984429,3.170906),(3.92193,1.91342,3.170906),(3.939579,1.91342,3.183413),(3.961209,1.91342,3.183157),(3.978557,1.91342,3.170236),(3.984998,1.91342,3.149586),(3.97807,1.91342,3.129094),(3.960421,1.91342,3.116587),(3.938792,1.91342,3.116843),(3.921443,1.91342,3.129764),(3.915002,1.91342,3.150414),(3.92193,1.91342,3.170906),(3.924901,1.83867,3.170906),(3.942384,1.84108,3.183413),(3.963811,1.844034,3.183157),(3.980997,1.846403,3.170236),(3.987378,1.847283,3.149586),(3.980515,1.846337,3.129094),(3.963032,1.843927,3.116587),(3.941604,1.840973,3.116843),(3.924419,1.838604,3.129764),(3.918038,1.837724,3.150414),(3.924901,1.83867,3.170906),(3.949753,1.761265,3.170906),(3.965105,1.769973,3.183413),(3.983918,1.780645,3.183157),(3.999008,1.789205,3.170236),(4.00461,1.792382,3.149586),(3.998585,1.788965,3.129094),(3.983233,1.780257,3.116587),(3.96442,1.769585,3.116843),(3.94933,1.761025,3.129764),(3.943728,1.757847,3.150414),(3.949753,1.761265,3.170906),(4.009507,1.700764,3.170906),(4.018394,1.716012,3.183413),(4.029286,1.7347,3.183157),(4.038022,1.749688,3.170236),(4.041265,1.755252,3.149586),(4.037777,1.749268,3.129094),(4.02889,1.734019,3.116587),(4.017998,1.715332,3.116843),(4.009262,1.700344,3.129764),(4.006019,1.694779,3.150414),(4.009507,1.700764,3.170906),(4.086808,1.675164,3.170906),(4.089334,1.692631,3.183413),(4.09243,1.714038,3.183157),(4.094913,1.731208,3.170236),(4.095835,1.737582,3.149586),(4.094843,1.730726,3.129094),(4.092317,1.713259,3.116587),(4.089221,1.691852,3.116843),(4.086739,1.674682,3.129764),(4.085817,1.668308,3.150414),(4.086808,1.675164,3.170906),(4.161727,1.67193,3.170906),(4.161727,1.689579,3.183413),(4.161727,1.711209,3.183157),(4.161727,1.728557,3.170236),(4.161727,1.734998,3.149586),(4.161727,1.72807,3.129094),(4.161727,1.710421,3.116587),(4.161727,1.688792,3.116843),(4.161727,1.671443,3.129764),(4.161727,1.665002,3.150414),(4.161727,1.67193,3.170906),(4.236605,1.67193,3.165248),(4.23909,1.689579,3.177505),(4.239039,1.711209,3.177255),(4.236472,1.728557,3.164592),(4.232369,1.734998,3.144353),(4.228298,1.72807,3.12427),(4.225813,1.710421,3.112012),(4.225864,1.688792,3.112263),(4.228431,1.671443,3.124926),(4.232534,1.665002,3.145164),(4.236605,1.67193,3.165248),(4.309903,1.67193,3.134599),(4.317214,1.689579,3.144745),(4.317065,1.711209,3.144538),(4.309511,1.728557,3.134055),(4.297438,1.734998,3.117302),(4.285458,1.72807,3.100677),(4.278146,1.710421,3.09053),(4.278296,1.688792,3.090738),(4.285849,1.671443,3.10122),(4.297922,1.665002,3.117974),(4.309903,1.67193,3.134599),(4.360981,1.67193,3.07152),(4.372364,1.689579,3.0767),(4.372131,1.711209,3.076594),(4.360371,1.728557,3.071243),(4.341576,1.734998,3.062689),(4.322925,1.72807,3.054201),(4.311541,1.710421,3.04902),(4.311774,1.688792,3.049126),(4.323534,1.671443,3.054478),(4.34233,1.665002,3.063032),(4.360981,1.67193,3.07152),(4.379621,1.67193,2.99594),(4.39208,1.689579,2.997036),(4.391825,1.711209,2.997013),(4.378954,1.728557,2.995882),(4.358383,1.734998,2.994074),(4.33797,1.72807,2.992279),(4.325511,1.710421,2.991184),(4.325766,1.688792,2.991206),(4.338637,1.671443,2.992338),(4.359208,1.665002,2.994146),(4.379621,1.67193,2.99594),(4.380906,1.67193,2.923119),(4.393413,1.689579,2.923119),(4.393157,1.711209,2.923119),(4.380236,1.728557,2.923119),(4.359586,1.734998,2.923119),(4.339094,1.72807,2.923119),(4.326587,1.710421,2.923119),(4.326843,1.688792,2.923119),(4.339764,1.671443,2.923119),(4.360414,1.665002,2.923119),(4.380906,1.67193,2.923119),(4.380906,1.67193,2.85211),(4.393413,1.689579,2.85211),(4.393157,1.711209,2.85211),(4.380236,1.728557,2.85211),(4.359586,1.734998,2.85211),(4.339094,1.72807,2.85211),(4.326587,1.710421,2.85211),(4.326843,1.688792,2.85211),(4.339764,1.671443,2.85211),(4.360414,1.665002,2.85211),(4.380906,1.67193,2.85211),(4.380906,1.67193,2.781101),(4.393413,1.689579,2.781101),(4.393157,1.711209,2.781101),(4.380236,1.728557,2.781101),(4.359586,1.734998,2.781101),(4.339094,1.72807,2.781101),(4.326587,1.710421,2.781101),(4.326843,1.688792,2.781101),(4.339764,1.671443,2.781101),(4.360414,1.665002,2.781101),(4.380906,1.67193,2.781101),(4.380906,1.67193,2.710092),(4.393413,1.689579,2.710092),(4.393157,1.711209,2.710092),(4.380236,1.728557,2.710092),(4.359586,1.734998,2.710092),(4.339094,1.72807,2.710092),(4.326587,1.710421,2.710092),(4.326843,1.688792,2.710092),(4.339764,1.671443,2.710092),(4.360414,1.665002,2.710092),(4.380906,1.67193,2.710092),(4.380906,1.67193,2.639082),(4.393413,1.689579,2.639082),(4.393157,1.711209,2.639082),(4.380236,1.728557,2.639082),(4.359586,1.734998,2.639082),(4.339094,1.72807,2.639082),(4.326587,1.710421,2.639082),(4.326843,1.688792,2.639082),(4.339764,1.671443,2.639082),(4.360414,1.665002,2.639082),(4.380906,1.67193,2.639082),(4.380906,1.67193,2.568073),(4.393413,1.689579,2.568073),(4.393157,1.711209,2.568073),(4.380236,1.728557,2.568073),(4.359586,1.734998,2.568073),(4.339094,1.72807,2.568073),(4.326587,1.710421,2.568073),(4.326843,1.688792,2.568073),(4.339764,1.671443,2.568073),(4.360414,1.665002,2.568073),(4.380906,1.67193,2.568073),(4.380906,1.67193,2.497064),(4.393413,1.689579,2.497064),(4.393157,1.711209,2.497064),(4.380236,1.728557,2.497064),(4.359586,1.734998,2.497064),(4.339094,1.72807,2.497064),(4.326587,1.710421,2.497064),(4.326843,1.688792,2.497064),(4.339764,1.671443,2.497064),(4.360414,1.665002,2.497064),(4.380906,1.67193,2.497064),(4.380906,1.67193,2.426055),(4.393413,1.689579,2.426055),(4.393157,1.711209,2.426055),(4.380236,1.728557,2.426055),(4.359586,1.734998,2.426055),(4.339094,1.72807,2.426055),(4.326587,1.710421,2.426055),(4.326843,1.688792,2.426055),(4.339764,1.671443,2.426055),(4.360414,1.665002,2.426055),(4.380906,1.67193,2.426055),(4.380906,1.67193,2.355046),(4.393413,1.689579,2.355046),(4.393157,1.711209,2.355046),(4.380236,1.728557,2.355046),(4.359586,1.734998,2.355046),(4.339094,1.72807,2.355046),(4.326587,1.710421,2.355046),(4.326843,1.688792,2.355046),(4.339764,1.671443,2.355046),(4.360414,1.665002,2.355046),(4.380906,1.67193,2.355046),(4.380906,1.67193,2.284037),(4.393413,1.689579,2.284037),(4.393157,1.711209,2.284037),(4.380236,1.728557,2.284037),(4.359586,1.734998,2.284037),(4.339094,1.72807,2.284037),(4.326587,1.710421,2.284037),(4.326843,1.688792,2.284037),(4.339764,1.671443,2.284037),(4.360414,1.665002,2.284037),(4.380906,1.67193,2.284037),(4.380906,1.67193,2.213027),(4.393413,1.689579,2.213027),(4.393157,1.711209,2.213027),(4.380236,1.728557,2.213027),(4.359586,1.734998,2.213027),(4.339094,1.72807,2.213027),(4.326587,1.710421,2.213027),(4.326843,1.688792,2.213027),(4.339764,1.671443,2.213027),(4.360414,1.665002,2.213027),(4.380906,1.67193,2.213027),(4.380906,1.67193,2.142018),(4.393413,1.689579,2.142018),(4.393157,1.711209,2.142018),(4.380236,1.728557,2.142018),(4.359586,1.734998,2.142018),(4.339094,1.72807,2.142018),(4.326587,1.710421,2.142018),(4.326843,1.688792,2.142018),(4.339764,1.671443,2.142018),(4.360414,1.665002,2.142018),(4.380906,1.67193,2.142018),(4.380906,1.67193,2.071009),(4.393413,1.689579,2.071009),(4.393157,1.711209,2.071009),(4.380236,1.728557,2.071009),(4.359586,1.734998,2.071009),(4.339094,1.72807,2.071009),(4.326587,1.710421,2.071009),(4.326843,1.688792,2.071009),(4.339764,1.671443,2.071009),(4.360414,1.665002,2.071009),(4.380906,1.67193,2.071009),(4.380906,1.67193,2.),(4.393413,1.689579,2.),(4.393157,1.711209,2.),(4.380236,1.728557,2.),(4.359586,1.734998,2.),(4.339094,1.72807,2.),(4.326587,1.710421,2.),(4.326843,1.688792,2.),(4.339764,1.671443,2.),(4.360414,1.665002,2.),(4.380906,1.67193,2.)));
#399=IFCTRIANGULATEDFACESET(#398,$,$,((1,12,2),(12,13,2),(2,13,3),(13,14,3),(3,14,4),(14,15,4),(4,15,5),(15,16,5),(5,16,6),(16,17,6),(6,17,7),(17,18,7),(7,18,8),(18,19,8),(8,19,9),(19,20,9),(9,20,10),(20,21,10),(10,21,11),(21,22,11),(12,23,13),(23,24,13),(13,24,14),(24,25,14),(14,25,15),(25,26,15),(15,26,16),(26,27,16),(16,27,17),(27,28,17),(17,28,18),(28,29,18),(18,29,19),(29,30,19),(19,30,20),(30,31,20),(20,31,21),(31,32,21),(21,32,22),(32,33,22),(23,34,24),(34,35,24),(24,35,25),(35,36,25),(25,36,26),(36,37,26),(26,37,27),(37,38,27),(27,38,28),(38,39,28),(28,39,29),(39,40,29),(29,40,30),(40,41,30),(30,41,31),(41,42,31),(31,42,32),(42,43,32),(32,43,33),(43,44,33),(34,45,35),(45,46,35),(35,46,36),(46,47,36),(36,47,37),(47,48,37),(37,48,38),(48,49,38),(38,49,39),(49,50,39),(39,50,40),(50,51,40),(40,51,41),(51,52,41),(41,52,42),(52,53,42),(42,53,43),(53,54,43),(43,54,44),(54,55,44),(45,56,46),(56,57,46),(46,57,47),(57,58,47),(47,58,48),(58,59,48),(48,59,49),(59,60,49),(49,60,50),(60,61,50),(50,61,51),(61,62,51),(51,62,52),(62,63,52),(52,63,53),(63,64,53),(53,64,54),(64,65,54),(54,65,55),(65,66,55),(56,67,57),(67,68,57),(57,68,58),(68,69,58),(58,69,59),(69,70,59),(59,70,60),(70,71,60),(60,71,61),(71,72,61),(61,72,62),(72,73,62),(62,73,63),(73,74,63),(63,74,64),(74,75,64),(64,75,65),(75,76,65),(65,76,66),(76,77,66),(67,78,68),(78,79,68),(68,79,69),(79,80,69),(69,80,70),(80,81,70),(70,81,71),(81,82,71),(71,82,72),(82,83,72),(72,83,73),(83,84,73),(73,84,74),(84,85,74),(74,85,75),(85,86,75),(75,86,76),(86,87,76),(76,87,77),(87,88,77),(78,89,79),(89,90,79),(79,90,80),(90,91,80),(80,91,81),(91,92,81),(81,92,82),(92,93,82),(82,93,83),(93,94,83),(83,94,84),(94,95,84),(84,95,85),(95,96,85),(85,96,86),(96,97,86),(86,97,87),(97,98,87),(87,98,88),(98,99,88),(89,100,90),(100,101,90),(90,101,91),(101,102,91),(91,102,92),(102,103,92),(92,103,93),(103,104,93),(93,104,94),(104,105,94),(94,105,95),(105,106,95),(95,106,96),(106,107,96),(96,107,97),(107,108,97),(97,108,98),(108,109,98),(98,109,99),(109,110,99),(100,111,101),(111,112,101),(101,112,102),(112,113,102),(102,113,103),(113,114,103),(103,114,104),(114,115,104),(104,115,105),(115,116,105),(105,116,106),(116,117,106),(106,117,107),(117,118,107),(107,118,108),(118,119,108),(108,119,109),(119,120,109),(109,120,110),(120,121,110),(111,122,112),(122,123,112),(112,123,113),(123,124,113),(113,124,114),(124,125,114),(114,125,115),(125,126,115),(115,126,116),(126,127,116),(116,127,117),(127,128,117),(117,128,118),(128,129,118),(118,129,119),(129,130,119),(119,130,120),(130,131,120),(120,131,121),(131,132,121),(122,133,123),(133,134,123),(123,134,124),(134,135,124),(124,135,125),(135,136,125),(125,136,126),(136,137,126),(126,137,127),(137,138,127),(127,138,128),(138,139,128),(128,139,129),(139,140,129),(129,140,130),(140,141,130),(130,141,131),(141,142,131),(131,142,132),(142,143,132),(133,144,134),(144,145,134),(134,145,135),(145,146,135),(135,146,136),(146,147,136),(136,147,137),(147,148,137),(137,148,138),(148,149,138),(138,149,139),(149,150,139),(139,150,140),(150,151,140),(140,151,141),(151,152,141),(141,152,142),(152,153,142),(142,153,143),(153,154,143),(144,155,145),(155,156,145),(145,156,146),(156,157,146),(146,157,147),(157,158,147),(147,158,148),(158,159,148),(148,159,149),(159,160,149),(149,160,150),(160,161,150),(150,161,151),(161,162,151),(151,162,152),(162,163,152),(152,163,153),(163,164,153),(153,164,154),(164,165,154),(155,166,156),(166,167,156),(156,167,157),(167,168,157),(157,168,158),(168,169,158),(158,169,159),(169,170,159),(159,170,160),(170,171,160),(160,171,161),(171,172,161),(161,172,162),(172,173,162),(162,173,163),(173,174,163),(163,174,164),(174,175,164),(164,175,165),(175,176,165),(166,177,167),(177,178,167),(167,178,168),(178,179,168),(168,179,169),(179,180,169),(169,180,170),(180,181,170),(170,181,171),(181,182,171),(171,182,172),(182,183,172),(172,183,173),(183,184,173),(173,184,174),(184,185,174),(174,185,175),(185,186,175),(175,186,176),(186,187,176),(177,188,178),(188,189,178),(178,189,179),(189,190,179),(179,190,180),(190,191,180),(180,191,181),(191,192,181),(181,192,182),(192,193,182),(182,193,183),(193,194,183),(183,194,184),(194,195,184),(184,195,185),(195,196,185),(185,196,186),(196,197,186),(186,197,187),(197,198,187),(188,199,189),(199,200,189),(189,200,190),(200,201,190),(190,201,191),(201,202,191),(191,202,192),(202,203,192),(192,203,193),(203,204,193),(193,204,194),(204,205,194),(194,205,195),(205,206,195),(195,206,196),(206,207,196),(196,207,197),(207,208,197),(197,208,198),(208,209,198),(199,210,200),(210,211,200),(200,211,201),(211,212,201),(201,212,202),(212,213,202),(202,213,203),(213,214,203),(203,214,204),(214,215,204),(204,215,205),(215,216,205),(205,216,206),(216,217,206),(206,217,207),(217,218,207),(207,218,208),(218,219,208),(208,219,209),(219,220,209),(210,221,211),(221,222,211),(211,222,212),(222,223,212),(212,223,213),(223,224,213),(213,224,214),(224,225,214),(214,225,215),(225,226,215),(215,226,216),(226,227,216),(216,227,217),(227,228,217),(217,228,218),(228,229,218),(218,229,219),(229,230,219),(219,230,220),(230,231,220),(221,232,222),(232,233,222),(222,233,223),(233,234,223),(223,234,224),(234,235,224),(224,235,225),(235,236,225),(225,236,226),(236,237,226),(226,237,227),(237,238,227),(227,238,228),(238,239,228),(228,239,229),(239,240,229),(229,240,230),(240,241,230),(230,241,231),(241,242,231),(232,243,233),(243,244,233),(233,244,234),(244,245,234),(234,245,235),(245,246,235),(235,246,236),(246,247,236),(236,247,237),(247,248,237),(237,248,238),(248,249,238),(238,249,239),(249,250,239),(239,250,240),(250,251,240),(240,251,241),(251,252,241),(241,252,242),(252,253,242),(243,254,244),(254,255,244),(244,255,245),(255,256,245),(245,256,246),(256,257,246),(246,257,247),(257,258,247),(247,258,248),(258,259,248),(248,259,249),(259,260,249),(249,260,250),(260,261,250),(250,261,251),(261,262,251),(251,262,252),(262,263,252),(252,263,253),(263,264,253),(254,265,255),(265,266,255),(255,266,256),(266,267,256),(256,267,257),(267,268,257),(257,268,258),(268,269,258),(258,269,259),(269,270,259),(259,270,260),(270,271,260),(260,271,261),(271,272,261),(261,272,262),(272,273,262),(262,273,263),(273,274,263),(263,274,264),(274,275,264),(265,276,266),(276,277,266),(266,277,267),(277,278,267),(267,278,268),(278,279,268),(268,279,269),(279,280,269),(269,280,270),(280,281,270),(270,281,271),(281,282,271),(271,282,272),(282,283,272),(272,283,273),(283,284,273),(273,284,274),(284,285,274),(274,285,275),(285,286,275),(276,287,277),(287,288,277),(277,288,278),(288,289,278),(278,289,279),(289,290,279),(279,290,280),(290,291,280),(280,291,281),(291,292,281),(281,292,282),(292,293,282),(282,293,283),(293,294,283),(283,294,284),(294,295,284),(284,295,285),(295,296,285),(285,296,286),(296,297,286),(287,298,288),(298,299,288),(288,299,289),(299,300,289),(289,300,290),(300,301,290),(290,301,291),(301,302,291),(291,302,292),(302,303,292),(292,303,293),(303,304,293),(293,304,294),(304,305,294),(294,305,295),(305,306,295),(295,306,296),(306,307,296),(296,307,297),(307,308,297),(298,309,299),(309,310,299),(299,310,300),(310,311,300),(300,311,301),(311,312,301),(301,312,302),(312,313,302),(302,313,303),(313,314,303),(303,314,304),(314,315,304),(304,315,305),(315,316,305),(305,316,306),(316,317,306),(306,317,307),(317,318,307),(307,318,308),(318,319,308),(309,320,310),(320,321,310),(310,321,311),(321,322,311),(311,322,312),(322,323,312),(312,323,313),(323,324,313),(313,324,314),(324,325,314),(314,325,315),(325,326,315),(315,326,316),(326,327,316),(316,327,317),(327,328,317),(317,328,318),(328,329,318),(318,329,319),(329,330,319),(320,331,321),(331,332,321),(321,332,322),(332,333,322),(322,333,323),(333,334,323),(323,334,324),(334,335,324),(324,335,325),(335,336,325),(325,336,326),(336,337,326),(326,337,327),(337,338,327),(327,338,328),(338,339,328),(328,339,329),(339,340,329),(329,340,330),(340,341,330),(331,342,332),(342,343,332),(332,343,333),(343,344,333),(333,344,334),(344,345,334),(334,345,335),(345,346,335),(335,346,336),(346,347,336),(336,347,337),(347,348,337),(337,348,338),(348,349,338),(338,349,339),(349,350,339),(339,350,340),(350,351,340),(340,351,341),(351,352,341),(342,353,343),(353,354,343),(343,354,344),(354,355,344),(344,355,345),(355,356,345),(345,356,346),(356,357,346),(346,357,347),(357,358,347),(347,358,348),(358,359,348),(348,359,349),(359,360,349),(349,360,350),(360,361,350),(350,361,351),(361,362,351),(351,362,352),(362,363,352),(353,364,354),(364,365,354),(354,365,355),(365,366,355),(355,366,356),(366,367,356),(356,367,357),(367,368,357),(357,368,358),(368,369,358),(358,369,359),(369,370,359),(359,370,360),(370,371,360),(360,371,361),(371,372,361),(361,372,362),(372,373,362),(362,373,363),(373,374,363),(364,375,365),(375,376,365),(365,376,366),(376,377,366),(366,377,367),(377,378,367),(367,378,368),(378,379,368),(368,379,369),(379,380,369),(369,380,370),(380,381,370),(370,381,371),(381,382,371),(371,382,372),(382,383,372),(372,383,373),(383,384,373),(373,384,374),(384,385,374),(375,386,376),(386,387,376),(376,387,377),(387,388,377),(377,388,378),(388,389,378),(378,389,379),(389,390,379),(379,390,380),(390,391,380),(380,391,381),(391,392,381),(381,392,382),(392,393,382),(382,393,383),(393,394,383),(383,394,384),(394,395,384),(384,395,385),(395,396,385),(386,397,387),(397,398,387),(387,398,388),(398,399,388),(388,399,389),(399,400,389),(389,400,390),(400,401,390),(390,401,391),(401,402,391),(391,402,392),(402,403,392),(392,403,393),(403,404,393),(393,404,394),(404,405,394),(394,405,395),(405,406,395),(395,406,396),(406,407,396),(397,408,398),(408,409,398),(398,409,399),(409,410,399),(399,410,400),(410,411,400),(400,411,401),(411,412,401),(401,412,402),(412,413,402),(402,413,403),(413,414,403),(403,414,404),(414,415,404),(404,415,405),(415,416,405),(405,416,406),(416,417,406),(406,417,407),(417,418,407),(408,419,409),(419,420,409),(409,420,410),(420,421,410),(410,421,411),(421,422,411),(411,422,412),(422,423,412),(412,423,413),(423,424,413),(413,424,414),(424,425,414),(414,425,415),(425,426,415),(415,426,416),(426,427,416),(416,427,417),(427,428,417),(417,428,418),(428,429,418),(419,430,420),(430,431,420),(420,431,421),(431,432,421),(421,432,422),(432,433,422),(422,433,423),(433,434,423),(423,434,424),(434,435,424),(424,435,425),(435,436,425),(425,436,426),(436,437,426),(426,437,427),(437,438,427),(427,438,428),(438,439,428),(428,439,429),(439,440,429),(430,441,431),(441,442,431),(431,442,432),(442,443,432),(432,443,433),(443,444,433),(433,444,434),(444,445,434),(434,445,435),(445,446,435),(435,446,436),(446,447,436),(436,447,437),(447,448,437),(437,448,438),(448,449,438),(438,449,439),(449,450,439),(439,450,440),(450,451,440),(441,452,442),(452,453,442),(442,453,443),(453,454,443),(443,454,444),(454,455,444),(444,455,445),(455,456,445),(445,456,446),(456,457,446),(446,457,447),(457,458,447),(447,458,448),(458,459,448),(448,459,449),(459,460,449),(449,460,450),(460,461,450),(450,461,451),(461,462,451),(452,463,453),(463,464,453),(453,464,454),(464,465,454),(454,465,455),(465,466,455),(455,466,456),(466,467,456),(456,467,457),(467,468,457),(457,468,458),(468,469,458),(458,469,459),(469,470,459),(459,470,460),(470,471,460),(460,471,461),(471,472,461),(461,472,462),(472,473,462),(463,474,464),(474,475,464),(464,475,465),(475,476,465),(465,476,466),(476,477,466),(466,477,467),(477,478,467),(467,478,468),(478,479,468),(468,479,469),(479,480,469),(469,480,470),(480,481,470),(470,481,471),(481,482,471),(471,482,472),(482,483,472),(472,483,473),(483,484,473),(474,485,475),(485,486,475),(475,486,476),(486,487,476),(476,487,477),(487,488,477),(477,488,478),(488,489,478),(478,489,479),(489,490,479),(479,490,480),(490,491,480),(480,491,481),(491,492,481),(481,492,482),(492,493,482),(482,493,483),(493,494,483),(483,494,484),(494,495,484),(485,496,486),(496,497,486),(486,497,487),(497,498,487),(487,498,488),(498,499,488),(488,499,489),(499,500,489),(489,500,490),(500,501,490),(490,501,491),(501,502,491),(491,502,492),(502,503,492),(492,503,493),(503,504,493),(493,504,494),(504,505,494),(494,505,495),(505,506,495),(496,507,497),(507,508,497),(497,508,498),(508,509,498),(498,509,499),(509,510,499),(499,510,500),(510,511,500),(500,511,501),(511,512,501),(501,512,502),(512,513,502),(502,513,503),(513,514,503),(503,514,504),(514,515,504),(504,515,505),(515,516,505),(505,516,506),(516,517,506),(507,518,508),(518,519,508),(508,519,509),(519,520,509),(509,520,510),(520,521,510),(510,521,511),(521,522,511),(511,522,512),(522,523,512),(512,523,513),(523,524,513),(513,524,514),(524,525,514),(514,525,515),(525,526,515),(515,526,516),(526,527,516),(516,527,517),(527,528,517),(518,529,519),(529,530,519),(519,530,520),(530,531,520),(520,531,521),(531,532,521),(521,532,522),(532,533,522),(522,533,523),(533,534,523),(523,534,524),(534,535,524),(524,535,525),(535,536,525),(525,536,526),(536,537,526),(526,537,527),(537,538,527),(527,538,528),(538,539,528),(529,540,530),(540,541,530),(530,541,531),(541,542,531),(531,542,532),(542,543,532),(532,543,533),(543,544,533),(533,544,534),(544,545,534),(534,545,535),(545,546,535),(535,546,536),(546,547,536),(536,547,537),(547,548,537),(537,548,538),(548,549,538),(538,549,539),(549,550,539),(540,551,541),(551,552,541),(541,552,542),(552,553,542),(542,553,543),(553,554,543),(543,554,544),(554,555,544),(544,555,545),(555,556,545),(545,556,546),(556,557,546),(546,557,547),(557,558,547),(547,558,548),(558,559,548),(548,559,549),(559,560,549),(549,560,550),(560,561,550),(551,562,552),(562,563,552),(552,563,553),(563,564,553),(553,564,554),(564,565,554),(554,565,555),(565,566,555),(555,566,556),(566,567,556),(556,567,557),(567,568,557),(557,568,558),(568,569,558),(558,569,559),(569,570,559),(559,570,560),(570,571,560),(560,571,561),(571,572,561),(562,573,563),(573,574,563),(563,574,564),(574,575,564),(564,575,565),(575,576,565),(565,576,566),(576,577,566),(566,577,567),(577,578,567),(567,578,568),(578,579,568),(568,579,569),(579,580,569),(569,580,570),(580,581,570),(570,581,571),(581,582,571),(571,582,572),(582,583,572),(573,584,574),(584,585,574),(574,585,575),(585,586,575),(575,586,576),(586,587,576),(576,587,577),(587,588,577),(577,588,578),(588,589,578),(578,589,579),(589,590,579),(579,590,580),(590,591,580),(580,591,581),(591,592,581),(581,592,582),(592,593,582),(582,593,583),(593,594,583),(584,595,585),(595,596,585),(585,596,586),(596,597,586),(586,597,587),(597,598,587),(587,598,588),(598,599,588),(588,599,589),(599,600,589),(589,600,590),(600,601,590),(590,601,591),(601,602,591),(591,602,592),(602,603,592),(592,603,593),(603,604,593),(593,604,594),(604,605,594),(595,606,596),(606,607,596),(596,607,597),(607,608,597),(597,608,598),(608,609,598),(598,609,599),(609,610,599),(599,610,600),(610,611,600),(600,611,601),(611,612,601),(601,612,602),(612,613,602),(602,613,603),(613,614,603),(603,614,604),(614,615,604),(604,615,605),(615,616,605),(606,617,607),(617,618,607),(607,618,608),(618,619,608),(608,619,609),(619,620,609),(609,620,610),(620,621,610),(610,621,611),(621,622,611),(611,622,612),(622,623,612),(612,623,613),(623,624,613),(613,624,614),(624,625,614),(614,625,615),(625,626,615),(615,626,616),(626,627,616),(617,628,618),(628,629,618),(618,629,619),(629,630,619),(619,630,620),(630,631,620),(620,631,621),(631,632,621),(621,632,622),(632,633,622),(622,633,623),(633,634,623),(623,634,624),(634,635,624),(624,635,625),(635,636,625),(625,636,626),(636,637,626),(626,637,627),(637,638,627),(628,639,629),(639,640,629),(629,640,630),(640,641,630),(630,641,631),(641,642,631),(631,642,632),(642,643,632),(632,643,633),(643,644,633),(633,644,634),(644,645,634),(634,645,635),(645,646,635),(635,646,636),(646,647,636),(636,647,637),(647,648,637),(637,648,638),(648,649,638),(639,650,640),(650,651,640),(640,651,641),(651,652,641),(641,652,642),(652,653,642),(642,653,643),(653,654,643),(643,654,644),(654,655,644),(644,655,645),(655,656,645),(645,656,646),(656,657,646),(646,657,647),(657,658,647),(647,658,648),(658,659,648),(648,659,649),(659,660,649),(650,661,651),(661,662,651),(651,662,652),(662,663,652),(652,663,653),(663,664,653),(653,664,654),(664,665,654),(654,665,655),(665,666,655),(655,666,656),(666,667,656),(656,667,657),(667,668,657),(657,668,658),(668,669,658),(658,669,659),(669,670,659),(659,670,660),(670,671,660),(661,672,662),(672,673,662),(662,673,663),(673,674,663),(663,674,664),(674,675,664),(664,675,665),(675,676,665),(665,676,666),(676,677,666),(666,677,667),(677,678,667),(667,678,668),(678,679,668),(668,679,669),(679,680,669),(669,680,670),(680,681,670),(670,681,671),(681,682,671),(672,683,673),(683,684,673),(673,684,674),(684,685,674),(674,685,675),(685,686,675),(675,686,676),(686,687,676),(676,687,677),(687,688,677),(677,688,678),(688,689,678),(678,689,679),(689,690,679),(679,690,680),(690,691,680),(680,691,681),(691,692,681),(681,692,682),(692,693,682),(683,694,684),(694,695,684),(684,695,685),(695,696,685),(685,696,686),(696,697,686),(686,697,687),(697,698,687),(687,698,688),(698,699,688),(688,699,689),(699,700,689),(689,700,690),(700,701,690),(690,701,691),(701,702,691),(691,702,692),(702,703,692),(692,703,693),(703,704,693),(694,705,695),(705,706,695),(695,706,696),(706,707,696),(696,707,697),(707,708,697),(697,708,698),(708,709,698),(698,709,699),(709,710,699),(699,710,700),(710,711,700),(700,711,701),(711,712,701),(701,712,702),(712,713,702),(702,713,703),(713,714,703),(703,714,704),(714,715,704),(705,716,706),(716,717,706),(706,717,707),(717,718,707),(707,718,708),(718,719,708),(708,719,709),(719,720,709),(709,720,710),(720,721,710),(710,721,711),(721,722,711),(711,722,712),(722,723,712),(712,723,713),(723,724,713),(713,724,714),(724,725,714),(714,725,715),(725,726,715),(716,727,717),(727,728,717),(717,728,718),(728,729,718),(718,729,719),(729,730,719),(719,730,720),(730,731,720),(720,731,721),(731,732,721),(721,732,722),(732,733,722),(722,733,723),(733,734,723),(723,734,724),(734,735,724),(724,735,725),(735,736,725),(725,736,726),(736,737,726),(727,738,728),(738,739,728),(728,739,729),(739,740,729),(729,740,730),(740,741,730),(730,741,731),(741,742,731),(731,742,732),(742,743,732),(732,743,733),(743,744,733),(733,744,734),(744,745,734),(734,745,735),(745,746,735),(735,746,736),(746,747,736),(736,747,737),(747,748,737),(738,749,739),(749,750,739),(739,750,740),(750,751,740),(740,751,741),(751,752,741),(741,752,742),(752,753,742),(742,753,743),(753,754,743),(743,754,744),(754,755,744),(744,755,745),(755,756,745),(745,756,746),(756,757,746),(746,757,747),(757,758,747),(747,758,748),(758,759,748),(749,760,750),(760,761,750),(750,761,751),(761,762,751),(751,762,752),(762,763,752),(752,763,753),(763,764,753),(753,764,754),(764,765,754),(754,765,755),(765,766,755),(755,766,756),(766,767,756),(756,767,757),(767,768,757),(757,768,758),(768,769,758),(758,769,759),(769,770,759),(760,771,761),(771,772,761),(761,772,762),(772,773,762),(762,773,763),(773,774,763),(763,774,764),(774,775,764),(764,775,765),(775,776,765),(765,776,766),(776,777,766),(766,777,767),(777,778,767),(767,778,768),(778,779,768),(768,779,769),(779,780,769),(769,780,770),(780,781,770),(771,782,772),(782,783,772),(772,783,773),(783,784,773),(773,784,774),(784,785,774),(774,785,775),(785,786,775),(775,786,776),(786,787,776),(776,787,777),(787,788,777),(777,788,778),(788,789,778),(778,789,779),(789,790,779),(779,790,780),(790,791,780),(780,791,781),(791,792,781),(782,793,783),(793,794,783),(783,794,784),(794,795,784),(784,795,785),(795,796,785),(785,796,786),(796,797,786),(786,797,787),(797,798,787),(787,798,788),(798,799,788),(788,799,789),(799,800,789),(789,800,790),(800,801,790),(790,801,791),(801,802,791),(791,802,792),(802,803,792),(793,804,794),(804,805,794),(794,805,795),(805,806,795),(795,806,796),(806,807,796),(796,807,797),(807,808,797),(797,808,798),(808,809,798),(798,809,799),(809,810,799),(799,810,800),(810,811,800),(800,811,801),(811,812,801),(801,812,802),(812,813,802),(802,813,803),(813,814,803),(804,815,805),(815,816,805),(805,816,806),(816,817,806),(806,817,807),(817,818,807),(807,818,808),(818,819,808),(808,819,809),(819,820,809),(809,820,810),(820,821,810),(810,821,811),(821,822,811),(811,822,812),(822,823,812),(812,823,813),(823,824,813),(813,824,814),(824,825,814),(815,826,816),(826,827,816),(816,827,817),(827,828,817),(817,828,818),(828,829,818),(818,829,819),(829,830,819),(819,830,820),(830,831,820),(820,831,821),(831,832,821),(821,832,822),(832,833,822),(822,833,823),(833,834,823),(823,834,824),(834,835,824),(824,835,825),(835,836,825),(826,837,827),(837,838,827),(827,838,828),(838,839,828),(828,839,829),(839,840,829),(829,840,830),(840,841,830),(830,841,831),(841,842,831),(831,842,832),(842,843,832),(832,843,833),(843,844,833),(833,844,834),(844,845,834),(834,845,835),(845,846,835),(835,846,836),(846,847,836),(837,848,838),(848,849,838),(838,849,839),(849,850,839),(839,850,840),(850,851,840),(840,851,841),(851,852,841),(841,852,842),(852,853,842),(842,853,843),(853,854,843),(843,854,844),(854,855,844),(844,855,845),(855,856,845),(845,856,846),(856,857,846),(846,857,847),(857,858,847),(848,859,849),(859,860,849),(849,860,850),(860,861,850),(850,861,851),(861,862,851),(851,862,852),(862,863,852),(852,863,853),(863,864,853),(853,864,854),(864,865,854),(854,865,855),(865,866,855),(855,866,856),(866,867,856),(856,867,857),(867,868,857),(857,868,858),(868,869,858),(859,870,860),(870,871,860),(860,871,861),(871,872,861),(861,872,862),(872,873,862),(862,873,863),(873,874,863),(863,874,864),(874,875,864),(864,875,865),(875,876,865),(865,876,866),(876,877,866),(866,877,867),(877,878,867),(867,878,868),(878,879,868),(868,879,869),(879,880,869),(870,881,871),(881,882,871),(871,882,872),(882,883,872),(872,883,873),(883,884,873),(873,884,874),(884,885,874),(874,885,875),(885,886,875),(875,886,876),(886,887,876),(876,887,877),(887,888,877),(877,888,878),(888,889,878),(878,889,879),(889,890,879),(879,890,880),(890,891,880),(881,892,882),(892,893,882),(882,893,883),(893,894,883),(883,894,884),(894,895,884),(884,895,885),(895,896,885),(885,896,886),(896,897,886),(886,897,887),(897,898,887),(887,898,888),(898,899,888),(888,899,889),(899,900,889),(889,900,890),(900,901,890),(890,901,891),(901,902,891),(892,903,893),(903,904,893),(893,904,894),(904,905,894),(894,905,895),(905,906,895),(895,906,896),(906,907,896),(896,907,897),(907,908,897),(897,908,898),(908,909,898),(898,909,899),(909,910,899),(899,910,900),(910,911,900),(900,911,901),(911,912,901),(901,912,902),(912,913,902),(903,914,904),(914,915,904),(904,915,905),(915,916,905),(905,916,906),(916,917,906),(906,917,907),(917,918,907),(907,918,908),(918,919,908),(908,919,909),(919,920,909),(909,920,910),(920,921,910),(910,921,911),(921,922,911),(911,922,912),(922,923,912),(912,923,913),(923,924,913),(914,925,915),(925,926,915),(915,926,916),(926,927,916),(916,927,917),(927,928,917),(917,928,918),(928,929,918),(918,929,919),(929,930,919),(919,930,920),(930,931,920),(920,931,921),(931,932,921),(921,932,922),(932,933,922),(922,933,923),(933,934,923),(923,934,924),(934,935,924),(925,936,926),(936,937,926),(926,937,927),(937,938,927),(927,938,928),(938,939,928),(928,939,929),(939,940,929),(929,940,930),(940,941,930),(930,941,931),(941,942,931),(931,942,932),(942,943,932),(932,943,933),(943,944,933),(933,944,934),(944,945,934),(934,945,935),(945,946,935),(936,947,937),(947,948,937),(937,948,938),(948,949,938),(938,949,939),(949,950,939),(939,950,940),(950,951,940),(940,951,941),(951,952,941),(941,952,942),(952,953,942),(942,953,943),(953,954,943),(943,954,944),(954,955,944),(944,955,945),(955,956,945),(945,956,946),(956,957,946),(947,958,948),(958,959,948),(948,959,949),(959,960,949),(949,960,950),(960,961,950),(950,961,951),(961,962,951),(951,962,952),(962,963,952),(952,963,953),(963,964,953),(953,964,954),(964,965,954),(954,965,955),(965,966,955),(955,966,956),(966,967,956),(956,967,957),(967,968,957),(958,969,959),(969,970,959),(959,970,960),(970,971,960),(960,971,961),(971,972,961),(961,972,962),(972,973,962),(962,973,963),(973,974,963),(963,974,964),(974,975,964),(964,975,965),(975,976,965),(965,976,966),(976,977,966),(966,977,967),(977,978,967),(967,978,968),(978,979,968),(969,980,970),(980,981,970),(970,981,971),(981,982,971),(971,982,972),(982,983,972),(972,983,973),(983,984,973),(973,984,974),(984,985,974),(974,985,975),(985,986,975),(975,986,976),(986,987,976),(976,987,977),(987,988,977),(977,988,978),(988,989,978),(978,989,979),(989,990,979),(980,991,981),(991,992,981),(981,992,982),(992,993,982),(982,993,983),(993,994,983),(983,994,984),(994,995,984),(984,995,985),(995,996,985),(985,996,986),(996,997,986),(986,997,987),(997,998,987),(987,998,988),(998,999,988),(988,999,989),(999,1000,989),(989,1000,990),(1000,1001,990),(991,1002,992),(1002,1003,992),(992,1003,993),(1003,1004,993),(993,1004,994),(1004,1005,994),(994,1005,995),(1005,1006,995),(995,1006,996),(1006,1007,996),(996,1007,997),(1007,1008,997),(997,1008,998),(1008,1009,998),(998,1009,999),(1009,1010,999),(999,1010,1000),(1010,1011,1000),(1000,1011,1001),(1011,1012,1001),(1002,1013,1003),(1013,1014,1003),(1003,1014,1004),(1014,1015,1004),(1004,1015,1005),(1015,1016,1005),(1005,1016,1006),(1016,1017,1006),(1006,1017,1007),(1017,1018,1007),(1007,1018,1008),(1018,1019,1008),(1008,1019,1009),(1019,1020,1009),(1009,1020,1010),(1020,1021,1010),(1010,1021,1011),(1021,1022,1011),(1011,1022,1012),(1022,1023,1012),(1013,1024,1014),(1024,1025,1014),(1014,1025,1015),(1025,1026,1015),(1015,1026,1016),(1026,1027,1016),(1016,1027,1017),(1027,1028,1017),(1017,1028,1018),(1028,1029,1018),(1018,1029,1019),(1029,1030,1019),(1019,1030,1020),(1030,1031,1020),(1020,1031,1021),(1031,1032,1021),(1021,1032,1022),(1032,1033,1022),(1022,1033,1023),(1033,1034,1023),(1024,1035,1025),(1035,1036,1025),(1025,1036,1026),(1036,1037,1026),(1026,1037,1027),(1037,1038,1027),(1027,1038,1028),(1038,1039,1028),(1028,1039,1029),(1039,1040,1029),(1029,1040,1030),(1040,1041,1030),(1030,1041,1031),(1041,1042,1031),(1031,1042,1032),(1042,1043,1032),(1032,1043,1033),(1043,1044,1033),(1033,1044,1034),(1044,1045,1034),(1035,1046,1036),(1046,1047,1036),(1036,1047,1037),(1047,1048,1037),(1037,1048,1038),(1048,1049,1038),(1038,1049,1039),(1049,1050,1039),(1039,1050,1040),(1050,1051,1040),(1040,1051,1041),(1051,1052,1041),(1041,1052,1042),(1052,1053,1042),(1042,1053,1043),(1053,1054,1043),(1043,1054,1044),(1054,1055,1044),(1044,1055,1045),(1055,1056,1045),(1046,1057,1047),(1057,1058,1047),(1047,1058,1048),(1058,1059,1048),(1048,1059,1049),(1059,1060,1049),(1049,1060,1050),(1060,1061,1050),(1050,1061,1051),(1061,1062,1051),(1051,1062,1052),(1062,1063,1052),(1052,1063,1053),(1063,1064,1053),(1053,1064,1054),(1064,1065,1054),(1054,1065,1055),(1065,1066,1055),(1055,1066,1056),(1066,1067,1056),(1057,1068,1058),(1068,1069,1058),(1058,1069,1059),(1069,1070,1059),(1059,1070,1060),(1070,1071,1060),(1060,1071,1061),(1071,1072,1061),(1061,1072,1062),(1072,1073,1062),(1062,1073,1063),(1073,1074,1063),(1063,1074,1064),(1074,1075,1064),(1064,1075,1065),(1075,1076,1065),(1065,1076,1066),(1076,1077,1066),(1066,1077,1067),(1077,1078,1067),(1068,1079,1069),(1079,1080,1069),(1069,1080,1070),(1080,1081,1070),(1070,1081,1071),(1081,1082,1071),(1071,1082,1072),(1082,1083,1072),(1072,1083,1073),(1083,1084,1073),(1073,1084,1074),(1084,1085,1074),(1074,1085,1075),(1085,1086,1075),(1075,1086,1076),(1086,1087,1076),(1076,1087,1077),(1087,1088,1077),(1077,1088,1078),(1088,1089,1078),(1079,1090,1080),(1090,1091,1080),(1080,1091,1081),(1091,1092,1081),(1081,1092,1082),(1092,1093,1082),(1082,1093,1083),(1093,1094,1083),(1083,1094,1084),(1094,1095,1084),(1084,1095,1085),(1095,1096,1085),(1085,1096,1086),(1096,1097,1086),(1086,1097,1087),(1097,1098,1087),(1087,1098,1088),(1098,1099,1088),(1088,1099,1089),(1099,1100,1089),(1090,1101,1091),(1101,1102,1091),(1091,1102,1092),(1102,1103,1092),(1092,1103,1093),(1103,1104,1093),(1093,1104,1094),(1104,1105,1094),(1094,1105,1095),(1105,1106,1095),(1095,1106,1096),(1106,1107,1096),(1096,1107,1097),(1107,1108,1097),(1097,1108,1098),(1108,1109,1098),(1098,1109,1099),(1109,1110,1099),(1099,1110,1100),(1110,1111,1100),(1101,1112,1102),(1112,1113,1102),(1102,1113,1103),(1113,1114,1103),(1103,1114,1104),(1114,1115,1104),(1104,1115,1105),(1115,1116,1105),(1105,1116,1106),(1116,1117,1106),(1106,1117,1107),(1117,1118,1107),(1107,1118,1108),(1118,1119,1108),(1108,1119,1109),(1119,1120,1109),(1109,1120,1110),(1120,1121,1110),(1110,1121,1111),(1121,1122,1111),(1112,1123,1113),(1123,1124,1113),(1113,1124,1114),(1124,1125,1114),(1114,1125,1115),(1125,1126,1115),(1115,1126,1116),(1126,1127,1116),(1116,1127,1117),(1127,1128,1117),(1117,1128,1118),(1128,1129,1118),(1118,1129,1119),(1129,1130,1119),(1119,1130,1120),(1130,1131,1120),(1120,1131,1121),(1131,1132,1121),(1121,1132,1122),(1132,1133,1122),(1123,1134,1124),(1134,1135,1124),(1124,1135,1125),(1135,1136,1125),(1125,1136,1126),(1136,1137,1126),(1126,1137,1127),(1137,1138,1127),(1127,1138,1128),(1138,1139,1128),(1128,1139,1129),(1139,1140,1129),(1129,1140,1130),(1140,1141,1130),(1130,1141,1131),(1141,1142,1131),(1131,1142,1132),(1142,1143,1132),(1132,1143,1133),(1143,1144,1133),(1134,1145,1135),(1145,1146,1135),(1135,1146,1136),(1146,1147,1136),(1136,1147,1137),(1147,1148,1137),(1137,1148,1138),(1148,1149,1138),(1138,1149,1139),(1149,1150,1139),(1139,1150,1140),(1150,1151,1140),(1140,1151,1141),(1151,1152,1141),(1141,1152,1142),(1152,1153,1142),(1142,1153,1143),(1153,1154,1143),(1143,1154,1144),(1154,1155,1144),(1145,1156,1146),(1156,1157,1146),(1146,1157,1147),(1157,1158,1147),(1147,1158,1148),(1158,1159,1148),(1148,1159,1149),(1159,1160,1149),(1149,1160,1150),(1160,1161,1150),(1150,1161,1151),(1161,1162,1151),(1151,1162,1152),(1162,1163,1152),(1152,1163,1153),(1163,1164,1153),(1153,1164,1154),(1164,1165,1154),(1154,1165,1155),(1165,1166,1155),(1156,1167,1157),(1167,1168,1157),(1157,1168,1158),(1168,1169,1158),(1158,1169,1159),(1169,1170,1159),(1159,1170,1160),(1170,1171,1160),(1160,1171,1161),(1171,1172,1161),(1161,1172,1162),(1172,1173,1162),(1162,1173,1163),(1173,1174,1163),(1163,1174,1164),(1174,1175,1164),(1164,1175,1165),(1175,1176,1165),(1165,1176,1166),(1176,1177,1166),(1167,1178,1168),(1178,1179,1168),(1168,1179,1169),(1179,1180,1169),(1169,1180,1170),(1180,1181,1170),(1170,1181,1171),(1181,1182,1171),(1171,1182,1172),(1182,1183,1172),(1172,1183,1173),(1183,1184,1173),(1173,1184,1174),(1184,1185,1174),(1174,1185,1175),(1185,1186,1175),(1175,1186,1176),(1186,1187,1176),(1176,1187,1177),(1187,1188,1177),(1178,1189,1179),(1189,1190,1179),(1179,1190,1180),(1190,1191,1180),(1180,1191,1181),(1191,1192,1181),(1181,1192,1182),(1192,1193,1182),(1182,1193,1183),(1193,1194,1183),(1183,1194,1184),(1194,1195,1184),(1184,1195,1185),(1195,1196,1185),(1185,1196,1186),(1196,1197,1186),(1186,1197,1187),(1197,1198,1187),(1187,1198,1188),(1198,1199,1188),(1189,1200,1190),(1200,1201,1190),(1190,1201,1191),(1201,1202,1191),(1191,1202,1192),(1202,1203,1192),(1192,1203,1193),(1203,1204,1193),(1193,1204,1194),(1204,1205,1194),(1194,1205,1195),(1205,1206,1195),(1195,1206,1196),(1206,1207,1196),(1196,1207,1197),(1207,1208,1197),(1197,1208,1198),(1208,1209,1198),(1198,1209,1199),(1209,1210,1199),(1200,1211,1201),(1211,1212,1201),(1201,1212,1202),(1212,1213,1202),(1202,1213,1203),(1213,1214,1203),(1203,1214,1204),(1214,1215,1204),(1204,1215,1205),(1215,1216,1205),(1205,1216,1206),(1216,1217,1206),(1206,1217,1207),(1217,1218,1207),(1207,1218,1208),(1218,1219,1208),(1208,1219,1209),(1219,1220,1209),(1209,1220,1210),(1220,1221,1210),(1211,1222,1212),(1222,1223,1212),(1212,1223,1213),(1223,1224,1213),(1213,1224,1214),(1224,1225,1214),(1214,1225,1215),(1225,1226,1215),(1215,1226,1216),(1226,1227,1216),(1216,1227,1217),(1227,1228,1217),(1217,1228,1218),(1228,1229,1218),(1218,1229,1219),(1229,1230,1219),(1219,1230,1220),(1230,1231,1220),(1220,1231,1221),(1231,1232,1221),(1222,1233,1223),(1233,1234,1223),(1223,1234,1224),(1234,1235,1224),(1224,1235,1225),(1235,1236,1225),(1225,1236,1226),(1236,1237,1226),(1226,1237,1227),(1237,1238,1227),(1227,1238,1228),(1238,1239,1228),(1228,1239,1229),(1239,1240,1229),(1229,1240,1230),(1240,1241,1230),(1230,1241,1231),(1241,1242,1231),(1231,1242,1232),(1242,1243,1232)),$);
#400=IFCSTYLEDITEM(#399,(#166),'conduit_msb_dp2');
#401=IFCCARTESIANPOINTLIST3D(((-0.85,2.5335,2.409),(-0.821147,2.540086,2.409),(-0.798008,2.558538,2.409),(-0.785167,2.585202,2.409),(-0.785167,2.614798,2.409),(-0.798008,2.641462,2.409),(-0.821147,2.659914,2.409),(-0.85,2.6665,2.409),(-0.878853,2.659914,2.409),(-0.901992,2.641462,2.409),(-0.914833,2.614798,2.409),(-0.914833,2.585202,2.409),(-0.901992,2.558538,2.409),(-0.878853,2.540086,2.409),(-0.85,2.5335,2.409),(-0.85,2.5335,2.379),(-0.821147,2.540086,2.379),(-0.798008,2.558538,2.379),(-0.785167,2.585202,2.379),(-0.785167,2.614798,2.379),(-0.798008,2.641462,2.379),(-0.821147,2.659914,2.379),(-0.85,2.6665,2.379),(-0.878853,2.659914,2.379),(-0.901992,2.641462,2.379),(-0.914833,2.614798,2.379),(-0.914833,2.585202,2.379),(-0.901992,2.558538,2.379),(-0.878853,2.540086,2.379),(-0.85,2.5335,2.379),(-0.85,2.6,2.409),(-0.85,2.6,2.409),(-0.85,2.6,2.409),(-0.85,2.6,2.409),(-0.85,2.6,2.409),(-0.85,2.6,2.409),(-0.85,2.6,2.409),(-0.85,2.6,2.409),(-0.85,2.6,2.409),(-0.85,2.6,2.409),(-0.85,2.6,2.409),(-0.85,2.6,2.409),(-0.85,2.6,2.409),(-0.85,2.6,2.409),(-0.85,2.5335,2.409),(-0.821147,2.540086,2.409),(-0.798008,2.558538,2.409),(-0.785167,2.585202,2.409),(-0.785167,2.614798,2.409),(-0.798008,2.641462,2.409),(-0.821147,2.659914,2.409),(-0.85,2.6665,2.409),(-0.878853,2.659914,2.409),(-0.901992,2.641462,2.409),(-0.914833,2.614798,2.409),(-0.914833,2.585202,2.409),(-0.901992,2.558538,2.409),(-0.878853,2.540086,2.409),(-0.85,2.5335,2.409),(-0.85,2.6,2.379),(-0.85,2.6,2.379),(-0.85,2.6,2.379),(-0.85,2.6,2.379),(-0.85,2.6,2.379),(-0.85,2.6,2.379),(-0.85,2.6,2.379),(-0.85,2.6,2.379),(-0.85,2.6,2.379),(-0.85,2.6,2.379),(-0.85,2.6,2.379),(-0.85,2.6,2.379),(-0.85,2.6,2.379),(-0.85,2.6,2.379),(-0.85,2.5335,2.379),(-0.821147,2.540086,2.379),(-0.798008,2.558538,2.379),(-0.785167,2.585202,2.379),(-0.785167,2.614798,2.379),(-0.798008,2.641462,2.379),(-0.821147,2.659914,2.379),(-0.85,2.6665,2.379),(-0.878853,2.659914,2.379),(-0.901992,2.641462,2.379),(-0.914833,2.614798,2.379),(-0.914833,2.585202,2.379),(-0.901992,2.558538,2.379),(-0.878853,2.540086,2.379),(-0.85,2.5335,2.379),(4.36,1.6335,2.023),(4.388853,1.640086,2.023),(4.411992,1.658538,2.023),(4.424833,1.685202,2.023),(4.424833,1.714798,2.023),(4.411992,1.741462,2.023),(4.388853,1.759914,2.023),(4.36,1.7665,2.023),(4.331147,1.759914,2.023),(4.308008,1.741462,2.023),(4.295167,1.714798,2.023),(4.295167,1.685202,2.023),(4.308008,1.658538,2.023),(4.331147,1.640086,2.023),(4.36,1.6335,2.023),(4.36,1.6335,1.993),(4.388853,1.640086,1.993),(4.411992,1.658538,1.993),(4.424833,1.685202,1.993),(4.424833,1.714798,1.993),(4.411992,1.741462,1.993),(4.388853,1.759914,1.993),(4.36,1.7665,1.993),(4.331147,1.759914,1.993),(4.308008,1.741462,1.993),(4.295167,1.714798,1.993),(4.295167,1.685202,1.993),(4.308008,1.658538,1.993),(4.331147,1.640086,1.993),(4.36,1.6335,1.993),(4.36,1.7,2.023),(4.36,1.7,2.023),(4.36,1.7,2.023),(4.36,1.7,2.023),(4.36,1.7,2.023),(4.36,1.7,2.023),(4.36,1.7,2.023),(4.36,1.7,2.023),(4.36,1.7,2.023),(4.36,1.7,2.023),(4.36,1.7,2.023),(4.36,1.7,2.023),(4.36,1.7,2.023),(4.36,1.7,2.023),(4.36,1.6335,2.023),(4.388853,1.640086,2.023),(4.411992,1.658538,2.023),(4.424833,1.685202,2.023),(4.424833,1.714798,2.023),(4.411992,1.741462,2.023),(4.388853,1.759914,2.023),(4.36,1.7665,2.023),(4.331147,1.759914,2.023),(4.308008,1.741462,2.023),(4.295167,1.714798,2.023),(4.295167,1.685202,2.023),(4.308008,1.658538,2.023),(4.331147,1.640086,2.023),(4.36,1.6335,2.023),(4.36,1.7,1.993),(4.36,1.7,1.993),(4.36,1.7,1.993),(4.36,1.7,1.993),(4.36,1.7,1.993),(4.36,1.7,1.993),(4.36,1.7,1.993),(4.36,1.7,1.993),(4.36,1.7,1.993),(4.36,1.7,1.993),(4.36,1.7,1.993),(4.36,1.7,1.993),(4.36,1.7,1.993),(4.36,1.7,1.993),(4.36,1.6335,1.993),(4.388853,1.640086,1.993),(4.411992,1.658538,1.993),(4.424833,1.685202,1.993),(4.424833,1.714798,1.993),(4.411992,1.741462,1.993),(4.388853,1.759914,1.993),(4.36,1.7665,1.993),(4.331147,1.759914,1.993),(4.308008,1.741462,1.993),(4.295167,1.714798,1.993),(4.295167,1.685202,1.993),(4.308008,1.658538,1.993),(4.331147,1.640086,1.993),(4.36,1.6335,1.993)));
#402=IFCTRIANGULATEDFACESET(#401,$,$,((1,16,2),(16,17,2),(2,17,3),(17,18,3),(3,18,4),(18,19,4),(4,19,5),(19,20,5),(5,20,6),(20,21,6),(6,21,7),(21,22,7),(7,22,8),(22,23,8),(8,23,9),(23,24,9),(9,24,10),(24,25,10),(10,25,11),(25,26,11),(11,26,12),(26,27,12),(12,27,13),(27,28,13),(13,28,14),(28,29,14),(14,29,15),(29,30,15),(45,46,31),(46,47,32),(47,48,33),(48,49,34),(49,50,35),(50,51,36),(51,52,37),(52,53,38),(53,54,39),(54,55,40),(55,56,41),(56,57,42),(57,58,43),(58,59,44),(75,74,60),(76,75,61),(77,76,62),(78,77,63),(79,78,64),(80,79,65),(81,80,66),(82,81,67),(83,82,68),(84,83,69),(85,84,70),(86,85,71),(87,86,72),(88,87,73),(89,104,90),(104,105,90),(90,105,91),(105,106,91),(91,106,92),(106,107,92),(92,107,93),(107,108,93),(93,108,94),(108,109,94),(94,109,95),(109,110,95),(95,110,96),(110,111,96),(96,111,97),(111,112,97),(97,112,98),(112,113,98),(98,113,99),(113,114,99),(99,114,100),(114,115,100),(100,115,101),(115,116,101),(101,116,102),(116,117,102),(102,117,103),(117,118,103),(133,134,119),(134,135,120),(135,136,121),(136,137,122),(137,138,123),(138,139,124),(139,140,125),(140,141,126),(141,142,127),(142,143,128),(143,144,129),(144,145,130),(145,146,131),(146,147,132),(163,162,148),(164,163,149),(165,164,150),(166,165,151),(167,166,152),(168,167,153),(169,168,154),(170,169,155),(171,170,156),(172,171,157),(173,172,158),(174,173,159),(175,174,160),(176,175,161)),$);
#403=IFCSTYLEDITEM(#402,(#166),'conduit_msb_dp2_hubs');
#404=IFCCARTESIANPOINTLIST3D(((-0.65,2.579,2.386),(-0.662344,2.583011,2.386),(-0.669972,2.593511,2.386),(-0.669972,2.606489,2.386),(-0.662344,2.616989,2.386),(-0.65,2.621,2.386),(-0.637657,2.616989,2.386),(-0.630028,2.606489,2.386),(-0.630028,2.593511,2.386),(-0.637657,2.583011,2.386),(-0.65,2.579,2.386),(-0.65,2.579,2.46493),(-0.662344,2.583011,2.46493),(-0.669972,2.593511,2.46493),(-0.669972,2.606489,2.46493),(-0.662344,2.616989,2.46493),(-0.65,2.621,2.46493),(-0.637657,2.616989,2.46493),(-0.630028,2.606489,2.46493),(-0.630028,2.593511,2.46493),(-0.637657,2.583011,2.46493),(-0.65,2.579,2.46493),(-0.65,2.579,2.543859),(-0.662344,2.583011,2.543859),(-0.669972,2.593511,2.543859),(-0.669972,2.606489,2.543859),(-0.662344,2.616989,2.543859),(-0.65,2.621,2.543859),(-0.637657,2.616989,2.543859),(-0.630028,2.606489,2.543859),(-0.630028,2.593511,2.543859),(-0.637657,2.583011,2.543859),(-0.65,2.579,2.543859),(-0.65,2.579,2.622789),(-0.662344,2.583011,2.622789),(-0.669972,2.593511,2.622789),(-0.669972,2.606489,2.622789),(-0.662344,2.616989,2.622789),(-0.65,2.621,2.622789),(-0.637657,2.616989,2.622789),(-0.630028,2.606489,2.622789),(-0.630028,2.593511,2.622789),(-0.637657,2.583011,2.622789),(-0.65,2.579,2.622789),(-0.65,2.579,2.701719),(-0.662344,2.583011,2.701719),(-0.669972,2.593511,2.701719),(-0.669972,2.606489,2.701719),(-0.662344,2.616989,2.701719),(-0.65,2.621,2.701719),(-0.637657,2.616989,2.701719),(-0.630028,2.606489,2.701719),(-0.630028,2.593511,2.701719),(-0.637657,2.583011,2.701719),(-0.65,2.579,2.701719),(-0.65,2.579,2.780649),(-0.662344,2.583011,2.780649),(-0.669972,2.593511,2.780649),(-0.669972,2.606489,2.780649),(-0.662344,2.616989,2.780649),(-0.65,2.621,2.780649),(-0.637657,2.616989,2.780649),(-0.630028,2.606489,2.780649),(-0.630028,2.593511,2.780649),(-0.637657,2.583011,2.780649),(-0.65,2.579,2.780649),(-0.65,2.579,2.859589),(-0.662344,2.583011,2.859587),(-0.669972,2.593511,2.859582),(-0.669972,2.606489,2.859576),(-0.662344,2.61699,2.859571),(-0.65,2.621,2.859568),(-0.637657,2.61699,2.859571),(-0.630028,2.606489,2.859576),(-0.630028,2.593511,2.859582),(-0.637657,2.583011,2.859587),(-0.65,2.579,2.859589),(-0.65,2.58163,2.939823),(-0.662344,2.585632,2.939562),(-0.669972,2.59611,2.938879),(-0.669972,2.609061,2.938034),(-0.662344,2.619539,2.93735),(-0.65,2.623541,2.937089),(-0.637657,2.619539,2.93735),(-0.630028,2.609061,2.938034),(-0.630028,2.59611,2.938879),(-0.637657,2.585632,2.939562),(-0.65,2.58163,2.939823),(-0.65,2.58945,3.019722),(-0.662344,2.593426,3.019202),(-0.669972,2.603838,3.017842),(-0.669972,2.616707,3.01616),(-0.662344,2.627119,3.0148),(-0.65,2.631096,3.01428),(-0.637657,2.627119,3.0148),(-0.630028,2.616707,3.01616),(-0.630028,2.603838,3.017842),(-0.637657,2.593426,3.019202),(-0.65,2.58945,3.019722),(-0.645641,2.600965,3.097997),(-0.657544,2.60539,3.100679),(-0.66492,2.616059,3.101153),(-0.664952,2.628895,3.099236),(-0.657628,2.638996,3.095662),(-0.645746,2.642504,3.091795),(-0.633844,2.638079,3.089113),(-0.626468,2.62741,3.08864),(-0.626435,2.614574,3.090556),(-0.633759,2.604472,3.09413),(-0.645641,2.600965,3.097997),(-0.590749,2.608721,3.149703),(-0.593627,2.614438,3.160994),(-0.59541,2.625906,3.166803),(-0.595418,2.638746,3.16491),(-0.593647,2.648053,3.156039),(-0.590775,2.650271,3.143578),(-0.587897,2.644555,3.132287),(-0.586114,2.633086,3.126478),(-0.586106,2.620246,3.128371),(-0.587877,2.610939,3.137243),(-0.590749,2.608721,3.149703),(-0.51194,2.609224,3.153061),(-0.51194,2.614992,3.164688),(-0.51194,2.626492,3.170705),(-0.51194,2.639332,3.168813),(-0.51194,2.648607,3.159735),(-0.51194,2.650776,3.146939),(-0.51194,2.645008,3.135312),(-0.51194,2.633508,3.129295),(-0.51194,2.620668,3.131187),(-0.51194,2.611393,3.140265),(-0.51194,2.609224,3.153061),(-0.43301,2.609224,3.153061),(-0.43301,2.614992,3.164688),(-0.43301,2.626492,3.170705),(-0.43301,2.639332,3.168813),(-0.43301,2.648607,3.159735),(-0.43301,2.650776,3.146939),(-0.43301,2.645008,3.135312),(-0.43301,2.633508,3.129295),(-0.43301,2.620668,3.131187),(-0.43301,2.611393,3.140265),(-0.43301,2.609224,3.153061),(-0.35408,2.609224,3.153061),(-0.35408,2.614992,3.164688),(-0.35408,2.626492,3.170705),(-0.35408,2.639332,3.168813),(-0.35408,2.648607,3.159735),(-0.35408,2.650776,3.146939),(-0.35408,2.645008,3.135312),(-0.35408,2.633508,3.129295),(-0.35408,2.620668,3.131187),(-0.35408,2.611393,3.140265),(-0.35408,2.609224,3.153061),(-0.275151,2.609224,3.153061),(-0.275151,2.614992,3.164688),(-0.275151,2.626492,3.170705),(-0.275151,2.639332,3.168813),(-0.275151,2.648607,3.159735),(-0.275151,2.650776,3.146939),(-0.275151,2.645008,3.135312),(-0.275151,2.633508,3.129295),(-0.275151,2.620668,3.131187),(-0.275151,2.611393,3.140265),(-0.275151,2.609224,3.153061),(-0.196221,2.609224,3.153061),(-0.196221,2.614992,3.164688),(-0.196221,2.626492,3.170705),(-0.196221,2.639332,3.168813),(-0.196221,2.648607,3.159735),(-0.196221,2.650776,3.146939),(-0.196221,2.645008,3.135312),(-0.196221,2.633508,3.129295),(-0.196221,2.620668,3.131187),(-0.196221,2.611393,3.140265),(-0.196221,2.609224,3.153061),(-0.117291,2.609224,3.153061),(-0.117291,2.614992,3.164688),(-0.117291,2.626492,3.170705),(-0.117291,2.639332,3.168813),(-0.117291,2.648607,3.159735),(-0.117291,2.650776,3.146939),(-0.117291,2.645008,3.135312),(-0.117291,2.633508,3.129295),(-0.117291,2.620668,3.131187),(-0.117291,2.611393,3.140265),(-0.117291,2.609224,3.153061),(-0.038361,2.609224,3.153061),(-0.038361,2.614992,3.164688),(-0.038361,2.626492,3.170705),(-0.038361,2.639332,3.168813),(-0.038361,2.648607,3.159735),(-0.038361,2.650776,3.146939),(-0.038361,2.645008,3.135312),(-0.038361,2.633508,3.129295),(-0.038361,2.620668,3.131187),(-0.038361,2.611393,3.140265),(-0.038361,2.609224,3.153061),(0.040569,2.609224,3.153061),(0.040569,2.614992,3.164688),(0.040569,2.626492,3.170705),(0.040569,2.639332,3.168813),(0.040569,2.648607,3.159735),(0.040569,2.650776,3.146939),(0.040569,2.645008,3.135312),(0.040569,2.633508,3.129295),(0.040569,2.620668,3.131187),(0.040569,2.611393,3.140265),(0.040569,2.609224,3.153061),(0.119498,2.609224,3.153061),(0.119498,2.614992,3.164688),(0.119498,2.626492,3.170705),(0.119498,2.639332,3.168813),(0.119498,2.648607,3.159735),(0.119498,2.650776,3.146939),(0.119498,2.645008,3.135312),(0.119498,2.633508,3.129295),(0.119498,2.620668,3.131187),(0.119498,2.611393,3.140265),(0.119498,2.609224,3.153061),(0.198428,2.609224,3.153061),(0.198428,2.614992,3.164688),(0.198428,2.626492,3.170705),(0.198428,2.639332,3.168813),(0.198428,2.648607,3.159735),(0.198428,2.650776,3.146939),(0.198428,2.645008,3.135312),(0.198428,2.633508,3.129295),(0.198428,2.620668,3.131187),(0.198428,2.611393,3.140265),(0.198428,2.609224,3.153061),(0.277358,2.609224,3.153061),(0.277358,2.614992,3.164688),(0.277358,2.626492,3.170705),(0.277358,2.639332,3.168813),(0.277358,2.648607,3.159735),(0.277358,2.650776,3.146939),(0.277358,2.645008,3.135312),(0.277358,2.633508,3.129295),(0.277358,2.620668,3.131187),(0.277358,2.611393,3.140265),(0.277358,2.609224,3.153061),(0.356288,2.609224,3.153061),(0.356288,2.614992,3.164688),(0.356288,2.626492,3.170705),(0.356288,2.639332,3.168813),(0.356288,2.648607,3.159735),(0.356288,2.650776,3.146939),(0.356288,2.645008,3.135312),(0.356288,2.633508,3.129295),(0.356288,2.620668,3.131187),(0.356288,2.611393,3.140265),(0.356288,2.609224,3.153061),(0.435218,2.609224,3.153061),(0.435218,2.614992,3.164688),(0.435218,2.626492,3.170705),(0.435218,2.639332,3.168813),(0.435218,2.648607,3.159735),(0.435218,2.650776,3.146939),(0.435218,2.645008,3.135312),(0.435218,2.633508,3.129295),(0.435218,2.620668,3.131187),(0.435218,2.611393,3.140265),(0.435218,2.609224,3.153061),(0.514147,2.609224,3.153061),(0.514147,2.614992,3.164688),(0.514147,2.626492,3.170705),(0.514147,2.639332,3.168813),(0.514147,2.648607,3.159735),(0.514147,2.650776,3.146939),(0.514147,2.645008,3.135312),(0.514147,2.633508,3.129295),(0.514147,2.620668,3.131187),(0.514147,2.611393,3.140265),(0.514147,2.609224,3.153061),(0.593077,2.609224,3.153061),(0.593077,2.614992,3.164688),(0.593077,2.626492,3.170705),(0.593077,2.639332,3.168813),(0.593077,2.648607,3.159735),(0.593077,2.650776,3.146939),(0.593077,2.645008,3.135312),(0.593077,2.633508,3.129295),(0.593077,2.620668,3.131187),(0.593077,2.611393,3.140265),(0.593077,2.609224,3.153061),(0.672007,2.609224,3.153061),(0.672007,2.614992,3.164688),(0.672007,2.626492,3.170705),(0.672007,2.639332,3.168813),(0.672007,2.648607,3.159735),(0.672007,2.650776,3.146939),(0.672007,2.645008,3.135312),(0.672007,2.633508,3.129295),(0.672007,2.620668,3.131187),(0.672007,2.611393,3.140265),(0.672007,2.609224,3.153061),(0.750937,2.609224,3.153061),(0.750937,2.614992,3.164688),(0.750937,2.626492,3.170705),(0.750937,2.639332,3.168813),(0.750937,2.648607,3.159735),(0.750937,2.650776,3.146939),(0.750937,2.645008,3.135312),(0.750937,2.633508,3.129295),(0.750937,2.620668,3.131187),(0.750937,2.611393,3.140265),(0.750937,2.609224,3.153061),(0.829866,2.609224,3.153061),(0.829866,2.614992,3.164688),(0.829866,2.626492,3.170705),(0.829866,2.639332,3.168813),(0.829866,2.648607,3.159735),(0.829866,2.650776,3.146939),(0.829866,2.645008,3.135312),(0.829866,2.633508,3.129295),(0.829866,2.620668,3.131187),(0.829866,2.611393,3.140265),(0.829866,2.609224,3.153061),(0.908796,2.609224,3.153061),(0.908796,2.614992,3.164688),(0.908796,2.626492,3.170705),(0.908796,2.639332,3.168813),(0.908796,2.648607,3.159735),(0.908796,2.650776,3.146939),(0.908796,2.645008,3.135312),(0.908796,2.633508,3.129295),(0.908796,2.620668,3.131187),(0.908796,2.611393,3.140265),(0.908796,2.609224,3.153061),(0.987726,2.609224,3.153061),(0.987726,2.614992,3.164688),(0.987726,2.626492,3.170705),(0.987726,2.639332,3.168813),(0.987726,2.648607,3.159735),(0.987726,2.650776,3.146939),(0.987726,2.645008,3.135312),(0.987726,2.633508,3.129295),(0.987726,2.620668,3.131187),(0.987726,2.611393,3.140265),(0.987726,2.609224,3.153061),(1.066656,2.609224,3.153061),(1.066656,2.614992,3.164688),(1.066656,2.626492,3.170705),(1.066656,2.639332,3.168813),(1.066656,2.648607,3.159735),(1.066656,2.650776,3.146939),(1.066656,2.645008,3.135312),(1.066656,2.633508,3.129295),(1.066656,2.620668,3.131187),(1.066656,2.611393,3.140265),(1.066656,2.609224,3.153061),(1.145586,2.609224,3.153061),(1.145586,2.614992,3.164688),(1.145586,2.626492,3.170705),(1.145586,2.639332,3.168813),(1.145586,2.648607,3.159735),(1.145586,2.650776,3.146939),(1.145586,2.645008,3.135312),(1.145586,2.633508,3.129295),(1.145586,2.620668,3.131187),(1.145586,2.611393,3.140265),(1.145586,2.609224,3.153061),(1.224515,2.609224,3.153061),(1.224515,2.614992,3.164688),(1.224515,2.626492,3.170705),(1.224515,2.639332,3.168813),(1.224515,2.648607,3.159735),(1.224515,2.650776,3.146939),(1.224515,2.645008,3.135312),(1.224515,2.633508,3.129295),(1.224515,2.620668,3.131187),(1.224515,2.611393,3.140265),(1.224515,2.609224,3.153061),(1.303445,2.609224,3.153061),(1.303445,2.614992,3.164688),(1.303445,2.626492,3.170705),(1.303445,2.639332,3.168813),(1.303445,2.648607,3.159735),(1.303445,2.650776,3.146939),(1.303445,2.645008,3.135312),(1.303445,2.633508,3.129295),(1.303445,2.620668,3.131187),(1.303445,2.611393,3.140265),(1.303445,2.609224,3.153061),(1.382375,2.609224,3.153061),(1.382375,2.614992,3.164688),(1.382375,2.626492,3.170705),(1.382375,2.639332,3.168813),(1.382375,2.648607,3.159735),(1.382375,2.650776,3.146939),(1.382375,2.645008,3.135312),(1.382375,2.633508,3.129295),(1.382375,2.620668,3.131187),(1.382375,2.611393,3.140265),(1.382375,2.609224,3.153061),(1.461305,2.609224,3.153061),(1.461305,2.614992,3.164688),(1.461305,2.626492,3.170705),(1.461305,2.639332,3.168813),(1.461305,2.648607,3.159735),(1.461305,2.650776,3.146939),(1.461305,2.645008,3.135312),(1.461305,2.633508,3.129295),(1.461305,2.620668,3.131187),(1.461305,2.611393,3.140265),(1.461305,2.609224,3.153061),(1.540235,2.609224,3.153061),(1.540235,2.614992,3.164688),(1.540235,2.626492,3.170705),(1.540235,2.639332,3.168813),(1.540235,2.648607,3.159735),(1.540235,2.650776,3.146939),(1.540235,2.645008,3.135312),(1.540235,2.633508,3.129295),(1.540235,2.620668,3.131187),(1.540235,2.611393,3.140265),(1.540235,2.609224,3.153061),(1.619164,2.609224,3.153061),(1.619164,2.614992,3.164688),(1.619164,2.626492,3.170705),(1.619164,2.639332,3.168813),(1.619164,2.648607,3.159735),(1.619164,2.650776,3.146939),(1.619164,2.645008,3.135312),(1.619164,2.633508,3.129295),(1.619164,2.620668,3.131187),(1.619164,2.611393,3.140265),(1.619164,2.609224,3.153061),(1.698094,2.609224,3.153061),(1.698094,2.614992,3.164688),(1.698094,2.626492,3.170705),(1.698094,2.639332,3.168813),(1.698094,2.648607,3.159735),(1.698094,2.650776,3.146939),(1.698094,2.645008,3.135312),(1.698094,2.633508,3.129295),(1.698094,2.620668,3.131187),(1.698094,2.611393,3.140265),(1.698094,2.609224,3.153061),(1.777024,2.609224,3.153061),(1.777024,2.614992,3.164688),(1.777024,2.626492,3.170705),(1.777024,2.639332,3.168813),(1.777024,2.648607,3.159735),(1.777024,2.650776,3.146939),(1.777024,2.645008,3.135312),(1.777024,2.633508,3.129295),(1.777024,2.620668,3.131187),(1.777024,2.611393,3.140265),(1.777024,2.609224,3.153061),(1.855954,2.609224,3.153061),(1.855954,2.614992,3.164688),(1.855954,2.626492,3.170705),(1.855954,2.639332,3.168813),(1.855954,2.648607,3.159735),(1.855954,2.650776,3.146939),(1.855954,2.645008,3.135312),(1.855954,2.633508,3.129295),(1.855954,2.620668,3.131187),(1.855954,2.611393,3.140265),(1.855954,2.609224,3.153061),(1.934883,2.609224,3.153061),(1.934883,2.614992,3.164688),(1.934883,2.626492,3.170705),(1.934883,2.639332,3.168813),(1.934883,2.648607,3.159735),(1.934883,2.650776,3.146939),(1.934883,2.645008,3.135312),(1.934883,2.633508,3.129295),(1.934883,2.620668,3.131187),(1.934883,2.611393,3.140265),(1.934883,2.609224,3.153061),(2.013813,2.609224,3.153061),(2.013813,2.614992,3.164688),(2.013813,2.626492,3.170705),(2.013813,2.639332,3.168813),(2.013813,2.648607,3.159735),(2.013813,2.650776,3.146939),(2.013813,2.645008,3.135312),(2.013813,2.633508,3.129295),(2.013813,2.620668,3.131187),(2.013813,2.611393,3.140265),(2.013813,2.609224,3.153061),(2.092743,2.609224,3.153061),(2.092743,2.614992,3.164688),(2.092743,2.626492,3.170705),(2.092743,2.639332,3.168813),(2.092743,2.648607,3.159735),(2.092743,2.650776,3.146939),(2.092743,2.645008,3.135312),(2.092743,2.633508,3.129295),(2.092743,2.620668,3.131187),(2.092743,2.611393,3.140265),(2.092743,2.609224,3.153061),(2.171673,2.609224,3.153061),(2.171673,2.614992,3.164688),(2.171673,2.626492,3.170705),(2.171673,2.639332,3.168813),(2.171673,2.648607,3.159735),(2.171673,2.650776,3.146939),(2.171673,2.645008,3.135312),(2.171673,2.633508,3.129295),(2.171673,2.620668,3.131187),(2.171673,2.611393,3.140265),(2.171673,2.609224,3.153061),(2.250602,2.609224,3.153061),(2.250602,2.614992,3.164688),(2.250602,2.626492,3.170705),(2.250602,2.639332,3.168813),(2.250602,2.648607,3.159735),(2.250602,2.650776,3.146939),(2.250602,2.645008,3.135312),(2.250602,2.633508,3.129295),(2.250602,2.620668,3.131187),(2.250602,2.611393,3.140265),(2.250602,2.609224,3.153061),(2.329532,2.609224,3.153061),(2.329532,2.614992,3.164688),(2.329532,2.626492,3.170705),(2.329532,2.639332,3.168813),(2.329532,2.648607,3.159735),(2.329532,2.650776,3.146939),(2.329532,2.645008,3.135312),(2.329532,2.633508,3.129295),(2.329532,2.620668,3.131187),(2.329532,2.611393,3.140265),(2.329532,2.609224,3.153061),(2.408462,2.609224,3.153061),(2.408462,2.614992,3.164688),(2.408462,2.626492,3.170705),(2.408462,2.639332,3.168813),(2.408462,2.648607,3.159735),(2.408462,2.650776,3.146939),(2.408462,2.645008,3.135312),(2.408462,2.633508,3.129295),(2.408462,2.620668,3.131187),(2.408462,2.611393,3.140265),(2.408462,2.609224,3.153061),(2.487392,2.609224,3.153061),(2.487392,2.614992,3.164688),(2.487392,2.626492,3.170705),(2.487392,2.639332,3.168813),(2.487392,2.648607,3.159735),(2.487392,2.650776,3.146939),(2.487392,2.645008,3.135312),(2.487392,2.633508,3.129295),(2.487392,2.620668,3.131187),(2.487392,2.611393,3.140265),(2.487392,2.609224,3.153061),(2.566322,2.609224,3.153061),(2.566322,2.614992,3.164688),(2.566322,2.626492,3.170705),(2.566322,2.639332,3.168813),(2.566322,2.648607,3.159735),(2.566322,2.650776,3.146939),(2.566322,2.645008,3.135312),(2.566322,2.633508,3.129295),(2.566322,2.620668,3.131187),(2.566322,2.611393,3.140265),(2.566322,2.609224,3.153061),(2.645252,2.609224,3.153061),(2.645252,2.614992,3.164688),(2.645252,2.626492,3.170705),(2.645252,2.639332,3.168813),(2.645252,2.648607,3.159735),(2.645252,2.650776,3.146939),(2.645252,2.645008,3.135312),(2.645252,2.633508,3.129295),(2.645252,2.620668,3.131187),(2.645252,2.611393,3.140265),(2.645252,2.609224,3.153061),(2.724181,2.609224,3.153061),(2.724181,2.614992,3.164688),(2.724181,2.626492,3.170705),(2.724181,2.639332,3.168813),(2.724181,2.648607,3.159735),(2.724181,2.650776,3.146939),(2.724181,2.645008,3.135312),(2.724181,2.633508,3.129295),(2.724181,2.620668,3.131187),(2.724181,2.611393,3.140265),(2.724181,2.609224,3.153061),(2.803111,2.609224,3.153061),(2.803111,2.614992,3.164688),(2.803111,2.626492,3.170705),(2.803111,2.639332,3.168813),(2.803111,2.648607,3.159735),(2.803111,2.650776,3.146939),(2.803111,2.645008,3.135312),(2.803111,2.633508,3.129295),(2.803111,2.620668,3.131187),(2.803111,2.611393,3.140265),(2.803111,2.609224,3.153061),(2.882041,2.609224,3.153061),(2.882041,2.614992,3.164688),(2.882041,2.626492,3.170705),(2.882041,2.639332,3.168813),(2.882041,2.648607,3.159735),(2.882041,2.650776,3.146939),(2.882041,2.645008,3.135312),(2.882041,2.633508,3.129295),(2.882041,2.620668,3.131187),(2.882041,2.611393,3.140265),(2.882041,2.609224,3.153061),(2.960971,2.609224,3.153061),(2.960971,2.614992,3.164688),(2.960971,2.626492,3.170705),(2.960971,2.639332,3.168813),(2.960971,2.648607,3.159735),(2.960971,2.650776,3.146939),(2.960971,2.645008,3.135312),(2.960971,2.633508,3.129295),(2.960971,2.620668,3.131187),(2.960971,2.611393,3.140265),(2.960971,2.609224,3.153061),(3.039901,2.609224,3.153061),(3.039901,2.614992,3.164688),(3.039901,2.626492,3.170705),(3.039901,2.639332,3.168813),(3.039901,2.648607,3.159735),(3.039901,2.650776,3.146939),(3.039901,2.645008,3.135312),(3.039901,2.633508,3.129295),(3.039901,2.620668,3.131187),(3.039901,2.611393,3.140265),(3.039901,2.609224,3.153061),(3.11883,2.609224,3.153061),(3.11883,2.614992,3.164688),(3.11883,2.626492,3.170705),(3.11883,2.639332,3.168813),(3.11883,2.648607,3.159735),(3.11883,2.650776,3.146939),(3.11883,2.645008,3.135312),(3.11883,2.633508,3.129295),(3.11883,2.620668,3.131187),(3.11883,2.611393,3.140265),(3.11883,2.609224,3.153061),(3.19776,2.609224,3.153061),(3.19776,2.614992,3.164688),(3.19776,2.626492,3.170705),(3.19776,2.639332,3.168813),(3.19776,2.648607,3.159735),(3.19776,2.650776,3.146939),(3.19776,2.645008,3.135312),(3.19776,2.633508,3.129295),(3.19776,2.620668,3.131187),(3.19776,2.611393,3.140265),(3.19776,2.609224,3.153061),(3.27669,2.609224,3.153061),(3.27669,2.614992,3.164688),(3.27669,2.626492,3.170705),(3.27669,2.639332,3.168813),(3.27669,2.648607,3.159735),(3.27669,2.650776,3.146939),(3.27669,2.645008,3.135312),(3.27669,2.633508,3.129295),(3.27669,2.620668,3.131187),(3.27669,2.611393,3.140265),(3.27669,2.609224,3.153061),(3.35562,2.609224,3.153061),(3.35562,2.614992,3.164688),(3.35562,2.626492,3.170705),(3.35562,2.639332,3.168813),(3.35562,2.648607,3.159735),(3.35562,2.650776,3.146939),(3.35562,2.645008,3.135312),(3.35562,2.633508,3.129295),(3.35562,2.620668,3.131187),(3.35562,2.611393,3.140265),(3.35562,2.609224,3.153061),(3.434549,2.609224,3.153061),(3.434549,2.614992,3.164688),(3.434549,2.626492,3.170705),(3.434549,2.639332,3.168813),(3.434549,2.648607,3.159735),(3.434549,2.650776,3.146939),(3.434549,2.645008,3.135312),(3.434549,2.633508,3.129295),(3.434549,2.620668,3.131187),(3.434549,2.611393,3.140265),(3.434549,2.609224,3.153061),(3.513479,2.609224,3.153061),(3.513479,2.614992,3.164688),(3.513479,2.626492,3.170705),(3.513479,2.639332,3.168813),(3.513479,2.648607,3.159735),(3.513479,2.650776,3.146939),(3.513479,2.645008,3.135312),(3.513479,2.633508,3.129295),(3.513479,2.620668,3.131187),(3.513479,2.611393,3.140265),(3.513479,2.609224,3.153061),(3.592409,2.609224,3.153061),(3.592409,2.614992,3.164688),(3.592409,2.626492,3.170705),(3.592409,2.639332,3.168813),(3.592409,2.648607,3.159735),(3.592409,2.650776,3.146939),(3.592409,2.645008,3.135312),(3.592409,2.633508,3.129295),(3.592409,2.620668,3.131187),(3.592409,2.611393,3.140265),(3.592409,2.609224,3.153061),(3.671339,2.609224,3.153061),(3.671339,2.614992,3.164688),(3.671339,2.626492,3.170705),(3.671339,2.639332,3.168813),(3.671339,2.648607,3.159735),(3.671339,2.650776,3.146939),(3.671339,2.645008,3.135312),(3.671339,2.633508,3.129295),(3.671339,2.620668,3.131187),(3.671339,2.611393,3.140265),(3.671339,2.609224,3.153061),(3.74439,2.603957,3.153061),(3.745913,2.609519,3.164688),(3.748949,2.620611,3.170705),(3.75234,2.632995,3.168813),(3.754789,2.641942,3.159735),(3.755362,2.644033,3.146939),(3.753839,2.638471,3.135312),(3.750802,2.627379,3.129295),(3.747411,2.614995,3.131187),(3.744962,2.606048,3.140265),(3.74439,2.603957,3.153061),(3.794389,2.56771,3.153061),(3.799369,2.570619,3.164688),(3.809299,2.576418,3.170705),(3.820387,2.582894,3.168813),(3.828397,2.587572,3.159735),(3.830269,2.588665,3.146939),(3.825289,2.585757,3.135312),(3.815359,2.579957,3.129295),(3.804271,2.573482,3.131187),(3.796261,2.568804,3.140265),(3.794389,2.56771,3.153061),(3.809218,2.501728,3.153061),(3.814985,2.50177,3.164688),(3.826485,2.501855,3.170705),(3.839324,2.501949,3.168813),(3.8486,2.502017,3.159735),(3.850768,2.502033,3.146939),(3.845001,2.50199,3.135312),(3.833502,2.501906,3.129295),(3.820662,2.501812,3.131187),(3.811386,2.501744,3.140265),(3.809218,2.501728,3.153061),(3.809224,2.422934,3.153061),(3.814991,2.422934,3.164688),(3.826492,2.422934,3.170705),(3.839332,2.422934,3.168813),(3.848607,2.422934,3.159735),(3.850776,2.422934,3.146939),(3.845008,2.422934,3.135312),(3.833508,2.422934,3.129295),(3.820668,2.422934,3.131187),(3.811393,2.422934,3.140265),(3.809224,2.422934,3.153061),(3.809224,2.344004,3.153061),(3.814991,2.344004,3.164688),(3.826492,2.344004,3.170705),(3.839332,2.344004,3.168813),(3.848607,2.344004,3.159735),(3.850776,2.344004,3.146939),(3.845008,2.344004,3.135312),(3.833508,2.344004,3.129295),(3.820668,2.344004,3.131187),(3.811393,2.344004,3.140265),(3.809224,2.344004,3.153061),(3.809224,2.265074,3.153061),(3.814991,2.265074,3.164688),(3.826492,2.265074,3.170705),(3.839332,2.265074,3.168813),(3.848607,2.265074,3.159735),(3.850776,2.265074,3.146939),(3.845008,2.265074,3.135312),(3.833508,2.265074,3.129295),(3.820668,2.265074,3.131187),(3.811393,2.265074,3.140265),(3.809224,2.265074,3.153061),(3.809224,2.186145,3.153061),(3.814991,2.186145,3.164688),(3.826492,2.186145,3.170705),(3.839332,2.186145,3.168813),(3.848607,2.186145,3.159735),(3.850776,2.186145,3.146939),(3.845008,2.186145,3.135312),(3.833508,2.186145,3.129295),(3.820668,2.186145,3.131187),(3.811393,2.186145,3.140265),(3.809224,2.186145,3.153061),(3.809224,2.107215,3.153061),(3.814991,2.107215,3.164688),(3.826492,2.107215,3.170705),(3.839332,2.107215,3.168813),(3.848607,2.107215,3.159735),(3.850776,2.107215,3.146939),(3.845008,2.107215,3.135312),(3.833508,2.107215,3.129295),(3.820668,2.107215,3.131187),(3.811393,2.107215,3.140265),(3.809224,2.107215,3.153061),(3.809224,2.028285,3.153061),(3.814991,2.028285,3.164688),(3.826492,2.028285,3.170705),(3.839332,2.028285,3.168813),(3.848607,2.028285,3.159735),(3.850776,2.028285,3.146939),(3.845008,2.028285,3.135312),(3.833508,2.028285,3.129295),(3.820668,2.028285,3.131187),(3.811393,2.028285,3.140265),(3.809224,2.028285,3.153061),(3.809224,1.949355,3.153061),(3.814991,1.949355,3.164688),(3.826492,1.949355,3.170705),(3.839332,1.949355,3.168813),(3.848607,1.949355,3.159735),(3.850776,1.949355,3.146939),(3.845008,1.949355,3.135312),(3.833508,1.949355,3.129295),(3.820668,1.949355,3.131187),(3.811393,1.949355,3.140265),(3.809224,1.949355,3.153061),(3.809224,1.870425,3.153061),(3.814991,1.870425,3.164688),(3.826492,1.870425,3.170705),(3.839332,1.870425,3.168813),(3.848607,1.870425,3.159735),(3.850776,1.870425,3.146939),(3.845008,1.870425,3.135312),(3.833508,1.870425,3.129295),(3.820668,1.870425,3.131187),(3.811393,1.870425,3.140265),(3.809224,1.870425,3.153061),(3.809224,1.791496,3.153061),(3.814991,1.791496,3.164688),(3.826492,1.791496,3.170705),(3.839332,1.791496,3.168813),(3.848607,1.791496,3.159735),(3.850776,1.791496,3.146939),(3.845008,1.791496,3.135312),(3.833508,1.791496,3.129295),(3.820668,1.791496,3.131187),(3.811393,1.791496,3.140265),(3.809224,1.791496,3.153061),(3.809224,1.712566,3.153061),(3.814991,1.712566,3.164688),(3.826492,1.712566,3.170705),(3.839332,1.712566,3.168813),(3.848607,1.712566,3.159735),(3.850776,1.712566,3.146939),(3.845008,1.712566,3.135312),(3.833508,1.712566,3.129295),(3.820668,1.712566,3.131187),(3.811393,1.712566,3.140265),(3.809224,1.712566,3.153061),(3.809224,1.633636,3.153061),(3.814991,1.633636,3.164688),(3.826492,1.633636,3.170705),(3.839332,1.633636,3.168813),(3.848607,1.633636,3.159735),(3.850776,1.633636,3.146939),(3.845008,1.633636,3.135312),(3.833508,1.633636,3.129295),(3.820668,1.633636,3.131187),(3.811393,1.633636,3.140265),(3.809224,1.633636,3.153061),(3.809224,1.554706,3.153061),(3.814991,1.554706,3.164688),(3.826492,1.554706,3.170705),(3.839332,1.554706,3.168813),(3.848607,1.554706,3.159735),(3.850776,1.554706,3.146939),(3.845008,1.554706,3.135312),(3.833508,1.554706,3.129295),(3.820668,1.554706,3.131187),(3.811393,1.554706,3.140265),(3.809224,1.554706,3.153061),(3.809224,1.475776,3.153061),(3.814991,1.475776,3.164688),(3.826492,1.475776,3.170705),(3.839332,1.475776,3.168813),(3.848607,1.475776,3.159735),(3.850776,1.475776,3.146939),(3.845008,1.475776,3.135312),(3.833508,1.475776,3.129295),(3.820668,1.475776,3.131187),(3.811393,1.475776,3.140265),(3.809224,1.475776,3.153061),(3.809224,1.396847,3.153061),(3.814991,1.396847,3.164688),(3.826492,1.396847,3.170705),(3.839332,1.396847,3.168813),(3.848607,1.396847,3.159735),(3.850776,1.396847,3.146939),(3.845008,1.396847,3.135312),(3.833508,1.396847,3.129295),(3.820668,1.396847,3.131187),(3.811393,1.396847,3.140265),(3.809224,1.396847,3.153061),(3.809224,1.317917,3.153061),(3.814991,1.317917,3.164688),(3.826492,1.317917,3.170705),(3.839332,1.317917,3.168813),(3.848607,1.317917,3.159735),(3.850776,1.317917,3.146939),(3.845008,1.317917,3.135312),(3.833508,1.317917,3.129295),(3.820668,1.317917,3.131187),(3.811393,1.317917,3.140265),(3.809224,1.317917,3.153061),(3.809224,1.238987,3.153061),(3.814991,1.238987,3.164688),(3.826492,1.238987,3.170705),(3.839332,1.238987,3.168813),(3.848607,1.238987,3.159735),(3.850776,1.238987,3.146939),(3.845008,1.238987,3.135312),(3.833508,1.238987,3.129295),(3.820668,1.238987,3.131187),(3.811393,1.238987,3.140265),(3.809224,1.238987,3.153061),(3.809224,1.160057,3.153061),(3.814991,1.160057,3.164688),(3.826492,1.160057,3.170705),(3.839332,1.160057,3.168813),(3.848607,1.160057,3.159735),(3.850776,1.160057,3.146939),(3.845008,1.160057,3.135312),(3.833508,1.160057,3.129295),(3.820668,1.160057,3.131187),(3.811393,1.160057,3.140265),(3.809224,1.160057,3.153061),(3.809224,1.081128,3.153061),(3.814991,1.081128,3.164688),(3.826492,1.081128,3.170705),(3.839332,1.081128,3.168813),(3.848607,1.081128,3.159735),(3.850776,1.081128,3.146939),(3.845008,1.081128,3.135312),(3.833508,1.081128,3.129295),(3.820668,1.081128,3.131187),(3.811393,1.081128,3.140265),(3.809224,1.081128,3.153061),(3.809224,1.002198,3.153061),(3.814991,1.002198,3.164688),(3.826492,1.002198,3.170705),(3.839332,1.002198,3.168813),(3.848607,1.002198,3.159735),(3.850776,1.002198,3.146939),(3.845008,1.002198,3.135312),(3.833508,1.002198,3.129295),(3.820668,1.002198,3.131187),(3.811393,1.002198,3.140265),(3.809224,1.002198,3.153061),(3.809224,0.923268,3.153061),(3.814991,0.923268,3.164688),(3.826492,0.923268,3.170705),(3.839332,0.923268,3.168813),(3.848607,0.923268,3.159735),(3.850776,0.923268,3.146939),(3.845008,0.923268,3.135312),(3.833508,0.923268,3.129295),(3.820668,0.923268,3.131187),(3.811393,0.923268,3.140265),(3.809224,0.923268,3.153061),(3.809224,0.844338,3.153061),(3.814991,0.844338,3.164688),(3.826492,0.844338,3.170705),(3.839332,0.844338,3.168813),(3.848607,0.844338,3.159735),(3.850776,0.844338,3.146939),(3.845008,0.844338,3.135312),(3.833508,0.844338,3.129295),(3.820668,0.844338,3.131187),(3.811393,0.844338,3.140265),(3.809224,0.844338,3.153061),(3.809224,0.765408,3.153061),(3.814991,0.765408,3.164688),(3.826492,0.765408,3.170705),(3.839332,0.765408,3.168813),(3.848607,0.765408,3.159735),(3.850776,0.765408,3.146939),(3.845008,0.765408,3.135312),(3.833508,0.765408,3.129295),(3.820668,0.765408,3.131187),(3.811393,0.765408,3.140265),(3.809224,0.765408,3.153061),(3.809224,0.686478,3.153061),(3.814991,0.686478,3.164688),(3.826492,0.686478,3.170705),(3.839332,0.686478,3.168813),(3.848607,0.686478,3.159735),(3.850776,0.686478,3.146939),(3.845008,0.686478,3.135312),(3.833508,0.686478,3.129295),(3.820668,0.686478,3.131187),(3.811393,0.686478,3.140265),(3.809224,0.686478,3.153061),(3.825022,0.6002,3.153061),(3.830217,0.602702,3.164688),(3.840578,0.607693,3.170705),(3.852146,0.613265,3.168813),(3.860503,0.617291,3.159735),(3.862456,0.618232,3.146939),(3.85726,0.615729,3.135312),(3.8469,0.610738,3.129295),(3.835332,0.605166,3.131187),(3.826975,0.601141,3.140265),(3.825022,0.6002,3.153061),(3.895363,0.538819,3.153061),(3.897233,0.544274,3.164688),(3.900962,0.555153,3.170705),(3.905126,0.567299,3.168813),(3.908134,0.576073,3.159735),(3.908837,0.578125,3.146939),(3.906967,0.572669,3.135312),(3.903238,0.56179,3.129295),(3.899074,0.549644,3.131187),(3.896066,0.54087,3.140265),(3.895363,0.538819,3.153061),(3.980312,0.529224,3.153061),(3.980312,0.534992,3.164688),(3.980312,0.546492,3.170705),(3.980312,0.559332,3.168813),(3.980312,0.568607,3.159735),(3.980312,0.570776,3.146939),(3.980312,0.565008,3.135312),(3.980312,0.553508,3.129295),(3.980312,0.540668,3.131187),(3.980312,0.531393,3.140265),(3.980312,0.529224,3.153061),(4.059242,0.529224,3.153061),(4.059242,0.534992,3.164688),(4.059242,0.546492,3.170705),(4.059242,0.559332,3.168813),(4.059242,0.568607,3.159735),(4.059242,0.570776,3.146939),(4.059242,0.565008,3.135312),(4.059242,0.553508,3.129295),(4.059242,0.540668,3.131187),(4.059242,0.531393,3.140265),(4.059242,0.529224,3.153061),(4.138172,0.529224,3.153061),(4.138172,0.534992,3.164688),(4.138172,0.546492,3.170705),(4.138172,0.559332,3.168813),(4.138172,0.568607,3.159735),(4.138172,0.570776,3.146939),(4.138172,0.565008,3.135312),(4.138172,0.553508,3.129295),(4.138172,0.540668,3.131187),(4.138172,0.531393,3.140265),(4.138172,0.529224,3.153061),(4.217101,0.529224,3.153061),(4.217101,0.534992,3.164688),(4.217101,0.546492,3.170705),(4.217101,0.559332,3.168813),(4.217101,0.568607,3.159735),(4.217101,0.570776,3.146939),(4.217101,0.565008,3.135312),(4.217101,0.553508,3.129295),(4.217101,0.540668,3.131187),(4.217101,0.531393,3.140265),(4.217101,0.529224,3.153061),(4.296494,0.529224,3.148028),(4.299233,0.534992,3.159328),(4.30065,0.546492,3.165175),(4.300204,0.559332,3.163336),(4.298066,0.568607,3.154514),(4.295052,0.570776,3.142077),(4.292313,0.565008,3.130778),(4.290896,0.553508,3.124931),(4.291342,0.540668,3.126769),(4.29348,0.531393,3.135592),(4.296494,0.529224,3.148028),(4.362681,0.529224,3.103472),(4.372463,0.534992,3.109757),(4.377524,0.546492,3.113009),(4.375932,0.559332,3.111987),(4.368295,0.568607,3.107079),(4.35753,0.570776,3.100162),(4.347748,0.565008,3.093876),(4.342687,0.553508,3.090624),(4.344278,0.540668,3.091647),(4.351916,0.531393,3.096554),(4.362681,0.529224,3.103472),(4.382987,0.529224,3.026179),(4.39461,0.534992,3.026462),(4.400625,0.546492,3.026608),(4.398734,0.559332,3.026562),(4.389658,0.568607,3.026341),(4.376866,0.570776,3.02603),(4.365242,0.565008,3.025747),(4.359228,0.553508,3.0256),(4.361119,0.540668,3.025646),(4.370194,0.531393,3.025867),(4.382987,0.529224,3.026179),(4.383061,0.529224,2.947157),(4.394688,0.534992,2.947157),(4.400705,0.546492,2.947157),(4.398813,0.559332,2.947157),(4.389735,0.568607,2.947157),(4.376939,0.570776,2.947157),(4.365312,0.565008,2.947157),(4.359295,0.553508,2.947157),(4.361187,0.540668,2.947157),(4.370265,0.531393,2.947157),(4.383061,0.529224,2.947157),(4.383061,0.529224,2.868228),(4.394688,0.534992,2.868228),(4.400705,0.546492,2.868228),(4.398813,0.559332,2.868228),(4.389735,0.568607,2.868228),(4.376939,0.570776,2.868228),(4.365312,0.565008,2.868228),(4.359295,0.553508,2.868228),(4.361187,0.540668,2.868228),(4.370265,0.531393,2.868228),(4.383061,0.529224,2.868228),(4.383061,0.529224,2.789298),(4.394688,0.534992,2.789298),(4.400705,0.546492,2.789298),(4.398813,0.559332,2.789298),(4.389735,0.568607,2.789298),(4.376939,0.570776,2.789298),(4.365312,0.565008,2.789298),(4.359295,0.553508,2.789298),(4.361187,0.540668,2.789298),(4.370265,0.531393,2.789298),(4.383061,0.529224,2.789298),(4.383061,0.529224,2.710368),(4.394688,0.534992,2.710368),(4.400705,0.546492,2.710368),(4.398813,0.559332,2.710368),(4.389735,0.568607,2.710368),(4.376939,0.570776,2.710368),(4.365312,0.565008,2.710368),(4.359295,0.553508,2.710368),(4.361187,0.540668,2.710368),(4.370265,0.531393,2.710368),(4.383061,0.529224,2.710368),(4.383061,0.529224,2.631438),(4.394688,0.534992,2.631438),(4.400705,0.546492,2.631438),(4.398813,0.559332,2.631438),(4.389735,0.568607,2.631438),(4.376939,0.570776,2.631438),(4.365312,0.565008,2.631438),(4.359295,0.553508,2.631438),(4.361187,0.540668,2.631438),(4.370265,0.531393,2.631438),(4.383061,0.529224,2.631438),(4.383061,0.529224,2.552509),(4.394688,0.534992,2.552509),(4.400705,0.546492,2.552509),(4.398813,0.559332,2.552509),(4.389735,0.568607,2.552509),(4.376939,0.570776,2.552509),(4.365312,0.565008,2.552509),(4.359295,0.553508,2.552509),(4.361187,0.540668,2.552509),(4.370265,0.531393,2.552509),(4.383061,0.529224,2.552509),(4.383061,0.529224,2.473579),(4.394688,0.534992,2.473579),(4.400705,0.546492,2.473579),(4.398813,0.559332,2.473579),(4.389735,0.568607,2.473579),(4.376939,0.570776,2.473579),(4.365312,0.565008,2.473579),(4.359295,0.553508,2.473579),(4.361187,0.540668,2.473579),(4.370265,0.531393,2.473579),(4.383061,0.529224,2.473579),(4.383061,0.529224,2.394649),(4.394688,0.534992,2.394649),(4.400705,0.546492,2.394649),(4.398813,0.559332,2.394649),(4.389735,0.568607,2.394649),(4.376939,0.570776,2.394649),(4.365312,0.565008,2.394649),(4.359295,0.553508,2.394649),(4.361187,0.540668,2.394649),(4.370265,0.531393,2.394649),(4.383061,0.529224,2.394649),(4.383061,0.529224,2.315719),(4.394688,0.534992,2.315719),(4.400705,0.546492,2.315719),(4.398813,0.559332,2.315719),(4.389735,0.568607,2.315719),(4.376939,0.570776,2.315719),(4.365312,0.565008,2.315719),(4.359295,0.553508,2.315719),(4.361187,0.540668,2.315719),(4.370265,0.531393,2.315719),(4.383061,0.529224,2.315719),(4.383061,0.529224,2.236789),(4.394688,0.534992,2.236789),(4.400705,0.546492,2.236789),(4.398813,0.559332,2.236789),(4.389735,0.568607,2.236789),(4.376939,0.570776,2.236789),(4.365312,0.565008,2.236789),(4.359295,0.553508,2.236789),(4.361187,0.540668,2.236789),(4.370265,0.531393,2.236789),(4.383061,0.529224,2.236789),(4.383061,0.529224,2.15786),(4.394688,0.534992,2.15786),(4.400705,0.546492,2.15786),(4.398813,0.559332,2.15786),(4.389735,0.568607,2.15786),(4.376939,0.570776,2.15786),(4.365312,0.565008,2.15786),(4.359295,0.553508,2.15786),(4.361187,0.540668,2.15786),(4.370265,0.531393,2.15786),(4.383061,0.529224,2.15786),(4.383061,0.529224,2.07893),(4.394688,0.534992,2.07893),(4.400705,0.546492,2.07893),(4.398813,0.559332,2.07893),(4.389735,0.568607,2.07893),(4.376939,0.570776,2.07893),(4.365312,0.565008,2.07893),(4.359295,0.553508,2.07893),(4.361187,0.540668,2.07893),(4.370265,0.531393,2.07893),(4.383061,0.529224,2.07893),(4.383061,0.529224,2.),(4.394688,0.534992,2.),(4.400705,0.546492,2.),(4.398813,0.559332,2.),(4.389735,0.568607,2.),(4.376939,0.570776,2.),(4.365312,0.565008,2.),(4.359295,0.553508,2.),(4.361187,0.540668,2.),(4.370265,0.531393,2.),(4.383061,0.529224,2.)));
#405=IFCTRIANGULATEDFACESET(#404,$,$,((1,12,2),(12,13,2),(2,13,3),(13,14,3),(3,14,4),(14,15,4),(4,15,5),(15,16,5),(5,16,6),(16,17,6),(6,17,7),(17,18,7),(7,18,8),(18,19,8),(8,19,9),(19,20,9),(9,20,10),(20,21,10),(10,21,11),(21,22,11),(12,23,13),(23,24,13),(13,24,14),(24,25,14),(14,25,15),(25,26,15),(15,26,16),(26,27,16),(16,27,17),(27,28,17),(17,28,18),(28,29,18),(18,29,19),(29,30,19),(19,30,20),(30,31,20),(20,31,21),(31,32,21),(21,32,22),(32,33,22),(23,34,24),(34,35,24),(24,35,25),(35,36,25),(25,36,26),(36,37,26),(26,37,27),(37,38,27),(27,38,28),(38,39,28),(28,39,29),(39,40,29),(29,40,30),(40,41,30),(30,41,31),(41,42,31),(31,42,32),(42,43,32),(32,43,33),(43,44,33),(34,45,35),(45,46,35),(35,46,36),(46,47,36),(36,47,37),(47,48,37),(37,48,38),(48,49,38),(38,49,39),(49,50,39),(39,50,40),(50,51,40),(40,51,41),(51,52,41),(41,52,42),(52,53,42),(42,53,43),(53,54,43),(43,54,44),(54,55,44),(45,56,46),(56,57,46),(46,57,47),(57,58,47),(47,58,48),(58,59,48),(48,59,49),(59,60,49),(49,60,50),(60,61,50),(50,61,51),(61,62,51),(51,62,52),(62,63,52),(52,63,53),(63,64,53),(53,64,54),(64,65,54),(54,65,55),(65,66,55),(56,67,57),(67,68,57),(57,68,58),(68,69,58),(58,69,59),(69,70,59),(59,70,60),(70,71,60),(60,71,61),(71,72,61),(61,72,62),(72,73,62),(62,73,63),(73,74,63),(63,74,64),(74,75,64),(64,75,65),(75,76,65),(65,76,66),(76,77,66),(67,78,68),(78,79,68),(68,79,69),(79,80,69),(69,80,70),(80,81,70),(70,81,71),(81,82,71),(71,82,72),(82,83,72),(72,83,73),(83,84,73),(73,84,74),(84,85,74),(74,85,75),(85,86,75),(75,86,76),(86,87,76),(76,87,77),(87,88,77),(78,89,79),(89,90,79),(79,90,80),(90,91,80),(80,91,81),(91,92,81),(81,92,82),(92,93,82),(82,93,83),(93,94,83),(83,94,84),(94,95,84),(84,95,85),(95,96,85),(85,96,86),(96,97,86),(86,97,87),(97,98,87),(87,98,88),(98,99,88),(89,100,90),(100,101,90),(90,101,91),(101,102,91),(91,102,92),(102,103,92),(92,103,93),(103,104,93),(93,104,94),(104,105,94),(94,105,95),(105,106,95),(95,106,96),(106,107,96),(96,107,97),(107,108,97),(97,108,98),(108,109,98),(98,109,99),(109,110,99),(100,111,101),(111,112,101),(101,112,102),(112,113,102),(102,113,103),(113,114,103),(103,114,104),(114,115,104),(104,115,105),(115,116,105),(105,116,106),(116,117,106),(106,117,107),(117,118,107),(107,118,108),(118,119,108),(108,119,109),(119,120,109),(109,120,110),(120,121,110),(111,122,112),(122,123,112),(112,123,113),(123,124,113),(113,124,114),(124,125,114),(114,125,115),(125,126,115),(115,126,116),(126,127,116),(116,127,117),(127,128,117),(117,128,118),(128,129,118),(118,129,119),(129,130,119),(119,130,120),(130,131,120),(120,131,121),(131,132,121),(122,133,123),(133,134,123),(123,134,124),(134,135,124),(124,135,125),(135,136,125),(125,136,126),(136,137,126),(126,137,127),(137,138,127),(127,138,128),(138,139,128),(128,139,129),(139,140,129),(129,140,130),(140,141,130),(130,141,131),(141,142,131),(131,142,132),(142,143,132),(133,144,134),(144,145,134),(134,145,135),(145,146,135),(135,146,136),(146,147,136),(136,147,137),(147,148,137),(137,148,138),(148,149,138),(138,149,139),(149,150,139),(139,150,140),(150,151,140),(140,151,141),(151,152,141),(141,152,142),(152,153,142),(142,153,143),(153,154,143),(144,155,145),(155,156,145),(145,156,146),(156,157,146),(146,157,147),(157,158,147),(147,158,148),(158,159,148),(148,159,149),(159,160,149),(149,160,150),(160,161,150),(150,161,151),(161,162,151),(151,162,152),(162,163,152),(152,163,153),(163,164,153),(153,164,154),(164,165,154),(155,166,156),(166,167,156),(156,167,157),(167,168,157),(157,168,158),(168,169,158),(158,169,159),(169,170,159),(159,170,160),(170,171,160),(160,171,161),(171,172,161),(161,172,162),(172,173,162),(162,173,163),(173,174,163),(163,174,164),(174,175,164),(164,175,165),(175,176,165),(166,177,167),(177,178,167),(167,178,168),(178,179,168),(168,179,169),(179,180,169),(169,180,170),(180,181,170),(170,181,171),(181,182,171),(171,182,172),(182,183,172),(172,183,173),(183,184,173),(173,184,174),(184,185,174),(174,185,175),(185,186,175),(175,186,176),(186,187,176),(177,188,178),(188,189,178),(178,189,179),(189,190,179),(179,190,180),(190,191,180),(180,191,181),(191,192,181),(181,192,182),(192,193,182),(182,193,183),(193,194,183),(183,194,184),(194,195,184),(184,195,185),(195,196,185),(185,196,186),(196,197,186),(186,197,187),(197,198,187),(188,199,189),(199,200,189),(189,200,190),(200,201,190),(190,201,191),(201,202,191),(191,202,192),(202,203,192),(192,203,193),(203,204,193),(193,204,194),(204,205,194),(194,205,195),(205,206,195),(195,206,196),(206,207,196),(196,207,197),(207,208,197),(197,208,198),(208,209,198),(199,210,200),(210,211,200),(200,211,201),(211,212,201),(201,212,202),(212,213,202),(202,213,203),(213,214,203),(203,214,204),(214,215,204),(204,215,205),(215,216,205),(205,216,206),(216,217,206),(206,217,207),(217,218,207),(207,218,208),(218,219,208),(208,219,209),(219,220,209),(210,221,211),(221,222,211),(211,222,212),(222,223,212),(212,223,213),(223,224,213),(213,224,214),(224,225,214),(214,225,215),(225,226,215),(215,226,216),(226,227,216),(216,227,217),(227,228,217),(217,228,218),(228,229,218),(218,229,219),(229,230,219),(219,230,220),(230,231,220),(221,232,222),(232,233,222),(222,233,223),(233,234,223),(223,234,224),(234,235,224),(224,235,225),(235,236,225),(225,236,226),(236,237,226),(226,237,227),(237,238,227),(227,238,228),(238,239,228),(228,239,229),(239,240,229),(229,240,230),(240,241,230),(230,241,231),(241,242,231),(232,243,233),(243,244,233),(233,244,234),(244,245,234),(234,245,235),(245,246,235),(235,246,236),(246,247,236),(236,247,237),(247,248,237),(237,248,238),(248,249,238),(238,249,239),(249,250,239),(239,250,240),(250,251,240),(240,251,241),(251,252,241),(241,252,242),(252,253,242),(243,254,244),(254,255,244),(244,255,245),(255,256,245),(245,256,246),(256,257,246),(246,257,247),(257,258,247),(247,258,248),(258,259,248),(248,259,249),(259,260,249),(249,260,250),(260,261,250),(250,261,251),(261,262,251),(251,262,252),(262,263,252),(252,263,253),(263,264,253),(254,265,255),(265,266,255),(255,266,256),(266,267,256),(256,267,257),(267,268,257),(257,268,258),(268,269,258),(258,269,259),(269,270,259),(259,270,260),(270,271,260),(260,271,261),(271,272,261),(261,272,262),(272,273,262),(262,273,263),(273,274,263),(263,274,264),(274,275,264),(265,276,266),(276,277,266),(266,277,267),(277,278,267),(267,278,268),(278,279,268),(268,279,269),(279,280,269),(269,280,270),(280,281,270),(270,281,271),(281,282,271),(271,282,272),(282,283,272),(272,283,273),(283,284,273),(273,284,274),(284,285,274),(274,285,275),(285,286,275),(276,287,277),(287,288,277),(277,288,278),(288,289,278),(278,289,279),(289,290,279),(279,290,280),(290,291,280),(280,291,281),(291,292,281),(281,292,282),(292,293,282),(282,293,283),(293,294,283),(283,294,284),(294,295,284),(284,295,285),(295,296,285),(285,296,286),(296,297,286),(287,298,288),(298,299,288),(288,299,289),(299,300,289),(289,300,290),(300,301,290),(290,301,291),(301,302,291),(291,302,292),(302,303,292),(292,303,293),(303,304,293),(293,304,294),(304,305,294),(294,305,295),(305,306,295),(295,306,296),(306,307,296),(296,307,297),(307,308,297),(298,309,299),(309,310,299),(299,310,300),(310,311,300),(300,311,301),(311,312,301),(301,312,302),(312,313,302),(302,313,303),(313,314,303),(303,314,304),(314,315,304),(304,315,305),(315,316,305),(305,316,306),(316,317,306),(306,317,307),(317,318,307),(307,318,308),(318,319,308),(309,320,310),(320,321,310),(310,321,311),(321,322,311),(311,322,312),(322,323,312),(312,323,313),(323,324,313),(313,324,314),(324,325,314),(314,325,315),(325,326,315),(315,326,316),(326,327,316),(316,327,317),(327,328,317),(317,328,318),(328,329,318),(318,329,319),(329,330,319),(320,331,321),(331,332,321),(321,332,322),(332,333,322),(322,333,323),(333,334,323),(323,334,324),(334,335,324),(324,335,325),(335,336,325),(325,336,326),(336,337,326),(326,337,327),(337,338,327),(327,338,328),(338,339,328),(328,339,329),(339,340,329),(329,340,330),(340,341,330),(331,342,332),(342,343,332),(332,343,333),(343,344,333),(333,344,334),(344,345,334),(334,345,335),(345,346,335),(335,346,336),(346,347,336),(336,347,337),(347,348,337),(337,348,338),(348,349,338),(338,349,339),(349,350,339),(339,350,340),(350,351,340),(340,351,341),(351,352,341),(342,353,343),(353,354,343),(343,354,344),(354,355,344),(344,355,345),(355,356,345),(345,356,346),(356,357,346),(346,357,347),(357,358,347),(347,358,348),(358,359,348),(348,359,349),(359,360,349),(349,360,350),(360,361,350),(350,361,351),(361,362,351),(351,362,352),(362,363,352),(353,364,354),(364,365,354),(354,365,355),(365,366,355),(355,366,356),(366,367,356),(356,367,357),(367,368,357),(357,368,358),(368,369,358),(358,369,359),(369,370,359),(359,370,360),(370,371,360),(360,371,361),(371,372,361),(361,372,362),(372,373,362),(362,373,363),(373,374,363),(364,375,365),(375,376,365),(365,376,366),(376,377,366),(366,377,367),(377,378,367),(367,378,368),(378,379,368),(368,379,369),(379,380,369),(369,380,370),(380,381,370),(370,381,371),(381,382,371),(371,382,372),(382,383,372),(372,383,373),(383,384,373),(373,384,374),(384,385,374),(375,386,376),(386,387,376),(376,387,377),(387,388,377),(377,388,378),(388,389,378),(378,389,379),(389,390,379),(379,390,380),(390,391,380),(380,391,381),(391,392,381),(381,392,382),(392,393,382),(382,393,383),(393,394,383),(383,394,384),(394,395,384),(384,395,385),(395,396,385),(386,397,387),(397,398,387),(387,398,388),(398,399,388),(388,399,389),(399,400,389),(389,400,390),(400,401,390),(390,401,391),(401,402,391),(391,402,392),(402,403,392),(392,403,393),(403,404,393),(393,404,394),(404,405,394),(394,405,395),(405,406,395),(395,406,396),(406,407,396),(397,408,398),(408,409,398),(398,409,399),(409,410,399),(399,410,400),(410,411,400),(400,411,401),(411,412,401),(401,412,402),(412,413,402),(402,413,403),(413,414,403),(403,414,404),(414,415,404),(404,415,405),(415,416,405),(405,416,406),(416,417,406),(406,417,407),(417,418,407),(408,419,409),(419,420,409),(409,420,410),(420,421,410),(410,421,411),(421,422,411),(411,422,412),(422,423,412),(412,423,413),(423,424,413),(413,424,414),(424,425,414),(414,425,415),(425,426,415),(415,426,416),(426,427,416),(416,427,417),(427,428,417),(417,428,418),(428,429,418),(419,430,420),(430,431,420),(420,431,421),(431,432,421),(421,432,422),(432,433,422),(422,433,423),(433,434,423),(423,434,424),(434,435,424),(424,435,425),(435,436,425),(425,436,426),(436,437,426),(426,437,427),(437,438,427),(427,438,428),(438,439,428),(428,439,429),(439,440,429),(430,441,431),(441,442,431),(431,442,432),(442,443,432),(432,443,433),(443,444,433),(433,444,434),(444,445,434),(434,445,435),(445,446,435),(435,446,436),(446,447,436),(436,447,437),(447,448,437),(437,448,438),(448,449,438),(438,449,439),(449,450,439),(439,450,440),(450,451,440),(441,452,442),(452,453,442),(442,453,443),(453,454,443),(443,454,444),(454,455,444),(444,455,445),(455,456,445),(445,456,446),(456,457,446),(446,457,447),(457,458,447),(447,458,448),(458,459,448),(448,459,449),(459,460,449),(449,460,450),(460,461,450),(450,461,451),(461,462,451),(452,463,453),(463,464,453),(453,464,454),(464,465,454),(454,465,455),(465,466,455),(455,466,456),(466,467,456),(456,467,457),(467,468,457),(457,468,458),(468,469,458),(458,469,459),(469,470,459),(459,470,460),(470,471,460),(460,471,461),(471,472,461),(461,472,462),(472,473,462),(463,474,464),(474,475,464),(464,475,465),(475,476,465),(465,476,466),(476,477,466),(466,477,467),(477,478,467),(467,478,468),(478,479,468),(468,479,469),(479,480,469),(469,480,470),(480,481,470),(470,481,471),(481,482,471),(471,482,472),(482,483,472),(472,483,473),(483,484,473),(474,485,475),(485,486,475),(475,486,476),(486,487,476),(476,487,477),(487,488,477),(477,488,478),(488,489,478),(478,489,479),(489,490,479),(479,490,480),(490,491,480),(480,491,481),(491,492,481),(481,492,482),(492,493,482),(482,493,483),(493,494,483),(483,494,484),(494,495,484),(485,496,486),(496,497,486),(486,497,487),(497,498,487),(487,498,488),(498,499,488),(488,499,489),(499,500,489),(489,500,490),(500,501,490),(490,501,491),(501,502,491),(491,502,492),(502,503,492),(492,503,493),(503,504,493),(493,504,494),(504,505,494),(494,505,495),(505,506,495),(496,507,497),(507,508,497),(497,508,498),(508,509,498),(498,509,499),(509,510,499),(499,510,500),(510,511,500),(500,511,501),(511,512,501),(501,512,502),(512,513,502),(502,513,503),(513,514,503),(503,514,504),(514,515,504),(504,515,505),(515,516,505),(505,516,506),(516,517,506),(507,518,508),(518,519,508),(508,519,509),(519,520,509),(509,520,510),(520,521,510),(510,521,511),(521,522,511),(511,522,512),(522,523,512),(512,523,513),(523,524,513),(513,524,514),(524,525,514),(514,525,515),(525,526,515),(515,526,516),(526,527,516),(516,527,517),(527,528,517),(518,529,519),(529,530,519),(519,530,520),(530,531,520),(520,531,521),(531,532,521),(521,532,522),(532,533,522),(522,533,523),(533,534,523),(523,534,524),(534,535,524),(524,535,525),(535,536,525),(525,536,526),(536,537,526),(526,537,527),(537,538,527),(527,538,528),(538,539,528),(529,540,530),(540,541,530),(530,541,531),(541,542,531),(531,542,532),(542,543,532),(532,543,533),(543,544,533),(533,544,534),(544,545,534),(534,545,535),(545,546,535),(535,546,536),(546,547,536),(536,547,537),(547,548,537),(537,548,538),(548,549,538),(538,549,539),(549,550,539),(540,551,541),(551,552,541),(541,552,542),(552,553,542),(542,553,543),(553,554,543),(543,554,544),(554,555,544),(544,555,545),(555,556,545),(545,556,546),(556,557,546),(546,557,547),(557,558,547),(547,558,548),(558,559,548),(548,559,549),(559,560,549),(549,560,550),(560,561,550),(551,562,552),(562,563,552),(552,563,553),(563,564,553),(553,564,554),(564,565,554),(554,565,555),(565,566,555),(555,566,556),(566,567,556),(556,567,557),(567,568,557),(557,568,558),(568,569,558),(558,569,559),(569,570,559),(559,570,560),(570,571,560),(560,571,561),(571,572,561),(562,573,563),(573,574,563),(563,574,564),(574,575,564),(564,575,565),(575,576,565),(565,576,566),(576,577,566),(566,577,567),(577,578,567),(567,578,568),(578,579,568),(568,579,569),(579,580,569),(569,580,570),(580,581,570),(570,581,571),(581,582,571),(571,582,572),(582,583,572),(573,584,574),(584,585,574),(574,585,575),(585,586,575),(575,586,576),(586,587,576),(576,587,577),(587,588,577),(577,588,578),(588,589,578),(578,589,579),(589,590,579),(579,590,580),(590,591,580),(580,591,581),(591,592,581),(581,592,582),(592,593,582),(582,593,583),(593,594,583),(584,595,585),(595,596,585),(585,596,586),(596,597,586),(586,597,587),(597,598,587),(587,598,588),(598,599,588),(588,599,589),(599,600,589),(589,600,590),(600,601,590),(590,601,591),(601,602,591),(591,602,592),(602,603,592),(592,603,593),(603,604,593),(593,604,594),(604,605,594),(595,606,596),(606,607,596),(596,607,597),(607,608,597),(597,608,598),(608,609,598),(598,609,599),(609,610,599),(599,610,600),(610,611,600),(600,611,601),(611,612,601),(601,612,602),(612,613,602),(602,613,603),(613,614,603),(603,614,604),(614,615,604),(604,615,605),(615,616,605),(606,617,607),(617,618,607),(607,618,608),(618,619,608),(608,619,609),(619,620,609),(609,620,610),(620,621,610),(610,621,611),(621,622,611),(611,622,612),(622,623,612),(612,623,613),(623,624,613),(613,624,614),(624,625,614),(614,625,615),(625,626,615),(615,626,616),(626,627,616),(617,628,618),(628,629,618),(618,629,619),(629,630,619),(619,630,620),(630,631,620),(620,631,621),(631,632,621),(621,632,622),(632,633,622),(622,633,623),(633,634,623),(623,634,624),(634,635,624),(624,635,625),(635,636,625),(625,636,626),(636,637,626),(626,637,627),(637,638,627),(628,639,629),(639,640,629),(629,640,630),(640,641,630),(630,641,631),(641,642,631),(631,642,632),(642,643,632),(632,643,633),(643,644,633),(633,644,634),(644,645,634),(634,645,635),(645,646,635),(635,646,636),(646,647,636),(636,647,637),(647,648,637),(637,648,638),(648,649,638),(639,650,640),(650,651,640),(640,651,641),(651,652,641),(641,652,642),(652,653,642),(642,653,643),(653,654,643),(643,654,644),(654,655,644),(644,655,645),(655,656,645),(645,656,646),(656,657,646),(646,657,647),(657,658,647),(647,658,648),(658,659,648),(648,659,649),(659,660,649),(650,661,651),(661,662,651),(651,662,652),(662,663,652),(652,663,653),(663,664,653),(653,664,654),(664,665,654),(654,665,655),(665,666,655),(655,666,656),(666,667,656),(656,667,657),(667,668,657),(657,668,658),(668,669,658),(658,669,659),(669,670,659),(659,670,660),(670,671,660),(661,672,662),(672,673,662),(662,673,663),(673,674,663),(663,674,664),(674,675,664),(664,675,665),(675,676,665),(665,676,666),(676,677,666),(666,677,667),(677,678,667),(667,678,668),(678,679,668),(668,679,669),(679,680,669),(669,680,670),(680,681,670),(670,681,671),(681,682,671),(672,683,673),(683,684,673),(673,684,674),(684,685,674),(674,685,675),(685,686,675),(675,686,676),(686,687,676),(676,687,677),(687,688,677),(677,688,678),(688,689,678),(678,689,679),(689,690,679),(679,690,680),(690,691,680),(680,691,681),(691,692,681),(681,692,682),(692,693,682),(683,694,684),(694,695,684),(684,695,685),(695,696,685),(685,696,686),(696,697,686),(686,697,687),(697,698,687),(687,698,688),(698,699,688),(688,699,689),(699,700,689),(689,700,690),(700,701,690),(690,701,691),(701,702,691),(691,702,692),(702,703,692),(692,703,693),(703,704,693),(694,705,695),(705,706,695),(695,706,696),(706,707,696),(696,707,697),(707,708,697),(697,708,698),(708,709,698),(698,709,699),(709,710,699),(699,710,700),(710,711,700),(700,711,701),(711,712,701),(701,712,702),(712,713,702),(702,713,703),(713,714,703),(703,714,704),(714,715,704),(705,716,706),(716,717,706),(706,717,707),(717,718,707),(707,718,708),(718,719,708),(708,719,709),(719,720,709),(709,720,710),(720,721,710),(710,721,711),(721,722,711),(711,722,712),(722,723,712),(712,723,713),(723,724,713),(713,724,714),(724,725,714),(714,725,715),(725,726,715),(716,727,717),(727,728,717),(717,728,718),(728,729,718),(718,729,719),(729,730,719),(719,730,720),(730,731,720),(720,731,721),(731,732,721),(721,732,722),(732,733,722),(722,733,723),(733,734,723),(723,734,724),(734,735,724),(724,735,725),(735,736,725),(725,736,726),(736,737,726),(727,738,728),(738,739,728),(728,739,729),(739,740,729),(729,740,730),(740,741,730),(730,741,731),(741,742,731),(731,742,732),(742,743,732),(732,743,733),(743,744,733),(733,744,734),(744,745,734),(734,745,735),(745,746,735),(735,746,736),(746,747,736),(736,747,737),(747,748,737),(738,749,739),(749,750,739),(739,750,740),(750,751,740),(740,751,741),(751,752,741),(741,752,742),(752,753,742),(742,753,743),(753,754,743),(743,754,744),(754,755,744),(744,755,745),(755,756,745),(745,756,746),(756,757,746),(746,757,747),(757,758,747),(747,758,748),(758,759,748),(749,760,750),(760,761,750),(750,761,751),(761,762,751),(751,762,752),(762,763,752),(752,763,753),(763,764,753),(753,764,754),(764,765,754),(754,765,755),(765,766,755),(755,766,756),(766,767,756),(756,767,757),(767,768,757),(757,768,758),(768,769,758),(758,769,759),(769,770,759),(760,771,761),(771,772,761),(761,772,762),(772,773,762),(762,773,763),(773,774,763),(763,774,764),(774,775,764),(764,775,765),(775,776,765),(765,776,766),(776,777,766),(766,777,767),(777,778,767),(767,778,768),(778,779,768),(768,779,769),(779,780,769),(769,780,770),(780,781,770),(771,782,772),(782,783,772),(772,783,773),(783,784,773),(773,784,774),(784,785,774),(774,785,775),(785,786,775),(775,786,776),(786,787,776),(776,787,777),(787,788,777),(777,788,778),(788,789,778),(778,789,779),(789,790,779),(779,790,780),(790,791,780),(780,791,781),(791,792,781),(782,793,783),(793,794,783),(783,794,784),(794,795,784),(784,795,785),(795,796,785),(785,796,786),(796,797,786),(786,797,787),(797,798,787),(787,798,788),(798,799,788),(788,799,789),(799,800,789),(789,800,790),(800,801,790),(790,801,791),(801,802,791),(791,802,792),(802,803,792),(793,804,794),(804,805,794),(794,805,795),(805,806,795),(795,806,796),(806,807,796),(796,807,797),(807,808,797),(797,808,798),(808,809,798),(798,809,799),(809,810,799),(799,810,800),(810,811,800),(800,811,801),(811,812,801),(801,812,802),(812,813,802),(802,813,803),(813,814,803),(804,815,805),(815,816,805),(805,816,806),(816,817,806),(806,817,807),(817,818,807),(807,818,808),(818,819,808),(808,819,809),(819,820,809),(809,820,810),(820,821,810),(810,821,811),(821,822,811),(811,822,812),(822,823,812),(812,823,813),(823,824,813),(813,824,814),(824,825,814),(815,826,816),(826,827,816),(816,827,817),(827,828,817),(817,828,818),(828,829,818),(818,829,819),(829,830,819),(819,830,820),(830,831,820),(820,831,821),(831,832,821),(821,832,822),(832,833,822),(822,833,823),(833,834,823),(823,834,824),(834,835,824),(824,835,825),(835,836,825),(826,837,827),(837,838,827),(827,838,828),(838,839,828),(828,839,829),(839,840,829),(829,840,830),(840,841,830),(830,841,831),(841,842,831),(831,842,832),(842,843,832),(832,843,833),(843,844,833),(833,844,834),(844,845,834),(834,845,835),(845,846,835),(835,846,836),(846,847,836),(837,848,838),(848,849,838),(838,849,839),(849,850,839),(839,850,840),(850,851,840),(840,851,841),(851,852,841),(841,852,842),(852,853,842),(842,853,843),(853,854,843),(843,854,844),(854,855,844),(844,855,845),(855,856,845),(845,856,846),(856,857,846),(846,857,847),(857,858,847),(848,859,849),(859,860,849),(849,860,850),(860,861,850),(850,861,851),(861,862,851),(851,862,852),(862,863,852),(852,863,853),(863,864,853),(853,864,854),(864,865,854),(854,865,855),(865,866,855),(855,866,856),(866,867,856),(856,867,857),(867,868,857),(857,868,858),(868,869,858),(859,870,860),(870,871,860),(860,871,861),(871,872,861),(861,872,862),(872,873,862),(862,873,863),(873,874,863),(863,874,864),(874,875,864),(864,875,865),(875,876,865),(865,876,866),(876,877,866),(866,877,867),(877,878,867),(867,878,868),(878,879,868),(868,879,869),(879,880,869),(870,881,871),(881,882,871),(871,882,872),(882,883,872),(872,883,873),(883,884,873),(873,884,874),(884,885,874),(874,885,875),(885,886,875),(875,886,876),(886,887,876),(876,887,877),(887,888,877),(877,888,878),(888,889,878),(878,889,879),(889,890,879),(879,890,880),(890,891,880),(881,892,882),(892,893,882),(882,893,883),(893,894,883),(883,894,884),(894,895,884),(884,895,885),(895,896,885),(885,896,886),(896,897,886),(886,897,887),(897,898,887),(887,898,888),(898,899,888),(888,899,889),(899,900,889),(889,900,890),(900,901,890),(890,901,891),(901,902,891),(892,903,893),(903,904,893),(893,904,894),(904,905,894),(894,905,895),(905,906,895),(895,906,896),(906,907,896),(896,907,897),(907,908,897),(897,908,898),(908,909,898),(898,909,899),(909,910,899),(899,910,900),(910,911,900),(900,911,901),(911,912,901),(901,912,902),(912,913,902),(903,914,904),(914,915,904),(904,915,905),(915,916,905),(905,916,906),(916,917,906),(906,917,907),(917,918,907),(907,918,908),(918,919,908),(908,919,909),(919,920,909),(909,920,910),(920,921,910),(910,921,911),(921,922,911),(911,922,912),(922,923,912),(912,923,913),(923,924,913),(914,925,915),(925,926,915),(915,926,916),(926,927,916),(916,927,917),(927,928,917),(917,928,918),(928,929,918),(918,929,919),(929,930,919),(919,930,920),(930,931,920),(920,931,921),(931,932,921),(921,932,922),(932,933,922),(922,933,923),(933,934,923),(923,934,924),(934,935,924),(925,936,926),(936,937,926),(926,937,927),(937,938,927),(927,938,928),(938,939,928),(928,939,929),(939,940,929),(929,940,930),(940,941,930),(930,941,931),(941,942,931),(931,942,932),(942,943,932),(932,943,933),(943,944,933),(933,944,934),(944,945,934),(934,945,935),(945,946,935),(936,947,937),(947,948,937),(937,948,938),(948,949,938),(938,949,939),(949,950,939),(939,950,940),(950,951,940),(940,951,941),(951,952,941),(941,952,942),(952,953,942),(942,953,943),(953,954,943),(943,954,944),(954,955,944),(944,955,945),(955,956,945),(945,956,946),(956,957,946),(947,958,948),(958,959,948),(948,959,949),(959,960,949),(949,960,950),(960,961,950),(950,961,951),(961,962,951),(951,962,952),(962,963,952),(952,963,953),(963,964,953),(953,964,954),(964,965,954),(954,965,955),(965,966,955),(955,966,956),(966,967,956),(956,967,957),(967,968,957),(958,969,959),(969,970,959),(959,970,960),(970,971,960),(960,971,961),(971,972,961),(961,972,962),(972,973,962),(962,973,963),(973,974,963),(963,974,964),(974,975,964),(964,975,965),(975,976,965),(965,976,966),(976,977,966),(966,977,967),(977,978,967),(967,978,968),(978,979,968),(969,980,970),(980,981,970),(970,981,971),(981,982,971),(971,982,972),(982,983,972),(972,983,973),(983,984,973),(973,984,974),(984,985,974),(974,985,975),(985,986,975),(975,986,976),(986,987,976),(976,987,977),(987,988,977),(977,988,978),(988,989,978),(978,989,979),(989,990,979),(980,991,981),(991,992,981),(981,992,982),(992,993,982),(982,993,983),(993,994,983),(983,994,984),(994,995,984),(984,995,985),(995,996,985),(985,996,986),(996,997,986),(986,997,987),(997,998,987),(987,998,988),(998,999,988),(988,999,989),(999,1000,989),(989,1000,990),(1000,1001,990),(991,1002,992),(1002,1003,992),(992,1003,993),(1003,1004,993),(993,1004,994),(1004,1005,994),(994,1005,995),(1005,1006,995),(995,1006,996),(1006,1007,996),(996,1007,997),(1007,1008,997),(997,1008,998),(1008,1009,998),(998,1009,999),(1009,1010,999),(999,1010,1000),(1010,1011,1000),(1000,1011,1001),(1011,1012,1001),(1002,1013,1003),(1013,1014,1003),(1003,1014,1004),(1014,1015,1004),(1004,1015,1005),(1015,1016,1005),(1005,1016,1006),(1016,1017,1006),(1006,1017,1007),(1017,1018,1007),(1007,1018,1008),(1018,1019,1008),(1008,1019,1009),(1019,1020,1009),(1009,1020,1010),(1020,1021,1010),(1010,1021,1011),(1021,1022,1011),(1011,1022,1012),(1022,1023,1012),(1013,1024,1014),(1024,1025,1014),(1014,1025,1015),(1025,1026,1015),(1015,1026,1016),(1026,1027,1016),(1016,1027,1017),(1027,1028,1017),(1017,1028,1018),(1028,1029,1018),(1018,1029,1019),(1029,1030,1019),(1019,1030,1020),(1030,1031,1020),(1020,1031,1021),(1031,1032,1021),(1021,1032,1022),(1032,1033,1022),(1022,1033,1023),(1033,1034,1023),(1024,1035,1025),(1035,1036,1025),(1025,1036,1026),(1036,1037,1026),(1026,1037,1027),(1037,1038,1027),(1027,1038,1028),(1038,1039,1028),(1028,1039,1029),(1039,1040,1029),(1029,1040,1030),(1040,1041,1030),(1030,1041,1031),(1041,1042,1031),(1031,1042,1032),(1042,1043,1032),(1032,1043,1033),(1043,1044,1033),(1033,1044,1034),(1044,1045,1034),(1035,1046,1036),(1046,1047,1036),(1036,1047,1037),(1047,1048,1037),(1037,1048,1038),(1048,1049,1038),(1038,1049,1039),(1049,1050,1039),(1039,1050,1040),(1050,1051,1040),(1040,1051,1041),(1051,1052,1041),(1041,1052,1042),(1052,1053,1042),(1042,1053,1043),(1053,1054,1043),(1043,1054,1044),(1054,1055,1044),(1044,1055,1045),(1055,1056,1045),(1046,1057,1047),(1057,1058,1047),(1047,1058,1048),(1058,1059,1048),(1048,1059,1049),(1059,1060,1049),(1049,1060,1050),(1060,1061,1050),(1050,1061,1051),(1061,1062,1051),(1051,1062,1052),(1062,1063,1052),(1052,1063,1053),(1063,1064,1053),(1053,1064,1054),(1064,1065,1054),(1054,1065,1055),(1065,1066,1055),(1055,1066,1056),(1066,1067,1056),(1057,1068,1058),(1068,1069,1058),(1058,1069,1059),(1069,1070,1059),(1059,1070,1060),(1070,1071,1060),(1060,1071,1061),(1071,1072,1061),(1061,1072,1062),(1072,1073,1062),(1062,1073,1063),(1073,1074,1063),(1063,1074,1064),(1074,1075,1064),(1064,1075,1065),(1075,1076,1065),(1065,1076,1066),(1076,1077,1066),(1066,1077,1067),(1077,1078,1067),(1068,1079,1069),(1079,1080,1069),(1069,1080,1070),(1080,1081,1070),(1070,1081,1071),(1081,1082,1071),(1071,1082,1072),(1082,1083,1072),(1072,1083,1073),(1083,1084,1073),(1073,1084,1074),(1084,1085,1074),(1074,1085,1075),(1085,1086,1075),(1075,1086,1076),(1086,1087,1076),(1076,1087,1077),(1087,1088,1077),(1077,1088,1078),(1088,1089,1078),(1079,1090,1080),(1090,1091,1080),(1080,1091,1081),(1091,1092,1081),(1081,1092,1082),(1092,1093,1082),(1082,1093,1083),(1093,1094,1083),(1083,1094,1084),(1094,1095,1084),(1084,1095,1085),(1095,1096,1085),(1085,1096,1086),(1096,1097,1086),(1086,1097,1087),(1097,1098,1087),(1087,1098,1088),(1098,1099,1088),(1088,1099,1089),(1099,1100,1089),(1090,1101,1091),(1101,1102,1091),(1091,1102,1092),(1102,1103,1092),(1092,1103,1093),(1103,1104,1093),(1093,1104,1094),(1104,1105,1094),(1094,1105,1095),(1105,1106,1095),(1095,1106,1096),(1106,1107,1096),(1096,1107,1097),(1107,1108,1097),(1097,1108,1098),(1108,1109,1098),(1098,1109,1099),(1109,1110,1099),(1099,1110,1100),(1110,1111,1100),(1101,1112,1102),(1112,1113,1102),(1102,1113,1103),(1113,1114,1103),(1103,1114,1104),(1114,1115,1104),(1104,1115,1105),(1115,1116,1105),(1105,1116,1106),(1116,1117,1106),(1106,1117,1107),(1117,1118,1107),(1107,1118,1108),(1118,1119,1108),(1108,1119,1109),(1119,1120,1109),(1109,1120,1110),(1120,1121,1110),(1110,1121,1111),(1121,1122,1111),(1112,1123,1113),(1123,1124,1113),(1113,1124,1114),(1124,1125,1114),(1114,1125,1115),(1125,1126,1115),(1115,1126,1116),(1126,1127,1116),(1116,1127,1117),(1127,1128,1117),(1117,1128,1118),(1128,1129,1118),(1118,1129,1119),(1129,1130,1119),(1119,1130,1120),(1130,1131,1120),(1120,1131,1121),(1131,1132,1121),(1121,1132,1122),(1132,1133,1122),(1123,1134,1124),(1134,1135,1124),(1124,1135,1125),(1135,1136,1125),(1125,1136,1126),(1136,1137,1126),(1126,1137,1127),(1137,1138,1127),(1127,1138,1128),(1138,1139,1128),(1128,1139,1129),(1139,1140,1129),(1129,1140,1130),(1140,1141,1130),(1130,1141,1131),(1141,1142,1131),(1131,1142,1132),(1142,1143,1132),(1132,1143,1133),(1143,1144,1133),(1134,1145,1135),(1145,1146,1135),(1135,1146,1136),(1146,1147,1136),(1136,1147,1137),(1147,1148,1137),(1137,1148,1138),(1148,1149,1138),(1138,1149,1139),(1149,1150,1139),(1139,1150,1140),(1150,1151,1140),(1140,1151,1141),(1151,1152,1141),(1141,1152,1142),(1152,1153,1142),(1142,1153,1143),(1153,1154,1143),(1143,1154,1144),(1154,1155,1144),(1145,1156,1146),(1156,1157,1146),(1146,1157,1147),(1157,1158,1147),(1147,1158,1148),(1158,1159,1148),(1148,1159,1149),(1159,1160,1149),(1149,1160,1150),(1160,1161,1150),(1150,1161,1151),(1161,1162,1151),(1151,1162,1152),(1162,1163,1152),(1152,1163,1153),(1163,1164,1153),(1153,1164,1154),(1164,1165,1154),(1154,1165,1155),(1165,1166,1155),(1156,1167,1157),(1167,1168,1157),(1157,1168,1158),(1168,1169,1158),(1158,1169,1159),(1169,1170,1159),(1159,1170,1160),(1170,1171,1160),(1160,1171,1161),(1171,1172,1161),(1161,1172,1162),(1172,1173,1162),(1162,1173,1163),(1173,1174,1163),(1163,1174,1164),(1174,1175,1164),(1164,1175,1165),(1175,1176,1165),(1165,1176,1166),(1176,1177,1166),(1167,1178,1168),(1178,1179,1168),(1168,1179,1169),(1179,1180,1169),(1169,1180,1170),(1180,1181,1170),(1170,1181,1171),(1181,1182,1171),(1171,1182,1172),(1182,1183,1172),(1172,1183,1173),(1183,1184,1173),(1173,1184,1174),(1184,1185,1174),(1174,1185,1175),(1185,1186,1175),(1175,1186,1176),(1186,1187,1176),(1176,1187,1177),(1187,1188,1177),(1178,1189,1179),(1189,1190,1179),(1179,1190,1180),(1190,1191,1180),(1180,1191,1181),(1191,1192,1181),(1181,1192,1182),(1192,1193,1182),(1182,1193,1183),(1193,1194,1183),(1183,1194,1184),(1194,1195,1184),(1184,1195,1185),(1195,1196,1185),(1185,1196,1186),(1196,1197,1186),(1186,1197,1187),(1197,1198,1187),(1187,1198,1188),(1198,1199,1188),(1189,1200,1190),(1200,1201,1190),(1190,1201,1191),(1201,1202,1191),(1191,1202,1192),(1202,1203,1192),(1192,1203,1193),(1203,1204,1193),(1193,1204,1194),(1204,1205,1194),(1194,1205,1195),(1205,1206,1195),(1195,1206,1196),(1206,1207,1196),(1196,1207,1197),(1207,1208,1197),(1197,1208,1198),(1208,1209,1198),(1198,1209,1199),(1209,1210,1199),(1200,1211,1201),(1211,1212,1201),(1201,1212,1202),(1212,1213,1202),(1202,1213,1203),(1213,1214,1203),(1203,1214,1204),(1214,1215,1204),(1204,1215,1205),(1215,1216,1205),(1205,1216,1206),(1216,1217,1206),(1206,1217,1207),(1217,1218,1207),(1207,1218,1208),(1218,1219,1208),(1208,1219,1209),(1219,1220,1209),(1209,1220,1210),(1220,1221,1210),(1211,1222,1212),(1222,1223,1212),(1212,1223,1213),(1223,1224,1213),(1213,1224,1214),(1224,1225,1214),(1214,1225,1215),(1225,1226,1215),(1215,1226,1216),(1226,1227,1216),(1216,1227,1217),(1227,1228,1217),(1217,1228,1218),(1228,1229,1218),(1218,1229,1219),(1229,1230,1219),(1219,1230,1220),(1230,1231,1220),(1220,1231,1221),(1231,1232,1221),(1222,1233,1223),(1233,1234,1223),(1223,1234,1224),(1234,1235,1224),(1224,1235,1225),(1235,1236,1225),(1225,1236,1226),(1236,1237,1226),(1226,1237,1227),(1237,1238,1227),(1227,1238,1228),(1238,1239,1228),(1228,1239,1229),(1239,1240,1229),(1229,1240,1230),(1240,1241,1230),(1230,1241,1231),(1241,1242,1231),(1231,1242,1232),(1242,1243,1232)),$);
#406=IFCSTYLEDITEM(#405,(#166),'conduit_msb_lp3');
#407=IFCCARTESIANPOINTLIST3D(((-0.65,2.5601,2.409),(-0.632688,2.564051,2.409),(-0.618805,2.575123,2.409),(-0.6111,2.591121,2.409),(-0.6111,2.608879,2.409),(-0.618805,2.624877,2.409),(-0.632688,2.635949,2.409),(-0.65,2.6399,2.409),(-0.667312,2.635949,2.409),(-0.681195,2.624877,2.409),(-0.6889,2.608879,2.409),(-0.6889,2.591121,2.409),(-0.681195,2.575123,2.409),(-0.667312,2.564051,2.409),(-0.65,2.5601,2.409),(-0.65,2.5601,2.379),(-0.632688,2.564051,2.379),(-0.618805,2.575123,2.379),(-0.6111,2.591121,2.379),(-0.6111,2.608879,2.379),(-0.618805,2.624877,2.379),(-0.632688,2.635949,2.379),(-0.65,2.6399,2.379),(-0.667312,2.635949,2.379),(-0.681195,2.624877,2.379),(-0.6889,2.608879,2.379),(-0.6889,2.591121,2.379),(-0.681195,2.575123,2.379),(-0.667312,2.564051,2.379),(-0.65,2.5601,2.379),(-0.65,2.6,2.409),(-0.65,2.6,2.409),(-0.65,2.6,2.409),(-0.65,2.6,2.409),(-0.65,2.6,2.409),(-0.65,2.6,2.409),(-0.65,2.6,2.409),(-0.65,2.6,2.409),(-0.65,2.6,2.409),(-0.65,2.6,2.409),(-0.65,2.6,2.409),(-0.65,2.6,2.409),(-0.65,2.6,2.409),(-0.65,2.6,2.409),(-0.65,2.5601,2.409),(-0.632688,2.564051,2.409),(-0.618805,2.575123,2.409),(-0.6111,2.591121,2.409),(-0.6111,2.608879,2.409),(-0.618805,2.624877,2.409),(-0.632688,2.635949,2.409),(-0.65,2.6399,2.409),(-0.667312,2.635949,2.409),(-0.681195,2.624877,2.409),(-0.6889,2.608879,2.409),(-0.6889,2.591121,2.409),(-0.681195,2.575123,2.409),(-0.667312,2.564051,2.409),(-0.65,2.5601,2.409),(-0.65,2.6,2.379),(-0.65,2.6,2.379),(-0.65,2.6,2.379),(-0.65,2.6,2.379),(-0.65,2.6,2.379),(-0.65,2.6,2.379),(-0.65,2.6,2.379),(-0.65,2.6,2.379),(-0.65,2.6,2.379),(-0.65,2.6,2.379),(-0.65,2.6,2.379),(-0.65,2.6,2.379),(-0.65,2.6,2.379),(-0.65,2.6,2.379),(-0.65,2.5601,2.379),(-0.632688,2.564051,2.379),(-0.618805,2.575123,2.379),(-0.6111,2.591121,2.379),(-0.6111,2.608879,2.379),(-0.618805,2.624877,2.379),(-0.632688,2.635949,2.379),(-0.65,2.6399,2.379),(-0.667312,2.635949,2.379),(-0.681195,2.624877,2.379),(-0.6889,2.608879,2.379),(-0.6889,2.591121,2.379),(-0.681195,2.575123,2.379),(-0.667312,2.564051,2.379),(-0.65,2.5601,2.379),(4.38,0.5101,2.023),(4.397312,0.514051,2.023),(4.411195,0.525123,2.023),(4.4189,0.541121,2.023),(4.4189,0.558879,2.023),(4.411195,0.574877,2.023),(4.397312,0.585949,2.023),(4.38,0.5899,2.023),(4.362688,0.585949,2.023),(4.348805,0.574877,2.023),(4.3411,0.558879,2.023),(4.3411,0.541121,2.023),(4.348805,0.525123,2.023),(4.362688,0.514051,2.023),(4.38,0.5101,2.023),(4.38,0.5101,1.993),(4.397312,0.514051,1.993),(4.411195,0.525123,1.993),(4.4189,0.541121,1.993),(4.4189,0.558879,1.993),(4.411195,0.574877,1.993),(4.397312,0.585949,1.993),(4.38,0.5899,1.993),(4.362688,0.585949,1.993),(4.348805,0.574877,1.993),(4.3411,0.558879,1.993),(4.3411,0.541121,1.993),(4.348805,0.525123,1.993),(4.362688,0.514051,1.993),(4.38,0.5101,1.993),(4.38,0.55,2.023),(4.38,0.55,2.023),(4.38,0.55,2.023),(4.38,0.55,2.023),(4.38,0.55,2.023),(4.38,0.55,2.023),(4.38,0.55,2.023),(4.38,0.55,2.023),(4.38,0.55,2.023),(4.38,0.55,2.023),(4.38,0.55,2.023),(4.38,0.55,2.023),(4.38,0.55,2.023),(4.38,0.55,2.023),(4.38,0.5101,2.023),(4.397312,0.514051,2.023),(4.411195,0.525123,2.023),(4.4189,0.541121,2.023),(4.4189,0.558879,2.023),(4.411195,0.574877,2.023),(4.397312,0.585949,2.023),(4.38,0.5899,2.023),(4.362688,0.585949,2.023),(4.348805,0.574877,2.023),(4.3411,0.558879,2.023),(4.3411,0.541121,2.023),(4.348805,0.525123,2.023),(4.362688,0.514051,2.023),(4.38,0.5101,2.023),(4.38,0.55,1.993),(4.38,0.55,1.993),(4.38,0.55,1.993),(4.38,0.55,1.993),(4.38,0.55,1.993),(4.38,0.55,1.993),(4.38,0.55,1.993),(4.38,0.55,1.993),(4.38,0.55,1.993),(4.38,0.55,1.993),(4.38,0.55,1.993),(4.38,0.55,1.993),(4.38,0.55,1.993),(4.38,0.55,1.993),(4.38,0.5101,1.993),(4.397312,0.514051,1.993),(4.411195,0.525123,1.993),(4.4189,0.541121,1.993),(4.4189,0.558879,1.993),(4.411195,0.574877,1.993),(4.397312,0.585949,1.993),(4.38,0.5899,1.993),(4.362688,0.585949,1.993),(4.348805,0.574877,1.993),(4.3411,0.558879,1.993),(4.3411,0.541121,1.993),(4.348805,0.525123,1.993),(4.362688,0.514051,1.993),(4.38,0.5101,1.993)));
#408=IFCTRIANGULATEDFACESET(#407,$,$,((1,16,2),(16,17,2),(2,17,3),(17,18,3),(3,18,4),(18,19,4),(4,19,5),(19,20,5),(5,20,6),(20,21,6),(6,21,7),(21,22,7),(7,22,8),(22,23,8),(8,23,9),(23,24,9),(9,24,10),(24,25,10),(10,25,11),(25,26,11),(11,26,12),(26,27,12),(12,27,13),(27,28,13),(13,28,14),(28,29,14),(14,29,15),(29,30,15),(45,46,31),(46,47,32),(47,48,33),(48,49,34),(49,50,35),(50,51,36),(51,52,37),(52,53,38),(53,54,39),(54,55,40),(55,56,41),(56,57,42),(57,58,43),(58,59,44),(75,74,60),(76,75,61),(77,76,62),(78,77,63),(79,78,64),(80,79,65),(81,80,66),(82,81,67),(83,82,68),(84,83,69),(85,84,70),(86,85,71),(87,86,72),(88,87,73),(89,104,90),(104,105,90),(90,105,91),(105,106,91),(91,106,92),(106,107,92),(92,107,93),(107,108,93),(93,108,94),(108,109,94),(94,109,95),(109,110,95),(95,110,96),(110,111,96),(96,111,97),(111,112,97),(97,112,98),(112,113,98),(98,113,99),(113,114,99),(99,114,100),(114,115,100),(100,115,101),(115,116,101),(101,116,102),(116,117,102),(102,117,103),(117,118,103),(133,134,119),(134,135,120),(135,136,121),(136,137,122),(137,138,123),(138,139,124),(139,140,125),(140,141,126),(141,142,127),(142,143,128),(143,144,129),(144,145,130),(145,146,131),(146,147,132),(163,162,148),(164,163,149),(165,164,150),(166,165,151),(167,166,152),(168,167,153),(169,168,154),(170,169,155),(171,170,156),(172,171,157),(173,172,158),(174,173,159),(175,174,160),(176,175,161)),$);
#409=IFCSTYLEDITEM(#408,(#166),'conduit_msb_lp3_hubs');
#410=IFCCARTESIANPOINTLIST3D(((-0.45,2.422,2.386),(-0.466458,2.427347,2.386),(-0.47663,2.441348,2.386),(-0.47663,2.458652,2.386),(-0.466458,2.472652,2.386),(-0.45,2.478,2.386),(-0.433542,2.472652,2.386),(-0.42337,2.458652,2.386),(-0.42337,2.441348,2.386),(-0.433542,2.427347,2.386),(-0.45,2.422,2.386),(-0.45,2.422,2.460196),(-0.466458,2.427347,2.460196),(-0.47663,2.441348,2.460196),(-0.47663,2.458652,2.460196),(-0.466458,2.472652,2.460196),(-0.45,2.478,2.460196),(-0.433542,2.472652,2.460196),(-0.42337,2.458652,2.460196),(-0.42337,2.441348,2.460196),(-0.433542,2.427347,2.460196),(-0.45,2.422,2.460196),(-0.45,2.422,2.534391),(-0.466458,2.427347,2.534391),(-0.47663,2.441348,2.534391),(-0.47663,2.458652,2.534391),(-0.466458,2.472652,2.534391),(-0.45,2.478,2.534391),(-0.433542,2.472652,2.534391),(-0.42337,2.458652,2.534391),(-0.42337,2.441348,2.534391),(-0.433542,2.427347,2.534391),(-0.45,2.422,2.534391),(-0.449179,2.422,2.608572),(-0.465589,2.427347,2.609822),(-0.475732,2.441348,2.610595),(-0.475732,2.458652,2.610595),(-0.465589,2.472652,2.609822),(-0.449179,2.478,2.608572),(-0.432769,2.472652,2.607321),(-0.422626,2.458652,2.606549),(-0.422626,2.441348,2.606549),(-0.432769,2.427347,2.607321),(-0.449179,2.422,2.608572),(-0.430422,2.422,2.67988),(-0.444974,2.427347,2.687569),(-0.453967,2.441348,2.692321),(-0.453967,2.458652,2.692321),(-0.444974,2.472652,2.687569),(-0.430422,2.478,2.67988),(-0.415871,2.472652,2.672191),(-0.406878,2.458652,2.667439),(-0.406878,2.441348,2.667439),(-0.415871,2.427347,2.672191),(-0.430422,2.422,2.67988),(-0.378358,2.422,2.731214),(-0.38586,2.427347,2.745863),(-0.390496,2.441348,2.754917),(-0.390496,2.458652,2.754917),(-0.38586,2.472652,2.745863),(-0.378358,2.478,2.731214),(-0.370857,2.472652,2.716565),(-0.366221,2.458652,2.707511),(-0.366221,2.441348,2.707511),(-0.370857,2.427347,2.716565),(-0.378358,2.422,2.731214),(-0.306862,2.422,2.749304),(-0.308007,2.427347,2.765722),(-0.308715,2.441348,2.775869),(-0.308715,2.458652,2.775869),(-0.308007,2.472652,2.765722),(-0.306862,2.478,2.749304),(-0.305717,2.472652,2.732886),(-0.305009,2.458652,2.722739),(-0.305009,2.441348,2.722739),(-0.305717,2.427347,2.732886),(-0.306862,2.422,2.749304),(-0.232678,2.422,2.75),(-0.232678,2.427347,2.766458),(-0.232678,2.441348,2.77663),(-0.232678,2.458652,2.77663),(-0.232678,2.472652,2.766458),(-0.232678,2.478,2.75),(-0.232678,2.472652,2.733542),(-0.232678,2.458652,2.72337),(-0.232678,2.441348,2.72337),(-0.232678,2.427347,2.733542),(-0.232678,2.422,2.75),(-0.158482,2.422,2.75),(-0.158482,2.427347,2.766458),(-0.158482,2.441348,2.77663),(-0.158482,2.458652,2.77663),(-0.158482,2.472652,2.766458),(-0.158482,2.478,2.75),(-0.158482,2.472652,2.733542),(-0.158482,2.458652,2.72337),(-0.158482,2.441348,2.72337),(-0.158482,2.427347,2.733542),(-0.158482,2.422,2.75),(-0.084287,2.422,2.75),(-0.084287,2.427347,2.766458),(-0.084287,2.441348,2.77663),(-0.084287,2.458652,2.77663),(-0.084287,2.472652,2.766458),(-0.084287,2.478,2.75),(-0.084287,2.472652,2.733542),(-0.084287,2.458652,2.72337),(-0.084287,2.441348,2.72337),(-0.084287,2.427347,2.733542),(-0.084287,2.422,2.75),(-0.010091,2.422,2.75),(-0.010091,2.427347,2.766458),(-0.010091,2.441348,2.77663),(-0.010091,2.458652,2.77663),(-0.010091,2.472652,2.766458),(-0.010091,2.478,2.75),(-0.010091,2.472652,2.733542),(-0.010091,2.458652,2.72337),(-0.010091,2.441348,2.72337),(-0.010091,2.427347,2.733542),(-0.010091,2.422,2.75),(0.064104,2.422,2.75),(0.064104,2.427347,2.766458),(0.064104,2.441348,2.77663),(0.064104,2.458652,2.77663),(0.064104,2.472652,2.766458),(0.064104,2.478,2.75),(0.064104,2.472652,2.733542),(0.064104,2.458652,2.72337),(0.064104,2.441348,2.72337),(0.064104,2.427347,2.733542),(0.064104,2.422,2.75),(0.1383,2.422,2.75),(0.1383,2.427347,2.766458),(0.1383,2.441348,2.77663),(0.1383,2.458652,2.77663),(0.1383,2.472652,2.766458),(0.1383,2.478,2.75),(0.1383,2.472652,2.733542),(0.1383,2.458652,2.72337),(0.1383,2.441348,2.72337),(0.1383,2.427347,2.733542),(0.1383,2.422,2.75),(0.212495,2.422,2.75),(0.212495,2.427347,2.766458),(0.212495,2.441348,2.77663),(0.212495,2.458652,2.77663),(0.212495,2.472652,2.766458),(0.212495,2.478,2.75),(0.212495,2.472652,2.733542),(0.212495,2.458652,2.72337),(0.212495,2.441348,2.72337),(0.212495,2.427347,2.733542),(0.212495,2.422,2.75),(0.286691,2.422,2.75),(0.286691,2.427347,2.766458),(0.286691,2.441348,2.77663),(0.286691,2.458652,2.77663),(0.286691,2.472652,2.766458),(0.286691,2.478,2.75),(0.286691,2.472652,2.733542),(0.286691,2.458652,2.72337),(0.286691,2.441348,2.72337),(0.286691,2.427347,2.733542),(0.286691,2.422,2.75),(0.360887,2.422,2.75),(0.360887,2.427347,2.766458),(0.360887,2.441348,2.77663),(0.360887,2.458652,2.77663),(0.360887,2.472652,2.766458),(0.360887,2.478,2.75),(0.360887,2.472652,2.733542),(0.360887,2.458652,2.72337),(0.360887,2.441348,2.72337),(0.360887,2.427347,2.733542),(0.360887,2.422,2.75),(0.435082,2.422,2.75),(0.435082,2.427347,2.766458),(0.435082,2.441348,2.77663),(0.435082,2.458652,2.77663),(0.435082,2.472652,2.766458),(0.435082,2.478,2.75),(0.435082,2.472652,2.733542),(0.435082,2.458652,2.72337),(0.435082,2.441348,2.72337),(0.435082,2.427347,2.733542),(0.435082,2.422,2.75),(0.509278,2.422,2.75),(0.509278,2.427347,2.766458),(0.509278,2.441348,2.77663),(0.509278,2.458652,2.77663),(0.509278,2.472652,2.766458),(0.509278,2.478,2.75),(0.509278,2.472652,2.733542),(0.509278,2.458652,2.72337),(0.509278,2.441348,2.72337),(0.509278,2.427347,2.733542),(0.509278,2.422,2.75),(0.583473,2.422,2.75),(0.583473,2.427347,2.766458),(0.583473,2.441348,2.77663),(0.583473,2.458652,2.77663),(0.583473,2.472652,2.766458),(0.583473,2.478,2.75),(0.583473,2.472652,2.733542),(0.583473,2.458652,2.72337),(0.583473,2.441348,2.72337),(0.583473,2.427347,2.733542),(0.583473,2.422,2.75),(0.657669,2.422,2.75),(0.657669,2.427347,2.766458),(0.657669,2.441348,2.77663),(0.657669,2.458652,2.77663),(0.657669,2.472652,2.766458),(0.657669,2.478,2.75),(0.657669,2.472652,2.733542),(0.657669,2.458652,2.72337),(0.657669,2.441348,2.72337),(0.657669,2.427347,2.733542),(0.657669,2.422,2.75),(0.731865,2.422,2.75),(0.731865,2.427347,2.766458),(0.731865,2.441348,2.77663),(0.731865,2.458652,2.77663),(0.731865,2.472652,2.766458),(0.731865,2.478,2.75),(0.731865,2.472652,2.733542),(0.731865,2.458652,2.72337),(0.731865,2.441348,2.72337),(0.731865,2.427347,2.733542),(0.731865,2.422,2.75),(0.80606,2.422,2.75),(0.80606,2.427347,2.766458),(0.80606,2.441348,2.77663),(0.80606,2.458652,2.77663),(0.80606,2.472652,2.766458),(0.80606,2.478,2.75),(0.80606,2.472652,2.733542),(0.80606,2.458652,2.72337),(0.80606,2.441348,2.72337),(0.80606,2.427347,2.733542),(0.80606,2.422,2.75),(0.880256,2.422,2.75),(0.880256,2.427347,2.766458),(0.880256,2.441348,2.77663),(0.880256,2.458652,2.77663),(0.880256,2.472652,2.766458),(0.880256,2.478,2.75),(0.880256,2.472652,2.733542),(0.880256,2.458652,2.72337),(0.880256,2.441348,2.72337),(0.880256,2.427347,2.733542),(0.880256,2.422,2.75),(0.954451,2.422,2.75),(0.954451,2.427347,2.766458),(0.954451,2.441348,2.77663),(0.954451,2.458652,2.77663),(0.954451,2.472652,2.766458),(0.954451,2.478,2.75),(0.954451,2.472652,2.733542),(0.954451,2.458652,2.72337),(0.954451,2.441348,2.72337),(0.954451,2.427347,2.733542),(0.954451,2.422,2.75),(1.028647,2.422,2.75),(1.028647,2.427347,2.766458),(1.028647,2.441348,2.77663),(1.028647,2.458652,2.77663),(1.028647,2.472652,2.766458),(1.028647,2.478,2.75),(1.028647,2.472652,2.733542),(1.028647,2.458652,2.72337),(1.028647,2.441348,2.72337),(1.028647,2.427347,2.733542),(1.028647,2.422,2.75),(1.102842,2.422,2.75),(1.102842,2.427347,2.766458),(1.102842,2.441348,2.77663),(1.102842,2.458652,2.77663),(1.102842,2.472652,2.766458),(1.102842,2.478,2.75),(1.102842,2.472652,2.733542),(1.102842,2.458652,2.72337),(1.102842,2.441348,2.72337),(1.102842,2.427347,2.733542),(1.102842,2.422,2.75),(1.177038,2.422,2.75),(1.177038,2.427347,2.766458),(1.177038,2.441348,2.77663),(1.177038,2.458652,2.77663),(1.177038,2.472652,2.766458),(1.177038,2.478,2.75),(1.177038,2.472652,2.733542),(1.177038,2.458652,2.72337),(1.177038,2.441348,2.72337),(1.177038,2.427347,2.733542),(1.177038,2.422,2.75),(1.251234,2.422,2.75),(1.251234,2.427347,2.766458),(1.251234,2.441348,2.77663),(1.251234,2.458652,2.77663),(1.251234,2.472652,2.766458),(1.251234,2.478,2.75),(1.251234,2.472652,2.733542),(1.251234,2.458652,2.72337),(1.251234,2.441348,2.72337),(1.251234,2.427347,2.733542),(1.251234,2.422,2.75),(1.325429,2.422,2.75),(1.325429,2.427347,2.766458),(1.325429,2.441348,2.77663),(1.325429,2.458652,2.77663),(1.325429,2.472652,2.766458),(1.325429,2.478,2.75),(1.325429,2.472652,2.733542),(1.325429,2.458652,2.72337),(1.325429,2.441348,2.72337),(1.325429,2.427347,2.733542),(1.325429,2.422,2.75),(1.399625,2.422,2.75),(1.399625,2.427347,2.766458),(1.399625,2.441348,2.77663),(1.399625,2.458652,2.77663),(1.399625,2.472652,2.766458),(1.399625,2.478,2.75),(1.399625,2.472652,2.733542),(1.399625,2.458652,2.72337),(1.399625,2.441348,2.72337),(1.399625,2.427347,2.733542),(1.399625,2.422,2.75),(1.47382,2.422,2.75),(1.47382,2.427347,2.766458),(1.47382,2.441348,2.77663),(1.47382,2.458652,2.77663),(1.47382,2.472652,2.766458),(1.47382,2.478,2.75),(1.47382,2.472652,2.733542),(1.47382,2.458652,2.72337),(1.47382,2.441348,2.72337),(1.47382,2.427347,2.733542),(1.47382,2.422,2.75),(1.548016,2.422,2.75),(1.548016,2.427347,2.766458),(1.548016,2.441348,2.77663),(1.548016,2.458652,2.77663),(1.548016,2.472652,2.766458),(1.548016,2.478,2.75),(1.548016,2.472652,2.733542),(1.548016,2.458652,2.72337),(1.548016,2.441348,2.72337),(1.548016,2.427347,2.733542),(1.548016,2.422,2.75),(1.622211,2.422,2.75),(1.622211,2.427347,2.766458),(1.622211,2.441348,2.77663),(1.622211,2.458652,2.77663),(1.622211,2.472652,2.766458),(1.622211,2.478,2.75),(1.622211,2.472652,2.733542),(1.622211,2.458652,2.72337),(1.622211,2.441348,2.72337),(1.622211,2.427347,2.733542),(1.622211,2.422,2.75),(1.696407,2.422,2.75),(1.696407,2.427347,2.766458),(1.696407,2.441348,2.77663),(1.696407,2.458652,2.77663),(1.696407,2.472652,2.766458),(1.696407,2.478,2.75),(1.696407,2.472652,2.733542),(1.696407,2.458652,2.72337),(1.696407,2.441348,2.72337),(1.696407,2.427347,2.733542),(1.696407,2.422,2.75),(1.770603,2.422,2.75),(1.770603,2.427347,2.766458),(1.770603,2.441348,2.77663),(1.770603,2.458652,2.77663),(1.770603,2.472652,2.766458),(1.770603,2.478,2.75),(1.770603,2.472652,2.733542),(1.770603,2.458652,2.72337),(1.770603,2.441348,2.72337),(1.770603,2.427347,2.733542),(1.770603,2.422,2.75),(1.844798,2.422,2.75),(1.844798,2.427347,2.766458),(1.844798,2.441348,2.77663),(1.844798,2.458652,2.77663),(1.844798,2.472652,2.766458),(1.844798,2.478,2.75),(1.844798,2.472652,2.733542),(1.844798,2.458652,2.72337),(1.844798,2.441348,2.72337),(1.844798,2.427347,2.733542),(1.844798,2.422,2.75),(1.918994,2.422,2.75),(1.918994,2.427347,2.766458),(1.918994,2.441348,2.77663),(1.918994,2.458652,2.77663),(1.918994,2.472652,2.766458),(1.918994,2.478,2.75),(1.918994,2.472652,2.733542),(1.918994,2.458652,2.72337),(1.918994,2.441348,2.72337),(1.918994,2.427347,2.733542),(1.918994,2.422,2.75),(1.993189,2.422,2.75),(1.993189,2.427347,2.766458),(1.993189,2.441348,2.77663),(1.993189,2.458652,2.77663),(1.993189,2.472652,2.766458),(1.993189,2.478,2.75),(1.993189,2.472652,2.733542),(1.993189,2.458652,2.72337),(1.993189,2.441348,2.72337),(1.993189,2.427347,2.733542),(1.993189,2.422,2.75),(2.067385,2.422,2.75),(2.067385,2.427347,2.766458),(2.067385,2.441348,2.77663),(2.067385,2.458652,2.77663),(2.067385,2.472652,2.766458),(2.067385,2.478,2.75),(2.067385,2.472652,2.733542),(2.067385,2.458652,2.72337),(2.067385,2.441348,2.72337),(2.067385,2.427347,2.733542),(2.067385,2.422,2.75),(2.141581,2.422,2.75),(2.141581,2.427347,2.766458),(2.141581,2.441348,2.77663),(2.141581,2.458652,2.77663),(2.141581,2.472652,2.766458),(2.141581,2.478,2.75),(2.141581,2.472652,2.733542),(2.141581,2.458652,2.72337),(2.141581,2.441348,2.72337),(2.141581,2.427347,2.733542),(2.141581,2.422,2.75),(2.215776,2.422,2.75),(2.215776,2.427347,2.766458),(2.215776,2.441348,2.77663),(2.215776,2.458652,2.77663),(2.215776,2.472652,2.766458),(2.215776,2.478,2.75),(2.215776,2.472652,2.733542),(2.215776,2.458652,2.72337),(2.215776,2.441348,2.72337),(2.215776,2.427347,2.733542),(2.215776,2.422,2.75),(2.289972,2.422,2.75),(2.289972,2.427347,2.766458),(2.289972,2.441348,2.77663),(2.289972,2.458652,2.77663),(2.289972,2.472652,2.766458),(2.289972,2.478,2.75),(2.289972,2.472652,2.733542),(2.289972,2.458652,2.72337),(2.289972,2.441348,2.72337),(2.289972,2.427347,2.733542),(2.289972,2.422,2.75),(2.364167,2.422,2.75),(2.364167,2.427347,2.766458),(2.364167,2.441348,2.77663),(2.364167,2.458652,2.77663),(2.364167,2.472652,2.766458),(2.364167,2.478,2.75),(2.364167,2.472652,2.733542),(2.364167,2.458652,2.72337),(2.364167,2.441348,2.72337),(2.364167,2.427347,2.733542),(2.364167,2.422,2.75),(2.437986,2.422,2.744346),(2.441593,2.427347,2.760404),(2.443823,2.441348,2.770328),(2.443823,2.458652,2.770328),(2.441593,2.472652,2.760404),(2.437986,2.478,2.744346),(2.434378,2.472652,2.728288),(2.432148,2.458652,2.718364),(2.432148,2.441348,2.718364),(2.434378,2.427347,2.728288),(2.437986,2.422,2.744346),(2.503885,2.422,2.711922),(2.514954,2.427347,2.724103),(2.521794,2.441348,2.731631),(2.521794,2.458652,2.731631),(2.514954,2.472652,2.724103),(2.503885,2.478,2.711922),(2.492817,2.472652,2.699742),(2.485977,2.458652,2.692214),(2.485977,2.441348,2.692214),(2.492817,2.427347,2.699742),(2.503885,2.422,2.711922),(2.541526,2.422,2.648988),(2.557334,2.427347,2.653566),(2.567104,2.441348,2.656396),(2.567104,2.458652,2.656396),(2.557334,2.472652,2.653566),(2.541526,2.478,2.648988),(2.525718,2.472652,2.644409),(2.515948,2.458652,2.641579),(2.515948,2.441348,2.641579),(2.525718,2.427347,2.644409),(2.541526,2.422,2.648988),(2.55,2.422,2.575521),(2.566458,2.427347,2.575521),(2.57663,2.441348,2.575521),(2.57663,2.458652,2.575521),(2.566458,2.472652,2.575521),(2.55,2.478,2.575521),(2.533542,2.472652,2.575521),(2.523371,2.458652,2.575521),(2.523371,2.441348,2.575521),(2.533542,2.427347,2.575521),(2.55,2.422,2.575521),(2.55,2.422,2.501325),(2.566458,2.427347,2.501325),(2.57663,2.441348,2.501325),(2.57663,2.458652,2.501325),(2.566458,2.472652,2.501325),(2.55,2.478,2.501325),(2.533542,2.472652,2.501325),(2.523371,2.458652,2.501325),(2.523371,2.441348,2.501325),(2.533542,2.427347,2.501325),(2.55,2.422,2.501325),(2.55,2.422,2.427129),(2.566458,2.427347,2.427129),(2.57663,2.441348,2.427129),(2.57663,2.458652,2.427129),(2.566458,2.472652,2.427129),(2.55,2.478,2.427129),(2.533542,2.472652,2.427129),(2.523371,2.458652,2.427129),(2.523371,2.441348,2.427129),(2.533542,2.427347,2.427129),(2.55,2.422,2.427129),(2.55,2.422,2.352934),(2.566458,2.427347,2.352934),(2.57663,2.441348,2.352934),(2.57663,2.458652,2.352934),(2.566458,2.472652,2.352934),(2.55,2.478,2.352934),(2.533542,2.472652,2.352934),(2.523371,2.458652,2.352934),(2.523371,2.441348,2.352934),(2.533542,2.427347,2.352934),(2.55,2.422,2.352934),(2.55,2.422,2.278738),(2.566458,2.427347,2.278738),(2.57663,2.441348,2.278738),(2.57663,2.458652,2.278738),(2.566458,2.472652,2.278738),(2.55,2.478,2.278738),(2.533542,2.472652,2.278738),(2.523371,2.458652,2.278738),(2.523371,2.441348,2.278738),(2.533542,2.427347,2.278738),(2.55,2.422,2.278738),(2.55,2.422,2.204543),(2.566458,2.427347,2.204543),(2.57663,2.441348,2.204543),(2.57663,2.458652,2.204543),(2.566458,2.472652,2.204543),(2.55,2.478,2.204543),(2.533542,2.472652,2.204543),(2.523371,2.458652,2.204543),(2.523371,2.441348,2.204543),(2.533542,2.427347,2.204543),(2.55,2.422,2.204543),(2.55,2.422,2.130347),(2.566458,2.427347,2.130347),(2.57663,2.441348,2.130347),(2.57663,2.458652,2.130347),(2.566458,2.472652,2.130347),(2.55,2.478,2.130347),(2.533542,2.472652,2.130347),(2.523371,2.458652,2.130347),(2.523371,2.441348,2.130347),(2.533542,2.427347,2.130347),(2.55,2.422,2.130347),(2.55,2.422,2.056151),(2.566458,2.427347,2.056151),(2.57663,2.441348,2.056151),(2.57663,2.458652,2.056151),(2.566458,2.472652,2.056151),(2.55,2.478,2.056151),(2.533542,2.472652,2.056151),(2.523371,2.458652,2.056151),(2.523371,2.441348,2.056151),(2.533542,2.427347,2.056151),(2.55,2.422,2.056151),(2.55,2.422,1.981956),(2.566458,2.427347,1.981956),(2.57663,2.441348,1.981956),(2.57663,2.458652,1.981956),(2.566458,2.472652,1.981956),(2.55,2.478,1.981956),(2.533542,2.472652,1.981956),(2.523371,2.458652,1.981956),(2.523371,2.441348,1.981956),(2.533542,2.427347,1.981956),(2.55,2.422,1.981956),(2.55,2.422,1.90776),(2.566458,2.427347,1.90776),(2.57663,2.441348,1.90776),(2.57663,2.458652,1.90776),(2.566458,2.472652,1.90776),(2.55,2.478,1.90776),(2.533542,2.472652,1.90776),(2.523371,2.458652,1.90776),(2.523371,2.441348,1.90776),(2.533542,2.427347,1.90776),(2.55,2.422,1.90776),(2.55,2.422,1.833565),(2.566458,2.427347,1.833565),(2.57663,2.441348,1.833565),(2.57663,2.458652,1.833565),(2.566458,2.472652,1.833565),(2.55,2.478,1.833565),(2.533542,2.472652,1.833565),(2.523371,2.458652,1.833565),(2.523371,2.441348,1.833565),(2.533542,2.427347,1.833565),(2.55,2.422,1.833565),(2.55,2.422,1.759369),(2.566458,2.427347,1.759369),(2.57663,2.441348,1.759369),(2.57663,2.458652,1.759369),(2.566458,2.472652,1.759369),(2.55,2.478,1.759369),(2.533542,2.472652,1.759369),(2.523371,2.458652,1.759369),(2.523371,2.441348,1.759369),(2.533542,2.427347,1.759369),(2.55,2.422,1.759369),(2.55,2.422,1.685174),(2.566458,2.427347,1.685174),(2.57663,2.441348,1.685174),(2.57663,2.458652,1.685174),(2.566458,2.472652,1.685174),(2.55,2.478,1.685174),(2.533542,2.472652,1.685174),(2.523371,2.458652,1.685174),(2.523371,2.441348,1.685174),(2.533542,2.427347,1.685174),(2.55,2.422,1.685174),(2.55,2.422,1.610978),(2.566458,2.427347,1.610978),(2.57663,2.441348,1.610978),(2.57663,2.458652,1.610978),(2.566458,2.472652,1.610978),(2.55,2.478,1.610978),(2.533542,2.472652,1.610978),(2.523371,2.458652,1.610978),(2.523371,2.441348,1.610978),(2.533542,2.427347,1.610978),(2.55,2.422,1.610978),(2.55,2.422,1.536782),(2.566458,2.427347,1.536782),(2.57663,2.441348,1.536782),(2.57663,2.458652,1.536782),(2.566458,2.472652,1.536782),(2.55,2.478,1.536782),(2.533542,2.472652,1.536782),(2.523371,2.458652,1.536782),(2.523371,2.441348,1.536782),(2.533542,2.427347,1.536782),(2.55,2.422,1.536782),(2.55,2.422,1.462587),(2.566458,2.427347,1.462587),(2.57663,2.441348,1.462587),(2.57663,2.458652,1.462587),(2.566458,2.472652,1.462587),(2.55,2.478,1.462587),(2.533542,2.472652,1.462587),(2.523371,2.458652,1.462587),(2.523371,2.441348,1.462587),(2.533542,2.427347,1.462587),(2.55,2.422,1.462587),(2.55,2.422,1.388391),(2.566458,2.427347,1.388391),(2.57663,2.441348,1.388391),(2.57663,2.458652,1.388391),(2.566458,2.472652,1.388391),(2.55,2.478,1.388391),(2.533542,2.472652,1.388391),(2.523371,2.458652,1.388391),(2.523371,2.441348,1.388391),(2.533542,2.427347,1.388391),(2.55,2.422,1.388391),(2.55,2.422,1.314196),(2.566458,2.427347,1.314196),(2.57663,2.441348,1.314196),(2.57663,2.458652,1.314196),(2.566458,2.472652,1.314196),(2.55,2.478,1.314196),(2.533542,2.472652,1.314196),(2.523371,2.458652,1.314196),(2.523371,2.441348,1.314196),(2.533542,2.427347,1.314196),(2.55,2.422,1.314196),(2.55,2.422,1.24),(2.566458,2.427347,1.24),(2.57663,2.441348,1.24),(2.57663,2.458652,1.24),(2.566458,2.472652,1.24),(2.55,2.478,1.24),(2.533542,2.472652,1.24),(2.523371,2.458652,1.24),(2.523371,2.441348,1.24),(2.533542,2.427347,1.24),(2.55,2.422,1.24)));
#411=IFCTRIANGULATEDFACESET(#410,$,$,((1,12,2),(12,13,2),(2,13,3),(13,14,3),(3,14,4),(14,15,4),(4,15,5),(15,16,5),(5,16,6),(16,17,6),(6,17,7),(17,18,7),(7,18,8),(18,19,8),(8,19,9),(19,20,9),(9,20,10),(20,21,10),(10,21,11),(21,22,11),(12,23,13),(23,24,13),(13,24,14),(24,25,14),(14,25,15),(25,26,15),(15,26,16),(26,27,16),(16,27,17),(27,28,17),(17,28,18),(28,29,18),(18,29,19),(29,30,19),(19,30,20),(30,31,20),(20,31,21),(31,32,21),(21,32,22),(32,33,22),(23,34,24),(34,35,24),(24,35,25),(35,36,25),(25,36,26),(36,37,26),(26,37,27),(37,38,27),(27,38,28),(38,39,28),(28,39,29),(39,40,29),(29,40,30),(40,41,30),(30,41,31),(41,42,31),(31,42,32),(42,43,32),(32,43,33),(43,44,33),(34,45,35),(45,46,35),(35,46,36),(46,47,36),(36,47,37),(47,48,37),(37,48,38),(48,49,38),(38,49,39),(49,50,39),(39,50,40),(50,51,40),(40,51,41),(51,52,41),(41,52,42),(52,53,42),(42,53,43),(53,54,43),(43,54,44),(54,55,44),(45,56,46),(56,57,46),(46,57,47),(57,58,47),(47,58,48),(58,59,48),(48,59,49),(59,60,49),(49,60,50),(60,61,50),(50,61,51),(61,62,51),(51,62,52),(62,63,52),(52,63,53),(63,64,53),(53,64,54),(64,65,54),(54,65,55),(65,66,55),(56,67,57),(67,68,57),(57,68,58),(68,69,58),(58,69,59),(69,70,59),(59,70,60),(70,71,60),(60,71,61),(71,72,61),(61,72,62),(72,73,62),(62,73,63),(73,74,63),(63,74,64),(74,75,64),(64,75,65),(75,76,65),(65,76,66),(76,77,66),(67,78,68),(78,79,68),(68,79,69),(79,80,69),(69,80,70),(80,81,70),(70,81,71),(81,82,71),(71,82,72),(82,83,72),(72,83,73),(83,84,73),(73,84,74),(84,85,74),(74,85,75),(85,86,75),(75,86,76),(86,87,76),(76,87,77),(87,88,77),(78,89,79),(89,90,79),(79,90,80),(90,91,80),(80,91,81),(91,92,81),(81,92,82),(92,93,82),(82,93,83),(93,94,83),(83,94,84),(94,95,84),(84,95,85),(95,96,85),(85,96,86),(96,97,86),(86,97,87),(97,98,87),(87,98,88),(98,99,88),(89,100,90),(100,101,90),(90,101,91),(101,102,91),(91,102,92),(102,103,92),(92,103,93),(103,104,93),(93,104,94),(104,105,94),(94,105,95),(105,106,95),(95,106,96),(106,107,96),(96,107,97),(107,108,97),(97,108,98),(108,109,98),(98,109,99),(109,110,99),(100,111,101),(111,112,101),(101,112,102),(112,113,102),(102,113,103),(113,114,103),(103,114,104),(114,115,104),(104,115,105),(115,116,105),(105,116,106),(116,117,106),(106,117,107),(117,118,107),(107,118,108),(118,119,108),(108,119,109),(119,120,109),(109,120,110),(120,121,110),(111,122,112),(122,123,112),(112,123,113),(123,124,113),(113,124,114),(124,125,114),(114,125,115),(125,126,115),(115,126,116),(126,127,116),(116,127,117),(127,128,117),(117,128,118),(128,129,118),(118,129,119),(129,130,119),(119,130,120),(130,131,120),(120,131,121),(131,132,121),(122,133,123),(133,134,123),(123,134,124),(134,135,124),(124,135,125),(135,136,125),(125,136,126),(136,137,126),(126,137,127),(137,138,127),(127,138,128),(138,139,128),(128,139,129),(139,140,129),(129,140,130),(140,141,130),(130,141,131),(141,142,131),(131,142,132),(142,143,132),(133,144,134),(144,145,134),(134,145,135),(145,146,135),(135,146,136),(146,147,136),(136,147,137),(147,148,137),(137,148,138),(148,149,138),(138,149,139),(149,150,139),(139,150,140),(150,151,140),(140,151,141),(151,152,141),(141,152,142),(152,153,142),(142,153,143),(153,154,143),(144,155,145),(155,156,145),(145,156,146),(156,157,146),(146,157,147),(157,158,147),(147,158,148),(158,159,148),(148,159,149),(159,160,149),(149,160,150),(160,161,150),(150,161,151),(161,162,151),(151,162,152),(162,163,152),(152,163,153),(163,164,153),(153,164,154),(164,165,154),(155,166,156),(166,167,156),(156,167,157),(167,168,157),(157,168,158),(168,169,158),(158,169,159),(169,170,159),(159,170,160),(170,171,160),(160,171,161),(171,172,161),(161,172,162),(172,173,162),(162,173,163),(173,174,163),(163,174,164),(174,175,164),(164,175,165),(175,176,165),(166,177,167),(177,178,167),(167,178,168),(178,179,168),(168,179,169),(179,180,169),(169,180,170),(180,181,170),(170,181,171),(181,182,171),(171,182,172),(182,183,172),(172,183,173),(183,184,173),(173,184,174),(184,185,174),(174,185,175),(185,186,175),(175,186,176),(186,187,176),(177,188,178),(188,189,178),(178,189,179),(189,190,179),(179,190,180),(190,191,180),(180,191,181),(191,192,181),(181,192,182),(192,193,182),(182,193,183),(193,194,183),(183,194,184),(194,195,184),(184,195,185),(195,196,185),(185,196,186),(196,197,186),(186,197,187),(197,198,187),(188,199,189),(199,200,189),(189,200,190),(200,201,190),(190,201,191),(201,202,191),(191,202,192),(202,203,192),(192,203,193),(203,204,193),(193,204,194),(204,205,194),(194,205,195),(205,206,195),(195,206,196),(206,207,196),(196,207,197),(207,208,197),(197,208,198),(208,209,198),(199,210,200),(210,211,200),(200,211,201),(211,212,201),(201,212,202),(212,213,202),(202,213,203),(213,214,203),(203,214,204),(214,215,204),(204,215,205),(215,216,205),(205,216,206),(216,217,206),(206,217,207),(217,218,207),(207,218,208),(218,219,208),(208,219,209),(219,220,209),(210,221,211),(221,222,211),(211,222,212),(222,223,212),(212,223,213),(223,224,213),(213,224,214),(224,225,214),(214,225,215),(225,226,215),(215,226,216),(226,227,216),(216,227,217),(227,228,217),(217,228,218),(228,229,218),(218,229,219),(229,230,219),(219,230,220),(230,231,220),(221,232,222),(232,233,222),(222,233,223),(233,234,223),(223,234,224),(234,235,224),(224,235,225),(235,236,225),(225,236,226),(236,237,226),(226,237,227),(237,238,227),(227,238,228),(238,239,228),(228,239,229),(239,240,229),(229,240,230),(240,241,230),(230,241,231),(241,242,231),(232,243,233),(243,244,233),(233,244,234),(244,245,234),(234,245,235),(245,246,235),(235,246,236),(246,247,236),(236,247,237),(247,248,237),(237,248,238),(248,249,238),(238,249,239),(249,250,239),(239,250,240),(250,251,240),(240,251,241),(251,252,241),(241,252,242),(252,253,242),(243,254,244),(254,255,244),(244,255,245),(255,256,245),(245,256,246),(256,257,246),(246,257,247),(257,258,247),(247,258,248),(258,259,248),(248,259,249),(259,260,249),(249,260,250),(260,261,250),(250,261,251),(261,262,251),(251,262,252),(262,263,252),(252,263,253),(263,264,253),(254,265,255),(265,266,255),(255,266,256),(266,267,256),(256,267,257),(267,268,257),(257,268,258),(268,269,258),(258,269,259),(269,270,259),(259,270,260),(270,271,260),(260,271,261),(271,272,261),(261,272,262),(272,273,262),(262,273,263),(273,274,263),(263,274,264),(274,275,264),(265,276,266),(276,277,266),(266,277,267),(277,278,267),(267,278,268),(278,279,268),(268,279,269),(279,280,269),(269,280,270),(280,281,270),(270,281,271),(281,282,271),(271,282,272),(282,283,272),(272,283,273),(283,284,273),(273,284,274),(284,285,274),(274,285,275),(285,286,275),(276,287,277),(287,288,277),(277,288,278),(288,289,278),(278,289,279),(289,290,279),(279,290,280),(290,291,280),(280,291,281),(291,292,281),(281,292,282),(292,293,282),(282,293,283),(293,294,283),(283,294,284),(294,295,284),(284,295,285),(295,296,285),(285,296,286),(296,297,286),(287,298,288),(298,299,288),(288,299,289),(299,300,289),(289,300,290),(300,301,290),(290,301,291),(301,302,291),(291,302,292),(302,303,292),(292,303,293),(303,304,293),(293,304,294),(304,305,294),(294,305,295),(305,306,295),(295,306,296),(306,307,296),(296,307,297),(307,308,297),(298,309,299),(309,310,299),(299,310,300),(310,311,300),(300,311,301),(311,312,301),(301,312,302),(312,313,302),(302,313,303),(313,314,303),(303,314,304),(314,315,304),(304,315,305),(315,316,305),(305,316,306),(316,317,306),(306,317,307),(317,318,307),(307,318,308),(318,319,308),(309,320,310),(320,321,310),(310,321,311),(321,322,311),(311,322,312),(322,323,312),(312,323,313),(323,324,313),(313,324,314),(324,325,314),(314,325,315),(325,326,315),(315,326,316),(326,327,316),(316,327,317),(327,328,317),(317,328,318),(328,329,318),(318,329,319),(329,330,319),(320,331,321),(331,332,321),(321,332,322),(332,333,322),(322,333,323),(333,334,323),(323,334,324),(334,335,324),(324,335,325),(335,336,325),(325,336,326),(336,337,326),(326,337,327),(337,338,327),(327,338,328),(338,339,328),(328,339,329),(339,340,329),(329,340,330),(340,341,330),(331,342,332),(342,343,332),(332,343,333),(343,344,333),(333,344,334),(344,345,334),(334,345,335),(345,346,335),(335,346,336),(346,347,336),(336,347,337),(347,348,337),(337,348,338),(348,349,338),(338,349,339),(349,350,339),(339,350,340),(350,351,340),(340,351,341),(351,352,341),(342,353,343),(353,354,343),(343,354,344),(354,355,344),(344,355,345),(355,356,345),(345,356,346),(356,357,346),(346,357,347),(357,358,347),(347,358,348),(358,359,348),(348,359,349),(359,360,349),(349,360,350),(360,361,350),(350,361,351),(361,362,351),(351,362,352),(362,363,352),(353,364,354),(364,365,354),(354,365,355),(365,366,355),(355,366,356),(366,367,356),(356,367,357),(367,368,357),(357,368,358),(368,369,358),(358,369,359),(369,370,359),(359,370,360),(370,371,360),(360,371,361),(371,372,361),(361,372,362),(372,373,362),(362,373,363),(373,374,363),(364,375,365),(375,376,365),(365,376,366),(376,377,366),(366,377,367),(377,378,367),(367,378,368),(378,379,368),(368,379,369),(379,380,369),(369,380,370),(380,381,370),(370,381,371),(381,382,371),(371,382,372),(382,383,372),(372,383,373),(383,384,373),(373,384,374),(384,385,374),(375,386,376),(386,387,376),(376,387,377),(387,388,377),(377,388,378),(388,389,378),(378,389,379),(389,390,379),(379,390,380),(390,391,380),(380,391,381),(391,392,381),(381,392,382),(392,393,382),(382,393,383),(393,394,383),(383,394,384),(394,395,384),(384,395,385),(395,396,385),(386,397,387),(397,398,387),(387,398,388),(398,399,388),(388,399,389),(399,400,389),(389,400,390),(400,401,390),(390,401,391),(401,402,391),(391,402,392),(402,403,392),(392,403,393),(403,404,393),(393,404,394),(404,405,394),(394,405,395),(405,406,395),(395,406,396),(406,407,396),(397,408,398),(408,409,398),(398,409,399),(409,410,399),(399,410,400),(410,411,400),(400,411,401),(411,412,401),(401,412,402),(412,413,402),(402,413,403),(413,414,403),(403,414,404),(414,415,404),(404,415,405),(415,416,405),(405,416,406),(416,417,406),(406,417,407),(417,418,407),(408,419,409),(419,420,409),(409,420,410),(420,421,410),(410,421,411),(421,422,411),(411,422,412),(422,423,412),(412,423,413),(423,424,413),(413,424,414),(424,425,414),(414,425,415),(425,426,415),(415,426,416),(426,427,416),(416,427,417),(427,428,417),(417,428,418),(428,429,418),(419,430,420),(430,431,420),(420,431,421),(431,432,421),(421,432,422),(432,433,422),(422,433,423),(433,434,423),(423,434,424),(434,435,424),(424,435,425),(435,436,425),(425,436,426),(436,437,426),(426,437,427),(437,438,427),(427,438,428),(438,439,428),(428,439,429),(439,440,429),(430,441,431),(441,442,431),(431,442,432),(442,443,432),(432,443,433),(443,444,433),(433,444,434),(444,445,434),(434,445,435),(445,446,435),(435,446,436),(446,447,436),(436,447,437),(447,448,437),(437,448,438),(448,449,438),(438,449,439),(449,450,439),(439,450,440),(450,451,440),(441,452,442),(452,453,442),(442,453,443),(453,454,443),(443,454,444),(454,455,444),(444,455,445),(455,456,445),(445,456,446),(456,457,446),(446,457,447),(457,458,447),(447,458,448),(458,459,448),(448,459,449),(459,460,449),(449,460,450),(460,461,450),(450,461,451),(461,462,451),(452,463,453),(463,464,453),(453,464,454),(464,465,454),(454,465,455),(465,466,455),(455,466,456),(466,467,456),(456,467,457),(467,468,457),(457,468,458),(468,469,458),(458,469,459),(469,470,459),(459,470,460),(470,471,460),(460,471,461),(471,472,461),(461,472,462),(472,473,462),(463,474,464),(474,475,464),(464,475,465),(475,476,465),(465,476,466),(476,477,466),(466,477,467),(477,478,467),(467,478,468),(478,479,468),(468,479,469),(479,480,469),(469,480,470),(480,481,470),(470,481,471),(481,482,471),(471,482,472),(482,483,472),(472,483,473),(483,484,473),(474,485,475),(485,486,475),(475,486,476),(486,487,476),(476,487,477),(487,488,477),(477,488,478),(488,489,478),(478,489,479),(489,490,479),(479,490,480),(490,491,480),(480,491,481),(491,492,481),(481,492,482),(492,493,482),(482,493,483),(493,494,483),(483,494,484),(494,495,484),(485,496,486),(496,497,486),(486,497,487),(497,498,487),(487,498,488),(498,499,488),(488,499,489),(499,500,489),(489,500,490),(500,501,490),(490,501,491),(501,502,491),(491,502,492),(502,503,492),(492,503,493),(503,504,493),(493,504,494),(504,505,494),(494,505,495),(505,506,495),(496,507,497),(507,508,497),(497,508,498),(508,509,498),(498,509,499),(509,510,499),(499,510,500),(510,511,500),(500,511,501),(511,512,501),(501,512,502),(512,513,502),(502,513,503),(513,514,503),(503,514,504),(514,515,504),(504,515,505),(515,516,505),(505,516,506),(516,517,506),(507,518,508),(518,519,508),(508,519,509),(519,520,509),(509,520,510),(520,521,510),(510,521,511),(521,522,511),(511,522,512),(522,523,512),(512,523,513),(523,524,513),(513,524,514),(524,525,514),(514,525,515),(525,526,515),(515,526,516),(526,527,516),(516,527,517),(527,528,517),(518,529,519),(529,530,519),(519,530,520),(530,531,520),(520,531,521),(531,532,521),(521,532,522),(532,533,522),(522,533,523),(533,534,523),(523,534,524),(534,535,524),(524,535,525),(535,536,525),(525,536,526),(536,537,526),(526,537,527),(537,538,527),(527,538,528),(538,539,528),(529,540,530),(540,541,530),(530,541,531),(541,542,531),(531,542,532),(542,543,532),(532,543,533),(543,544,533),(533,544,534),(544,545,534),(534,545,535),(545,546,535),(535,546,536),(546,547,536),(536,547,537),(547,548,537),(537,548,538),(548,549,538),(538,549,539),(549,550,539),(540,551,541),(551,552,541),(541,552,542),(552,553,542),(542,553,543),(553,554,543),(543,554,544),(554,555,544),(544,555,545),(555,556,545),(545,556,546),(556,557,546),(546,557,547),(557,558,547),(547,558,548),(558,559,548),(548,559,549),(559,560,549),(549,560,550),(560,561,550),(551,562,552),(562,563,552),(552,563,553),(563,564,553),(553,564,554),(564,565,554),(554,565,555),(565,566,555),(555,566,556),(566,567,556),(556,567,557),(567,568,557),(557,568,558),(568,569,558),(558,569,559),(569,570,559),(559,570,560),(570,571,560),(560,571,561),(571,572,561),(562,573,563),(573,574,563),(563,574,564),(574,575,564),(564,575,565),(575,576,565),(565,576,566),(576,577,566),(566,577,567),(577,578,567),(567,578,568),(578,579,568),(568,579,569),(579,580,569),(569,580,570),(580,581,570),(570,581,571),(581,582,571),(571,582,572),(582,583,572),(573,584,574),(584,585,574),(574,585,575),(585,586,575),(575,586,576),(586,587,576),(576,587,577),(587,588,577),(577,588,578),(588,589,578),(578,589,579),(589,590,579),(579,590,580),(590,591,580),(580,591,581),(591,592,581),(581,592,582),(592,593,582),(582,593,583),(593,594,583),(584,595,585),(595,596,585),(585,596,586),(596,597,586),(586,597,587),(597,598,587),(587,598,588),(598,599,588),(588,599,589),(599,600,589),(589,600,590),(600,601,590),(590,601,591),(601,602,591),(591,602,592),(602,603,592),(592,603,593),(603,604,593),(593,604,594),(604,605,594),(595,606,596),(606,607,596),(596,607,597),(607,608,597),(597,608,598),(608,609,598),(598,609,599),(609,610,599),(599,610,600),(610,611,600),(600,611,601),(611,612,601),(601,612,602),(612,613,602),(602,613,603),(613,614,603),(603,614,604),(614,615,604),(604,615,605),(615,616,605),(606,617,607),(617,618,607),(607,618,608),(618,619,608),(608,619,609),(619,620,609),(609,620,610),(620,621,610),(610,621,611),(621,622,611),(611,622,612),(622,623,612),(612,623,613),(623,624,613),(613,624,614),(624,625,614),(614,625,615),(625,626,615),(615,626,616),(626,627,616),(617,628,618),(628,629,618),(618,629,619),(629,630,619),(619,630,620),(630,631,620),(620,631,621),(631,632,621),(621,632,622),(632,633,622),(622,633,623),(633,634,623),(623,634,624),(634,635,624),(624,635,625),(635,636,625),(625,636,626),(636,637,626),(626,637,627),(637,638,627),(628,639,629),(639,640,629),(629,640,630),(640,641,630),(630,641,631),(641,642,631),(631,642,632),(642,643,632),(632,643,633),(643,644,633),(633,644,634),(644,645,634),(634,645,635),(645,646,635),(635,646,636),(646,647,636),(636,647,637),(647,648,637),(637,648,638),(648,649,638),(639,650,640),(650,651,640),(640,651,641),(651,652,641),(641,652,642),(652,653,642),(642,653,643),(653,654,643),(643,654,644),(654,655,644),(644,655,645),(655,656,645),(645,656,646),(656,657,646),(646,657,647),(657,658,647),(647,658,648),(658,659,648),(648,659,649),(659,660,649),(650,661,651),(661,662,651),(651,662,652),(662,663,652),(652,663,653),(663,664,653),(653,664,654),(664,665,654),(654,665,655),(665,666,655),(655,666,656),(666,667,656),(656,667,657),(667,668,657),(657,668,658),(668,669,658),(658,669,659),(669,670,659),(659,670,660),(670,671,660),(661,672,662),(672,673,662),(662,673,663),(673,674,663),(663,674,664),(674,675,664),(664,675,665),(675,676,665),(665,676,666),(676,677,666),(666,677,667),(677,678,667),(667,678,668),(678,679,668),(668,679,669),(679,680,669),(669,680,670),(680,681,670),(670,681,671),(681,682,671),(672,683,673),(683,684,673),(673,684,674),(684,685,674),(674,685,675),(685,686,675),(675,686,676),(686,687,676),(676,687,677),(687,688,677),(677,688,678),(688,689,678),(678,689,679),(689,690,679),(679,690,680),(690,691,680),(680,691,681),(691,692,681),(681,692,682),(692,693,682),(683,694,684),(694,695,684),(684,695,685),(695,696,685),(685,696,686),(696,697,686),(686,697,687),(697,698,687),(687,698,688),(698,699,688),(688,699,689),(699,700,689),(689,700,690),(700,701,690),(690,701,691),(701,702,691),(691,702,692),(702,703,692),(692,703,693),(703,704,693),(694,705,695),(705,706,695),(695,706,696),(706,707,696),(696,707,697),(707,708,697),(697,708,698),(708,709,698),(698,709,699),(709,710,699),(699,710,700),(710,711,700),(700,711,701),(711,712,701),(701,712,702),(712,713,702),(702,713,703),(713,714,703),(703,714,704),(714,715,704)),$);
#412=IFCSTYLEDITEM(#411,(#166),'conduit_msb_t1_primary');
#413=IFCCARTESIANPOINTLIST3D(((-0.45,2.3968,2.409),(-0.426917,2.402068,2.409),(-0.408407,2.41683,2.409),(-0.398134,2.438162,2.409),(-0.398134,2.461838,2.409),(-0.408407,2.48317,2.409),(-0.426917,2.497931,2.409),(-0.45,2.5032,2.409),(-0.473083,2.497931,2.409),(-0.491593,2.48317,2.409),(-0.501866,2.461838,2.409),(-0.501866,2.438162,2.409),(-0.491593,2.41683,2.409),(-0.473083,2.402068,2.409),(-0.45,2.3968,2.409),(-0.45,2.3968,2.379),(-0.426917,2.402068,2.379),(-0.408407,2.41683,2.379),(-0.398134,2.438162,2.379),(-0.398134,2.461838,2.379),(-0.408407,2.48317,2.379),(-0.426917,2.497931,2.379),(-0.45,2.5032,2.379),(-0.473083,2.497931,2.379),(-0.491593,2.48317,2.379),(-0.501866,2.461838,2.379),(-0.501866,2.438162,2.379),(-0.491593,2.41683,2.379),(-0.473083,2.402068,2.379),(-0.45,2.3968,2.379),(-0.45,2.45,2.409),(-0.45,2.45,2.409),(-0.45,2.45,2.409),(-0.45,2.45,2.409),(-0.45,2.45,2.409),(-0.45,2.45,2.409),(-0.45,2.45,2.409),(-0.45,2.45,2.409),(-0.45,2.45,2.409),(-0.45,2.45,2.409),(-0.45,2.45,2.409),(-0.45,2.45,2.409),(-0.45,2.45,2.409),(-0.45,2.45,2.409),(-0.45,2.3968,2.409),(-0.426917,2.402068,2.409),(-0.408407,2.41683,2.409),(-0.398134,2.438162,2.409),(-0.398134,2.461838,2.409),(-0.408407,2.48317,2.409),(-0.426917,2.497931,2.409),(-0.45,2.5032,2.409),(-0.473083,2.497931,2.409),(-0.491593,2.48317,2.409),(-0.501866,2.461838,2.409),(-0.501866,2.438162,2.409),(-0.491593,2.41683,2.409),(-0.473083,2.402068,2.409),(-0.45,2.3968,2.409),(-0.45,2.45,2.379),(-0.45,2.45,2.379),(-0.45,2.45,2.379),(-0.45,2.45,2.379),(-0.45,2.45,2.379),(-0.45,2.45,2.379),(-0.45,2.45,2.379),(-0.45,2.45,2.379),(-0.45,2.45,2.379),(-0.45,2.45,2.379),(-0.45,2.45,2.379),(-0.45,2.45,2.379),(-0.45,2.45,2.379),(-0.45,2.45,2.379),(-0.45,2.3968,2.379),(-0.426917,2.402068,2.379),(-0.408407,2.41683,2.379),(-0.398134,2.438162,2.379),(-0.398134,2.461838,2.379),(-0.408407,2.48317,2.379),(-0.426917,2.497931,2.379),(-0.45,2.5032,2.379),(-0.473083,2.497931,2.379),(-0.491593,2.48317,2.379),(-0.501866,2.461838,2.379),(-0.501866,2.438162,2.379),(-0.491593,2.41683,2.379),(-0.473083,2.402068,2.379),(-0.45,2.3968,2.379),(2.55,2.3968,1.263),(2.573083,2.402068,1.263),(2.591594,2.41683,1.263),(2.601866,2.438162,1.263),(2.601866,2.461838,1.263),(2.591594,2.48317,1.263),(2.573083,2.497931,1.263),(2.55,2.5032,1.263),(2.526917,2.497931,1.263),(2.508407,2.48317,1.263),(2.498134,2.461838,1.263),(2.498134,2.438162,1.263),(2.508407,2.41683,1.263),(2.526917,2.402068,1.263),(2.55,2.3968,1.263),(2.55,2.3968,1.233),(2.573083,2.402068,1.233),(2.591594,2.41683,1.233),(2.601866,2.438162,1.233),(2.601866,2.461838,1.233),(2.591594,2.48317,1.233),(2.573083,2.497931,1.233),(2.55,2.5032,1.233),(2.526917,2.497931,1.233),(2.508407,2.48317,1.233),(2.498134,2.461838,1.233),(2.498134,2.438162,1.233),(2.508407,2.41683,1.233),(2.526917,2.402068,1.233),(2.55,2.3968,1.233),(2.55,2.45,1.263),(2.55,2.45,1.263),(2.55,2.45,1.263),(2.55,2.45,1.263),(2.55,2.45,1.263),(2.55,2.45,1.263),(2.55,2.45,1.263),(2.55,2.45,1.263),(2.55,2.45,1.263),(2.55,2.45,1.263),(2.55,2.45,1.263),(2.55,2.45,1.263),(2.55,2.45,1.263),(2.55,2.45,1.263),(2.55,2.3968,1.263),(2.573083,2.402068,1.263),(2.591594,2.41683,1.263),(2.601866,2.438162,1.263),(2.601866,2.461838,1.263),(2.591594,2.48317,1.263),(2.573083,2.497931,1.263),(2.55,2.5032,1.263),(2.526917,2.497931,1.263),(2.508407,2.48317,1.263),(2.498134,2.461838,1.263),(2.498134,2.438162,1.263),(2.508407,2.41683,1.263),(2.526917,2.402068,1.263),(2.55,2.3968,1.263),(2.55,2.45,1.233),(2.55,2.45,1.233),(2.55,2.45,1.233),(2.55,2.45,1.233),(2.55,2.45,1.233),(2.55,2.45,1.233),(2.55,2.45,1.233),(2.55,2.45,1.233),(2.55,2.45,1.233),(2.55,2.45,1.233),(2.55,2.45,1.233),(2.55,2.45,1.233),(2.55,2.45,1.233),(2.55,2.45,1.233),(2.55,2.3968,1.233),(2.573083,2.402068,1.233),(2.591594,2.41683,1.233),(2.601866,2.438162,1.233),(2.601866,2.461838,1.233),(2.591594,2.48317,1.233),(2.573083,2.497931,1.233),(2.55,2.5032,1.233),(2.526917,2.497931,1.233),(2.508407,2.48317,1.233),(2.498134,2.461838,1.233),(2.498134,2.438162,1.233),(2.508407,2.41683,1.233),(2.526917,2.402068,1.233),(2.55,2.3968,1.233)));
#414=IFCTRIANGULATEDFACESET(#413,$,$,((1,16,2),(16,17,2),(2,17,3),(17,18,3),(3,18,4),(18,19,4),(4,19,5),(19,20,5),(5,20,6),(20,21,6),(6,21,7),(21,22,7),(7,22,8),(22,23,8),(8,23,9),(23,24,9),(9,24,10),(24,25,10),(10,25,11),(25,26,11),(11,26,12),(26,27,12),(12,27,13),(27,28,13),(13,28,14),(28,29,14),(14,29,15),(29,30,15),(45,46,31),(46,47,32),(47,48,33),(48,49,34),(49,50,35),(50,51,36),(51,52,37),(52,53,38),(53,54,39),(54,55,40),(55,56,41),(56,57,42),(57,58,43),(58,59,44),(75,74,60),(76,75,61),(77,76,62),(78,77,63),(79,78,64),(80,79,65),(81,80,66),(82,81,67),(83,82,68),(84,83,69),(85,84,70),(86,85,71),(87,86,72),(88,87,73),(89,104,90),(104,105,90),(90,105,91),(105,106,91),(91,106,92),(106,107,92),(92,107,93),(107,108,93),(93,108,94),(108,109,94),(94,109,95),(109,110,95),(95,110,96),(110,111,96),(96,111,97),(111,112,97),(97,112,98),(112,113,98),(98,113,99),(113,114,99),(99,114,100),(114,115,100),(100,115,101),(115,116,101),(101,116,102),(116,117,102),(102,117,103),(117,118,103),(133,134,119),(134,135,120),(135,136,121),(136,137,122),(137,138,123),(138,139,124),(139,140,125),(140,141,126),(141,142,127),(142,143,128),(143,144,129),(144,145,130),(145,146,131),(146,147,132),(163,162,148),(164,163,149),(165,164,150),(166,165,151),(167,166,152),(168,167,153),(169,168,154),(170,169,155),(171,170,156),(172,171,157),(173,172,158),(174,173,159),(175,174,160),(176,175,161)),$);
#415=IFCSTYLEDITEM(#414,(#166),'conduit_msb_t1_primary_hubs');
#416=IFCCARTESIANPOINTLIST3D(((2.85,2.315,1.24),(2.829427,2.321684,1.24),(2.816713,2.339185,1.24),(2.816713,2.360816,1.24),(2.829427,2.378316,1.24),(2.85,2.385,1.24),(2.870573,2.378316,1.24),(2.883287,2.360816,1.24),(2.883287,2.339185,1.24),(2.870573,2.321684,1.24),(2.85,2.315,1.24),(2.85,2.315,1.314706),(2.829427,2.321684,1.314706),(2.816713,2.339185,1.314706),(2.816713,2.360816,1.314706),(2.829427,2.378316,1.314706),(2.85,2.385,1.314706),(2.870573,2.378316,1.314706),(2.883287,2.360816,1.314706),(2.883287,2.339185,1.314706),(2.870573,2.321684,1.314706),(2.85,2.315,1.314706),(2.85,2.315,1.389413),(2.829427,2.321684,1.389413),(2.816713,2.339185,1.389413),(2.816713,2.360816,1.389413),(2.829427,2.378316,1.389413),(2.85,2.385,1.389413),(2.870573,2.378316,1.389413),(2.883287,2.360816,1.389413),(2.883287,2.339185,1.389413),(2.870573,2.321684,1.389413),(2.85,2.315,1.389413),(2.85,2.315,1.464119),(2.829427,2.321684,1.464119),(2.816713,2.339185,1.464119),(2.816713,2.360816,1.464119),(2.829427,2.378316,1.464119),(2.85,2.385,1.464119),(2.870573,2.378316,1.464119),(2.883287,2.360816,1.464119),(2.883287,2.339185,1.464119),(2.870573,2.321684,1.464119),(2.85,2.315,1.464119),(2.85,2.315,1.538826),(2.829427,2.321684,1.538826),(2.816713,2.339185,1.538826),(2.816713,2.360816,1.538826),(2.829427,2.378316,1.538826),(2.85,2.385,1.538826),(2.870573,2.378316,1.538826),(2.883287,2.360816,1.538826),(2.883287,2.339185,1.538826),(2.870573,2.321684,1.538826),(2.85,2.315,1.538826),(2.85,2.315,1.613532),(2.829427,2.321684,1.613532),(2.816713,2.339185,1.613532),(2.816713,2.360816,1.613532),(2.829427,2.378316,1.613532),(2.85,2.385,1.613532),(2.870573,2.378316,1.613532),(2.883287,2.360816,1.613532),(2.883287,2.339185,1.613532),(2.870573,2.321684,1.613532),(2.85,2.315,1.613532),(2.85,2.315,1.688239),(2.829427,2.321684,1.688239),(2.816713,2.339185,1.688239),(2.816713,2.360816,1.688239),(2.829427,2.378316,1.688239),(2.85,2.385,1.688239),(2.870573,2.378316,1.688239),(2.883287,2.360816,1.688239),(2.883287,2.339185,1.688239),(2.870573,2.321684,1.688239),(2.85,2.315,1.688239),(2.85,2.315,1.762945),(2.829427,2.321684,1.762945),(2.816713,2.339185,1.762945),(2.816713,2.360816,1.762945),(2.829427,2.378316,1.762945),(2.85,2.385,1.762945),(2.870573,2.378316,1.762945),(2.883287,2.360816,1.762945),(2.883287,2.339185,1.762945),(2.870573,2.321684,1.762945),(2.85,2.315,1.762945),(2.85,2.315,1.837651),(2.829427,2.321684,1.837651),(2.816713,2.339185,1.837651),(2.816713,2.360816,1.837651),(2.829427,2.378316,1.837651),(2.85,2.385,1.837651),(2.870573,2.378316,1.837651),(2.883287,2.360816,1.837651),(2.883287,2.339185,1.837651),(2.870573,2.321684,1.837651),(2.85,2.315,1.837651),(2.85,2.315,1.912358),(2.829427,2.321684,1.912358),(2.816713,2.339185,1.912358),(2.816713,2.360816,1.912358),(2.829427,2.378316,1.912358),(2.85,2.385,1.912358),(2.870573,2.378316,1.912358),(2.883287,2.360816,1.912358),(2.883287,2.339185,1.912358),(2.870573,2.321684,1.912358),(2.85,2.315,1.912358),(2.85,2.315,1.987064),(2.829427,2.321684,1.987064),(2.816713,2.339185,1.987064),(2.816713,2.360816,1.987064),(2.829427,2.378316,1.987064),(2.85,2.385,1.987064),(2.870573,2.378316,1.987064),(2.883287,2.360816,1.987064),(2.883287,2.339185,1.987064),(2.870573,2.321684,1.987064),(2.85,2.315,1.987064),(2.85,2.315,2.061771),(2.829427,2.321684,2.061771),(2.816713,2.339185,2.061771),(2.816713,2.360816,2.061771),(2.829427,2.378316,2.061771),(2.85,2.385,2.061771),(2.870573,2.378316,2.061771),(2.883287,2.360816,2.061771),(2.883287,2.339185,2.061771),(2.870573,2.321684,2.061771),(2.85,2.315,2.061771),(2.85,2.315,2.136477),(2.829427,2.321684,2.136477),(2.816713,2.339185,2.136477),(2.816713,2.360816,2.136477),(2.829427,2.378316,2.136477),(2.85,2.385,2.136477),(2.870573,2.378316,2.136477),(2.883287,2.360816,2.136477),(2.883287,2.339185,2.136477),(2.870573,2.321684,2.136477),(2.85,2.315,2.136477),(2.85,2.315,2.211184),(2.829427,2.321684,2.211184),(2.816713,2.339185,2.211184),(2.816713,2.360816,2.211184),(2.829427,2.378316,2.211184),(2.85,2.385,2.211184),(2.870573,2.378316,2.211184),(2.883287,2.360816,2.211184),(2.883287,2.339185,2.211184),(2.870573,2.321684,2.211184),(2.85,2.315,2.211184),(2.85,2.315,2.28589),(2.829427,2.321684,2.28589),(2.816713,2.339185,2.28589),(2.816713,2.360816,2.28589),(2.829427,2.378316,2.28589),(2.85,2.385,2.28589),(2.870573,2.378316,2.28589),(2.883287,2.360816,2.28589),(2.883287,2.339185,2.28589),(2.870573,2.321684,2.28589),(2.85,2.315,2.28589),(2.85,2.315,2.360596),(2.829427,2.321684,2.360596),(2.816713,2.339185,2.360596),(2.816713,2.360816,2.360596),(2.829427,2.378316,2.360596),(2.85,2.385,2.360596),(2.870573,2.378316,2.360596),(2.883287,2.360816,2.360596),(2.883287,2.339185,2.360596),(2.870573,2.321684,2.360596),(2.85,2.315,2.360596),(2.85,2.315,2.435303),(2.829427,2.321684,2.435303),(2.816713,2.339185,2.435303),(2.816713,2.360816,2.435303),(2.829427,2.378316,2.435303),(2.85,2.385,2.435303),(2.870573,2.378316,2.435303),(2.883287,2.360816,2.435303),(2.883287,2.339185,2.435303),(2.870573,2.321684,2.435303),(2.85,2.315,2.435303),(2.85,2.315,2.510009),(2.829427,2.321684,2.510009),(2.816713,2.339185,2.510009),(2.816713,2.360816,2.510009),(2.829427,2.378316,2.510009),(2.85,2.385,2.510009),(2.870573,2.378316,2.510009),(2.883287,2.360816,2.510009),(2.883287,2.339185,2.510009),(2.870573,2.321684,2.510009),(2.85,2.315,2.510009),(2.85,2.315,2.584716),(2.829427,2.321684,2.584716),(2.816713,2.339185,2.584716),(2.816713,2.360816,2.584716),(2.829427,2.378316,2.584716),(2.85,2.385,2.584716),(2.870573,2.378316,2.584716),(2.883287,2.360816,2.584716),(2.883287,2.339185,2.584716),(2.870573,2.321684,2.584716),(2.85,2.315,2.584716),(2.85,2.315,2.659422),(2.829427,2.321684,2.659422),(2.816713,2.339185,2.659422),(2.816713,2.360816,2.659422),(2.829427,2.378316,2.659422),(2.85,2.385,2.659422),(2.870573,2.378316,2.659422),(2.883287,2.360816,2.659422),(2.883287,2.339185,2.659422),(2.870573,2.321684,2.659422),(2.85,2.315,2.659422),(2.85,2.315,2.734128),(2.829427,2.321684,2.734128),(2.816713,2.339185,2.734128),(2.816713,2.360816,2.734128),(2.829427,2.378316,2.734128),(2.85,2.385,2.734128),(2.870573,2.378316,2.734128),(2.883287,2.360816,2.734128),(2.883287,2.339185,2.734128),(2.870573,2.321684,2.734128),(2.85,2.315,2.734128),(2.85,2.315,2.808835),(2.829427,2.321684,2.808835),(2.816713,2.339185,2.808835),(2.816713,2.360816,2.808835),(2.829427,2.378316,2.808835),(2.85,2.385,2.808835),(2.870573,2.378316,2.808835),(2.883287,2.360816,2.808835),(2.883287,2.339185,2.808835),(2.870573,2.321684,2.808835),(2.85,2.315,2.808835),(2.85,2.315,2.883541),(2.829427,2.321684,2.883541),(2.816713,2.339185,2.883541),(2.816713,2.360816,2.883541),(2.829427,2.378316,2.883541),(2.85,2.385,2.883541),(2.870573,2.378316,2.883541),(2.883287,2.360816,2.883541),(2.883287,2.339185,2.883541),(2.870573,2.321684,2.883541),(2.85,2.315,2.883541),(2.850415,2.315,2.958246),(2.829864,2.321684,2.959202),(2.817163,2.339185,2.959793),(2.817163,2.360816,2.959793),(2.829864,2.378316,2.959202),(2.850415,2.385,2.958246),(2.870965,2.378316,2.957291),(2.883666,2.360816,2.9567),(2.883666,2.339185,2.9567),(2.870965,2.321684,2.957291),(2.850415,2.315,2.958246),(2.863065,2.315,3.031693),(2.843542,2.321684,3.038181),(2.831476,2.339185,3.042191),(2.831476,2.360816,3.042191),(2.843542,2.378316,3.038181),(2.863065,2.385,3.031693),(2.882587,2.378316,3.025206),(2.894653,2.360816,3.021196),(2.894653,2.339185,3.021196),(2.882587,2.321684,3.025206),(2.863065,2.315,3.031693),(2.900696,2.315,3.095665),(2.885899,2.321684,3.109957),(2.876754,2.339185,3.11879),(2.876754,2.360816,3.11879),(2.885899,2.378316,3.109957),(2.900696,2.385,3.095665),(2.915493,2.378316,3.081372),(2.924638,2.360816,3.072538),(2.924638,2.339185,3.072538),(2.915493,2.321684,3.081372),(2.900696,2.315,3.095665),(2.963448,2.315,3.135253),(2.956471,2.321684,3.154606),(2.952158,2.339185,3.166567),(2.952158,2.360816,3.166567),(2.956471,2.378316,3.154606),(2.963448,2.385,3.135253),(2.970426,2.378316,3.1159),(2.974738,2.360816,3.103939),(2.974738,2.339185,3.103939),(2.970426,2.321684,3.1159),(2.963448,2.315,3.135253),(3.036623,2.315,3.14931),(3.035375,2.321684,3.169845),(3.034603,2.339185,3.182536),(3.034603,2.360816,3.182536),(3.035375,2.378316,3.169845),(3.036623,2.385,3.14931),(3.037871,2.378316,3.128776),(3.038642,2.360816,3.116085),(3.038642,2.339185,3.116085),(3.037871,2.321684,3.128776),(3.036623,2.315,3.14931),(3.111326,2.315,3.15),(3.111326,2.321684,3.170573),(3.111326,2.339185,3.183287),(3.111326,2.360816,3.183287),(3.111326,2.378316,3.170573),(3.111326,2.385,3.15),(3.111326,2.378316,3.129427),(3.111326,2.360816,3.116713),(3.111326,2.339185,3.116713),(3.111326,2.321684,3.129427),(3.111326,2.315,3.15),(3.186033,2.315,3.15),(3.186033,2.321684,3.170573),(3.186033,2.339185,3.183287),(3.186033,2.360816,3.183287),(3.186033,2.378316,3.170573),(3.186033,2.385,3.15),(3.186033,2.378316,3.129427),(3.186033,2.360816,3.116713),(3.186033,2.339185,3.116713),(3.186033,2.321684,3.129427),(3.186033,2.315,3.15),(3.260739,2.315,3.15),(3.260739,2.321684,3.170573),(3.260739,2.339185,3.183287),(3.260739,2.360816,3.183287),(3.260739,2.378316,3.170573),(3.260739,2.385,3.15),(3.260739,2.378316,3.129427),(3.260739,2.360816,3.116713),(3.260739,2.339185,3.116713),(3.260739,2.321684,3.129427),(3.260739,2.315,3.15),(3.335446,2.315,3.15),(3.335446,2.321684,3.170573),(3.335446,2.339185,3.183287),(3.335446,2.360816,3.183287),(3.335446,2.378316,3.170573),(3.335446,2.385,3.15),(3.335446,2.378316,3.129427),(3.335446,2.360816,3.116713),(3.335446,2.339185,3.116713),(3.335446,2.321684,3.129427),(3.335446,2.315,3.15),(3.410152,2.315,3.15),(3.410152,2.321684,3.170573),(3.410152,2.339185,3.183287),(3.410152,2.360816,3.183287),(3.410152,2.378316,3.170573),(3.410152,2.385,3.15),(3.410152,2.378316,3.129427),(3.410152,2.360816,3.116713),(3.410152,2.339185,3.116713),(3.410152,2.321684,3.129427),(3.410152,2.315,3.15),(3.484859,2.315,3.15),(3.484859,2.321684,3.170573),(3.484859,2.339185,3.183287),(3.484859,2.360816,3.183287),(3.484859,2.378316,3.170573),(3.484859,2.385,3.15),(3.484859,2.378316,3.129427),(3.484859,2.360816,3.116713),(3.484859,2.339185,3.116713),(3.484859,2.321684,3.129427),(3.484859,2.315,3.15),(3.553097,2.310646,3.15),(3.554284,2.317224,3.170573),(3.557393,2.334446,3.183287),(3.561235,2.355733,3.183287),(3.564344,2.372955,3.170573),(3.565532,2.379533,3.15),(3.564344,2.372955,3.129427),(3.561235,2.355733,3.116713),(3.557393,2.334446,3.116713),(3.554284,2.317224,3.129427),(3.553097,2.310646,3.15),(3.610946,2.289859,3.15),(3.614437,2.29556,3.170573),(3.623577,2.310484,3.183287),(3.634874,2.328931,3.183287),(3.644013,2.343854,3.170573),(3.647504,2.349555,3.15),(3.644013,2.343854,3.129427),(3.634874,2.328931,3.116713),(3.623577,2.310484,3.116713),(3.614437,2.29556,3.129427),(3.610946,2.289859,3.15),(3.650992,2.24906,3.15),(3.656752,2.252452,3.170573),(3.671831,2.261333,3.183287),(3.69047,2.27231,3.183287),(3.705549,2.281191,3.170573),(3.711309,2.284583,3.15),(3.705549,2.281191,3.129427),(3.69047,2.27231,3.116713),(3.671831,2.261333,3.116713),(3.656752,2.252452,3.129427),(3.650992,2.24906,3.15),(3.671067,2.190694,3.15),(3.677657,2.191813,3.170573),(3.69491,2.194744,3.183287),(3.716236,2.198366,3.183287),(3.733489,2.201297,3.170573),(3.740078,2.202416,3.15),(3.733489,2.201297,3.129427),(3.716236,2.198366,3.116713),(3.69491,2.194744,3.116713),(3.677657,2.191813,3.129427),(3.671067,2.190694,3.15),(3.675,2.122063,3.15),(3.681684,2.122063,3.170573),(3.699184,2.122063,3.183287),(3.720816,2.122063,3.183287),(3.738316,2.122063,3.170573),(3.745,2.122063,3.15),(3.738316,2.122063,3.129427),(3.720816,2.122063,3.116713),(3.699184,2.122063,3.116713),(3.681684,2.122063,3.129427),(3.675,2.122063,3.15),(3.675,2.047356,3.15),(3.681684,2.047356,3.170573),(3.699184,2.047356,3.183287),(3.720816,2.047356,3.183287),(3.738316,2.047356,3.170573),(3.745,2.047356,3.15),(3.738316,2.047356,3.129427),(3.720816,2.047356,3.116713),(3.699184,2.047356,3.116713),(3.681684,2.047356,3.129427),(3.675,2.047356,3.15),(3.675,1.97265,3.15),(3.681684,1.97265,3.170573),(3.699184,1.97265,3.183287),(3.720816,1.97265,3.183287),(3.738316,1.97265,3.170573),(3.745,1.97265,3.15),(3.738316,1.97265,3.129427),(3.720816,1.97265,3.116713),(3.699184,1.97265,3.116713),(3.681684,1.97265,3.129427),(3.675,1.97265,3.15),(3.675,1.897943,3.15),(3.681684,1.897943,3.170573),(3.699184,1.897943,3.183287),(3.720816,1.897943,3.183287),(3.738316,1.897943,3.170573),(3.745,1.897943,3.15),(3.738316,1.897943,3.129427),(3.720816,1.897943,3.116713),(3.699184,1.897943,3.116713),(3.681684,1.897943,3.129427),(3.675,1.897943,3.15),(3.675,1.823237,3.15),(3.681684,1.823237,3.170573),(3.699184,1.823237,3.183287),(3.720816,1.823237,3.183287),(3.738316,1.823237,3.170573),(3.745,1.823237,3.15),(3.738316,1.823237,3.129427),(3.720816,1.823237,3.116713),(3.699184,1.823237,3.116713),(3.681684,1.823237,3.129427),(3.675,1.823237,3.15),(3.675,1.748531,3.15),(3.681684,1.748531,3.170573),(3.699184,1.748531,3.183287),(3.720816,1.748531,3.183287),(3.738316,1.748531,3.170573),(3.745,1.748531,3.15),(3.738316,1.748531,3.129427),(3.720816,1.748531,3.116713),(3.699184,1.748531,3.116713),(3.681684,1.748531,3.129427),(3.675,1.748531,3.15),(3.675,1.673824,3.15),(3.681684,1.673824,3.170573),(3.699184,1.673824,3.183287),(3.720816,1.673824,3.183287),(3.738316,1.673824,3.170573),(3.745,1.673824,3.15),(3.738316,1.673824,3.129427),(3.720816,1.673824,3.116713),(3.699184,1.673824,3.116713),(3.681684,1.673824,3.129427),(3.675,1.673824,3.15),(3.675,1.599118,3.15),(3.681684,1.599118,3.170573),(3.699184,1.599118,3.183287),(3.720816,1.599118,3.183287),(3.738316,1.599118,3.170573),(3.745,1.599118,3.15),(3.738316,1.599118,3.129427),(3.720816,1.599118,3.116713),(3.699184,1.599118,3.116713),(3.681684,1.599118,3.129427),(3.675,1.599118,3.15),(3.675,1.524411,3.15),(3.681684,1.524411,3.170573),(3.699184,1.524411,3.183287),(3.720816,1.524411,3.183287),(3.738316,1.524411,3.170573),(3.745,1.524411,3.15),(3.738316,1.524411,3.129427),(3.720816,1.524411,3.116713),(3.699184,1.524411,3.116713),(3.681684,1.524411,3.129427),(3.675,1.524411,3.15),(3.675,1.449705,3.15),(3.681684,1.449705,3.170573),(3.699184,1.449705,3.183287),(3.720816,1.449705,3.183287),(3.738316,1.449705,3.170573),(3.745,1.449705,3.15),(3.738316,1.449705,3.129427),(3.720816,1.449705,3.116713),(3.699184,1.449705,3.116713),(3.681684,1.449705,3.129427),(3.675,1.449705,3.15),(3.675,1.374998,3.15),(3.681684,1.374998,3.170573),(3.699184,1.374998,3.183287),(3.720816,1.374998,3.183287),(3.738316,1.374998,3.170573),(3.745,1.374998,3.15),(3.738316,1.374998,3.129427),(3.720816,1.374998,3.116713),(3.699184,1.374998,3.116713),(3.681684,1.374998,3.129427),(3.675,1.374998,3.15),(3.675,1.300292,3.15),(3.681684,1.300292,3.170573),(3.699184,1.300292,3.183287),(3.720816,1.300292,3.183287),(3.738316,1.300292,3.170573),(3.745,1.300292,3.15),(3.738316,1.300292,3.129427),(3.720816,1.300292,3.116713),(3.699184,1.300292,3.116713),(3.681684,1.300292,3.129427),(3.675,1.300292,3.15),(3.675,1.225586,3.15),(3.681684,1.225586,3.170573),(3.699184,1.225586,3.183287),(3.720816,1.225586,3.183287),(3.738316,1.225586,3.170573),(3.745,1.225586,3.15),(3.738316,1.225586,3.129427),(3.720816,1.225586,3.116713),(3.699184,1.225586,3.116713),(3.681684,1.225586,3.129427),(3.675,1.225586,3.15),(3.675,1.150879,3.15),(3.681684,1.150879,3.170573),(3.699184,1.150879,3.183287),(3.720816,1.150879,3.183287),(3.738316,1.150879,3.170573),(3.745,1.150879,3.15),(3.738316,1.150879,3.129427),(3.720816,1.150879,3.116713),(3.699184,1.150879,3.116713),(3.681684,1.150879,3.129427),(3.675,1.150879,3.15),(3.675,1.076173,3.15),(3.681684,1.076173,3.170573),(3.699184,1.076173,3.183287),(3.720816,1.076173,3.183287),(3.738316,1.076173,3.170573),(3.745,1.076173,3.15),(3.738316,1.076173,3.129427),(3.720816,1.076173,3.116713),(3.699184,1.076173,3.116713),(3.681684,1.076173,3.129427),(3.675,1.076173,3.15),(3.675,1.001466,3.15),(3.681684,1.001466,3.170573),(3.699184,1.001466,3.183287),(3.720816,1.001466,3.183287),(3.738316,1.001466,3.170573),(3.745,1.001466,3.15),(3.738316,1.001466,3.129427),(3.720816,1.001466,3.116713),(3.699184,1.001466,3.116713),(3.681684,1.001466,3.129427),(3.675,1.001466,3.15),(3.675,0.92676,3.15),(3.681684,0.92676,3.170573),(3.699184,0.92676,3.183287),(3.720816,0.92676,3.183287),(3.738316,0.92676,3.170573),(3.745,0.92676,3.15),(3.738316,0.92676,3.129427),(3.720816,0.92676,3.116713),(3.699184,0.92676,3.116713),(3.681684,0.92676,3.129427),(3.675,0.92676,3.15),(3.675,0.852053,3.15),(3.681684,0.852053,3.170573),(3.699184,0.852053,3.183287),(3.720816,0.852053,3.183287),(3.738316,0.852053,3.170573),(3.745,0.852053,3.15),(3.738316,0.852053,3.129427),(3.720816,0.852053,3.116713),(3.699184,0.852053,3.116713),(3.681684,0.852053,3.129427),(3.675,0.852053,3.15),(3.675,0.777347,3.15),(3.681684,0.777347,3.170573),(3.699184,0.777347,3.183287),(3.720816,0.777347,3.183287),(3.738316,0.777347,3.170573),(3.745,0.777347,3.15),(3.738316,0.777347,3.129427),(3.720816,0.777347,3.116713),(3.699184,0.777347,3.116713),(3.681684,0.777347,3.129427),(3.675,0.777347,3.15),(3.675,0.702641,3.15),(3.681684,0.702641,3.170573),(3.699184,0.702641,3.183287),(3.720816,0.702641,3.183287),(3.738316,0.702641,3.170573),(3.745,0.702641,3.15),(3.738316,0.702641,3.129427),(3.720816,0.702641,3.116713),(3.699184,0.702641,3.116713),(3.681684,0.702641,3.129427),(3.675,0.702641,3.15),(3.675,0.627934,3.15),(3.681684,0.627934,3.170573),(3.699184,0.627934,3.183287),(3.720816,0.627934,3.183287),(3.738316,0.627934,3.170573),(3.745,0.627934,3.15),(3.738316,0.627934,3.129427),(3.720816,0.627934,3.116713),(3.699184,0.627934,3.116713),(3.681684,0.627934,3.129427),(3.675,0.627934,3.15),(3.675,0.553228,3.15),(3.681684,0.553228,3.170573),(3.699184,0.553228,3.183287),(3.720816,0.553228,3.183287),(3.738316,0.553228,3.170573),(3.745,0.553228,3.15),(3.738316,0.553228,3.129427),(3.720816,0.553228,3.116713),(3.699184,0.553228,3.116713),(3.681684,0.553228,3.129427),(3.675,0.553228,3.15),(3.675,0.478521,3.15),(3.681684,0.478521,3.170573),(3.699184,0.478521,3.183287),(3.720816,0.478521,3.183287),(3.738316,0.478521,3.170573),(3.745,0.478521,3.15),(3.738316,0.478521,3.129427),(3.720816,0.478521,3.116713),(3.699184,0.478521,3.116713),(3.681684,0.478521,3.129427),(3.675,0.478521,3.15),(3.675,0.403815,3.15),(3.681684,0.403815,3.170573),(3.699184,0.403815,3.183287),(3.720816,0.403815,3.183287),(3.738316,0.403815,3.170573),(3.745,0.403815,3.15),(3.738316,0.403815,3.129427),(3.720816,0.403815,3.116713),(3.699184,0.403815,3.116713),(3.681684,0.403815,3.129427),(3.675,0.403815,3.15),(3.675,0.329108,3.15),(3.681684,0.329108,3.170573),(3.699184,0.329108,3.183287),(3.720816,0.329108,3.183287),(3.738316,0.329108,3.170573),(3.745,0.329108,3.15),(3.738316,0.329108,3.129427),(3.720816,0.329108,3.116713),(3.699184,0.329108,3.116713),(3.681684,0.329108,3.129427),(3.675,0.329108,3.15),(3.675,0.254402,3.15),(3.681684,0.254402,3.170573),(3.699184,0.254402,3.183287),(3.720816,0.254402,3.183287),(3.738316,0.254402,3.170573),(3.745,0.254402,3.15),(3.738316,0.254402,3.129427),(3.720816,0.254402,3.116713),(3.699184,0.254402,3.116713),(3.681684,0.254402,3.129427),(3.675,0.254402,3.15),(3.675,0.179696,3.15),(3.681684,0.179696,3.170573),(3.699184,0.179696,3.183287),(3.720816,0.179696,3.183287),(3.738316,0.179696,3.170573),(3.745,0.179696,3.15),(3.738316,0.179696,3.129427),(3.720816,0.179696,3.116713),(3.699184,0.179696,3.116713),(3.681684,0.179696,3.129427),(3.675,0.179696,3.15),(3.675,0.104989,3.15),(3.681684,0.104989,3.170573),(3.699184,0.104989,3.183287),(3.720816,0.104989,3.183287),(3.738316,0.104989,3.170573),(3.745,0.104989,3.15),(3.738316,0.104989,3.129427),(3.720816,0.104989,3.116713),(3.699184,0.104989,3.116713),(3.681684,0.104989,3.129427),(3.675,0.104989,3.15),(3.675,0.030283,3.15),(3.681684,0.030283,3.170573),(3.699184,0.030283,3.183287),(3.720816,0.030283,3.183287),(3.738316,0.030283,3.170573),(3.745,0.030283,3.15),(3.738316,0.030283,3.129427),(3.720816,0.030283,3.116713),(3.699184,0.030283,3.116713),(3.681684,0.030283,3.129427),(3.675,0.030283,3.15),(3.675,-0.044424,3.15),(3.681684,-0.044424,3.170573),(3.699184,-0.044424,3.183287),(3.720816,-0.044424,3.183287),(3.738316,-0.044424,3.170573),(3.745,-0.044424,3.15),(3.738316,-0.044424,3.129427),(3.720816,-0.044424,3.116713),(3.699184,-0.044424,3.116713),(3.681684,-0.044424,3.129427),(3.675,-0.044424,3.15),(3.675,-0.11913,3.15),(3.681684,-0.11913,3.170573),(3.699184,-0.11913,3.183287),(3.720816,-0.11913,3.183287),(3.738316,-0.11913,3.170573),(3.745,-0.11913,3.15),(3.738316,-0.11913,3.129427),(3.720816,-0.11913,3.116713),(3.699184,-0.11913,3.116713),(3.681684,-0.11913,3.129427),(3.675,-0.11913,3.15),(3.675,-0.193837,3.15),(3.681684,-0.193837,3.170573),(3.699184,-0.193837,3.183287),(3.720816,-0.193837,3.183287),(3.738316,-0.193837,3.170573),(3.745,-0.193837,3.15),(3.738316,-0.193837,3.129427),(3.720816,-0.193837,3.116713),(3.699184,-0.193837,3.116713),(3.681684,-0.193837,3.129427),(3.675,-0.193837,3.15),(3.675,-0.268543,3.15),(3.681684,-0.268543,3.170573),(3.699184,-0.268543,3.183287),(3.720816,-0.268543,3.183287),(3.738316,-0.268543,3.170573),(3.745,-0.268543,3.15),(3.738316,-0.268543,3.129427),(3.720816,-0.268543,3.116713),(3.699184,-0.268543,3.116713),(3.681684,-0.268543,3.129427),(3.675,-0.268543,3.15),(3.675014,-0.343524,3.15),(3.681698,-0.343472,3.170573),(3.699197,-0.343335,3.183287),(3.720828,-0.343166,3.183287),(3.738328,-0.343029,3.170573),(3.745012,-0.342976,3.15),(3.738328,-0.343029,3.129427),(3.720828,-0.343166,3.116713),(3.699197,-0.343335,3.116713),(3.681698,-0.343472,3.129427),(3.675014,-0.343524,3.15),(3.684938,-0.426032,3.15),(3.691411,-0.424362,3.170573),(3.708356,-0.419991,3.183287),(3.729302,-0.414589,3.183287),(3.746247,-0.410218,3.170573),(3.75272,-0.408548,3.15),(3.746247,-0.410218,3.129427),(3.729302,-0.414589,3.116713),(3.708356,-0.419991,3.116713),(3.691411,-0.424362,3.129427),(3.684938,-0.426032,3.15),(3.723328,-0.506013,3.15),(3.728577,-0.501875,3.170573),(3.74232,-0.49104,3.183287),(3.759306,-0.477647,3.183287),(3.773049,-0.466812,3.170573),(3.778298,-0.462674,3.15),(3.773049,-0.466812,3.129427),(3.759306,-0.477647,3.116713),(3.74232,-0.49104,3.116713),(3.728577,-0.501875,3.129427),(3.723328,-0.506013,3.15),(3.795098,-0.561501,3.15),(3.797854,-0.555412,3.170573),(3.805069,-0.539468,3.183287),(3.813988,-0.519761,3.183287),(3.821203,-0.503818,3.170573),(3.823959,-0.497728,3.15),(3.821203,-0.503818,3.129427),(3.813988,-0.519761,3.116713),(3.805069,-0.539468,3.116713),(3.797854,-0.555412,3.129427),(3.795098,-0.561501,3.15),(3.877981,-0.582875,3.15),(3.878685,-0.576228,3.170573),(3.88053,-0.558826,3.183287),(3.882811,-0.537315,3.183287),(3.884656,-0.519913,3.170573),(3.885361,-0.513266,3.15),(3.884656,-0.519913,3.129427),(3.882811,-0.537315,3.116713),(3.88053,-0.558826,3.116713),(3.878685,-0.576228,3.129427),(3.877981,-0.582875,3.15),(3.956325,-0.585,3.15),(3.956325,-0.578316,3.170573),(3.956325,-0.560816,3.183287),(3.956325,-0.539184,3.183287),(3.956325,-0.521684,3.170573),(3.956325,-0.515,3.15),(3.956325,-0.521684,3.129427),(3.956325,-0.539184,3.116713),(3.956325,-0.560816,3.116713),(3.956325,-0.578316,3.129427),(3.956325,-0.585,3.15),(4.031031,-0.585,3.15),(4.031031,-0.578316,3.170573),(4.031031,-0.560816,3.183287),(4.031031,-0.539184,3.183287),(4.031031,-0.521684,3.170573),(4.031031,-0.515,3.15),(4.031031,-0.521684,3.129427),(4.031031,-0.539184,3.116713),(4.031031,-0.560816,3.116713),(4.031031,-0.578316,3.129427),(4.031031,-0.585,3.15),(4.105738,-0.585,3.15),(4.105738,-0.578316,3.170573),(4.105738,-0.560816,3.183287),(4.105738,-0.539184,3.183287),(4.105738,-0.521684,3.170573),(4.105738,-0.515,3.15),(4.105738,-0.521684,3.129427),(4.105738,-0.539184,3.116713),(4.105738,-0.560816,3.116713),(4.105738,-0.578316,3.129427),(4.105738,-0.585,3.15),(4.180447,-0.585,3.149867),(4.180979,-0.578316,3.170432),(4.181307,-0.560816,3.183143),(4.181307,-0.539184,3.183143),(4.180979,-0.521684,3.170432),(4.180447,-0.515,3.149867),(4.179916,-0.521684,3.129301),(4.179587,-0.539184,3.116591),(4.179587,-0.560816,3.116591),(4.179916,-0.578316,3.129301),(4.180447,-0.585,3.149867),(4.254238,-0.585,3.139261),(4.260008,-0.578316,3.159008),(4.263575,-0.560816,3.171212),(4.263575,-0.539184,3.171212),(4.260008,-0.521684,3.159008),(4.254238,-0.515,3.139261),(4.248467,-0.521684,3.119514),(4.244901,-0.539184,3.107311),(4.244901,-0.560816,3.107311),(4.248467,-0.578316,3.119514),(4.254238,-0.585,3.139261),(4.319899,-0.585,3.104587),(4.333396,-0.578316,3.120113),(4.341737,-0.560816,3.129709),(4.341737,-0.539184,3.129709),(4.333396,-0.521684,3.120113),(4.319899,-0.515,3.104587),(4.306403,-0.521684,3.089061),(4.298061,-0.539184,3.079465),(4.298061,-0.560816,3.079465),(4.306403,-0.578316,3.089061),(4.319899,-0.585,3.104587),(4.362457,-0.585,3.043849),(4.381515,-0.578316,3.051596),(4.393293,-0.560816,3.056385),(4.393293,-0.539184,3.056385),(4.381515,-0.521684,3.051596),(4.362457,-0.515,3.043849),(4.3434,-0.521684,3.036101),(4.331621,-0.539184,3.031313),(4.331621,-0.560816,3.031313),(4.3434,-0.578316,3.036101),(4.362457,-0.585,3.043849),(4.378749,-0.585,2.971163),(4.39925,-0.578316,2.972877),(4.411921,-0.560816,2.973937),(4.411921,-0.539184,2.973937),(4.39925,-0.521684,2.972877),(4.378749,-0.515,2.971163),(4.358248,-0.521684,2.969448),(4.345578,-0.539184,2.968389),(4.345578,-0.560816,2.968389),(4.358248,-0.578316,2.969448),(4.378749,-0.585,2.971163),(4.38,-0.585,2.896477),(4.400572,-0.578316,2.896477),(4.413287,-0.560816,2.896477),(4.413287,-0.539184,2.896477),(4.400572,-0.521684,2.896477),(4.38,-0.515,2.896477),(4.359427,-0.521684,2.896477),(4.346713,-0.539184,2.896477),(4.346713,-0.560816,2.896477),(4.359427,-0.578316,2.896477),(4.38,-0.585,2.896477),(4.38,-0.585,2.821771),(4.400572,-0.578316,2.821771),(4.413287,-0.560816,2.821771),(4.413287,-0.539184,2.821771),(4.400572,-0.521684,2.821771),(4.38,-0.515,2.821771),(4.359427,-0.521684,2.821771),(4.346713,-0.539184,2.821771),(4.346713,-0.560816,2.821771),(4.359427,-0.578316,2.821771),(4.38,-0.585,2.821771),(4.38,-0.585,2.747064),(4.400572,-0.578316,2.747064),(4.413287,-0.560816,2.747064),(4.413287,-0.539184,2.747064),(4.400572,-0.521684,2.747064),(4.38,-0.515,2.747064),(4.359427,-0.521684,2.747064),(4.346713,-0.539184,2.747064),(4.346713,-0.560816,2.747064),(4.359427,-0.578316,2.747064),(4.38,-0.585,2.747064),(4.38,-0.585,2.672358),(4.400572,-0.578316,2.672358),(4.413287,-0.560816,2.672358),(4.413287,-0.539184,2.672358),(4.400572,-0.521684,2.672358),(4.38,-0.515,2.672358),(4.359427,-0.521684,2.672358),(4.346713,-0.539184,2.672358),(4.346713,-0.560816,2.672358),(4.359427,-0.578316,2.672358),(4.38,-0.585,2.672358),(4.38,-0.585,2.597651),(4.400572,-0.578316,2.597651),(4.413287,-0.560816,2.597651),(4.413287,-0.539184,2.597651),(4.400572,-0.521684,2.597651),(4.38,-0.515,2.597651),(4.359427,-0.521684,2.597651),(4.346713,-0.539184,2.597651),(4.346713,-0.560816,2.597651),(4.359427,-0.578316,2.597651),(4.38,-0.585,2.597651),(4.38,-0.585,2.522945),(4.400572,-0.578316,2.522945),(4.413287,-0.560816,2.522945),(4.413287,-0.539184,2.522945),(4.400572,-0.521684,2.522945),(4.38,-0.515,2.522945),(4.359427,-0.521684,2.522945),(4.346713,-0.539184,2.522945),(4.346713,-0.560816,2.522945),(4.359427,-0.578316,2.522945),(4.38,-0.585,2.522945),(4.38,-0.585,2.448239),(4.400572,-0.578316,2.448239),(4.413287,-0.560816,2.448239),(4.413287,-0.539184,2.448239),(4.400572,-0.521684,2.448239),(4.38,-0.515,2.448239),(4.359427,-0.521684,2.448239),(4.346713,-0.539184,2.448239),(4.346713,-0.560816,2.448239),(4.359427,-0.578316,2.448239),(4.38,-0.585,2.448239),(4.38,-0.585,2.373532),(4.400572,-0.578316,2.373532),(4.413287,-0.560816,2.373532),(4.413287,-0.539184,2.373532),(4.400572,-0.521684,2.373532),(4.38,-0.515,2.373532),(4.359427,-0.521684,2.373532),(4.346713,-0.539184,2.373532),(4.346713,-0.560816,2.373532),(4.359427,-0.578316,2.373532),(4.38,-0.585,2.373532),(4.38,-0.585,2.298826),(4.400572,-0.578316,2.298826),(4.413287,-0.560816,2.298826),(4.413287,-0.539184,2.298826),(4.400572,-0.521684,2.298826),(4.38,-0.515,2.298826),(4.359427,-0.521684,2.298826),(4.346713,-0.539184,2.298826),(4.346713,-0.560816,2.298826),(4.359427,-0.578316,2.298826),(4.38,-0.585,2.298826),(4.38,-0.585,2.224119),(4.400572,-0.578316,2.224119),(4.413287,-0.560816,2.224119),(4.413287,-0.539184,2.224119),(4.400572,-0.521684,2.224119),(4.38,-0.515,2.224119),(4.359427,-0.521684,2.224119),(4.346713,-0.539184,2.224119),(4.346713,-0.560816,2.224119),(4.359427,-0.578316,2.224119),(4.38,-0.585,2.224119),(4.38,-0.585,2.149413),(4.400572,-0.578316,2.149413),(4.413287,-0.560816,2.149413),(4.413287,-0.539184,2.149413),(4.400572,-0.521684,2.149413),(4.38,-0.515,2.149413),(4.359427,-0.521684,2.149413),(4.346713,-0.539184,2.149413),(4.346713,-0.560816,2.149413),(4.359427,-0.578316,2.149413),(4.38,-0.585,2.149413),(4.38,-0.585,2.074706),(4.400572,-0.578316,2.074706),(4.413287,-0.560816,2.074706),(4.413287,-0.539184,2.074706),(4.400572,-0.521684,2.074706),(4.38,-0.515,2.074706),(4.359427,-0.521684,2.074706),(4.346713,-0.539184,2.074706),(4.346713,-0.560816,2.074706),(4.359427,-0.578316,2.074706),(4.38,-0.585,2.074706),(4.38,-0.585,2.),(4.400572,-0.578316,2.),(4.413287,-0.560816,2.),(4.413287,-0.539184,2.),(4.400572,-0.521684,2.),(4.38,-0.515,2.),(4.359427,-0.521684,2.),(4.346713,-0.539184,2.),(4.346713,-0.560816,2.),(4.359427,-0.578316,2.),(4.38,-0.585,2.)));
#417=IFCTRIANGULATEDFACESET(#416,$,$,((1,12,2),(12,13,2),(2,13,3),(13,14,3),(3,14,4),(14,15,4),(4,15,5),(15,16,5),(5,16,6),(16,17,6),(6,17,7),(17,18,7),(7,18,8),(18,19,8),(8,19,9),(19,20,9),(9,20,10),(20,21,10),(10,21,11),(21,22,11),(12,23,13),(23,24,13),(13,24,14),(24,25,14),(14,25,15),(25,26,15),(15,26,16),(26,27,16),(16,27,17),(27,28,17),(17,28,18),(28,29,18),(18,29,19),(29,30,19),(19,30,20),(30,31,20),(20,31,21),(31,32,21),(21,32,22),(32,33,22),(23,34,24),(34,35,24),(24,35,25),(35,36,25),(25,36,26),(36,37,26),(26,37,27),(37,38,27),(27,38,28),(38,39,28),(28,39,29),(39,40,29),(29,40,30),(40,41,30),(30,41,31),(41,42,31),(31,42,32),(42,43,32),(32,43,33),(43,44,33),(34,45,35),(45,46,35),(35,46,36),(46,47,36),(36,47,37),(47,48,37),(37,48,38),(48,49,38),(38,49,39),(49,50,39),(39,50,40),(50,51,40),(40,51,41),(51,52,41),(41,52,42),(52,53,42),(42,53,43),(53,54,43),(43,54,44),(54,55,44),(45,56,46),(56,57,46),(46,57,47),(57,58,47),(47,58,48),(58,59,48),(48,59,49),(59,60,49),(49,60,50),(60,61,50),(50,61,51),(61,62,51),(51,62,52),(62,63,52),(52,63,53),(63,64,53),(53,64,54),(64,65,54),(54,65,55),(65,66,55),(56,67,57),(67,68,57),(57,68,58),(68,69,58),(58,69,59),(69,70,59),(59,70,60),(70,71,60),(60,71,61),(71,72,61),(61,72,62),(72,73,62),(62,73,63),(73,74,63),(63,74,64),(74,75,64),(64,75,65),(75,76,65),(65,76,66),(76,77,66),(67,78,68),(78,79,68),(68,79,69),(79,80,69),(69,80,70),(80,81,70),(70,81,71),(81,82,71),(71,82,72),(82,83,72),(72,83,73),(83,84,73),(73,84,74),(84,85,74),(74,85,75),(85,86,75),(75,86,76),(86,87,76),(76,87,77),(87,88,77),(78,89,79),(89,90,79),(79,90,80),(90,91,80),(80,91,81),(91,92,81),(81,92,82),(92,93,82),(82,93,83),(93,94,83),(83,94,84),(94,95,84),(84,95,85),(95,96,85),(85,96,86),(96,97,86),(86,97,87),(97,98,87),(87,98,88),(98,99,88),(89,100,90),(100,101,90),(90,101,91),(101,102,91),(91,102,92),(102,103,92),(92,103,93),(103,104,93),(93,104,94),(104,105,94),(94,105,95),(105,106,95),(95,106,96),(106,107,96),(96,107,97),(107,108,97),(97,108,98),(108,109,98),(98,109,99),(109,110,99),(100,111,101),(111,112,101),(101,112,102),(112,113,102),(102,113,103),(113,114,103),(103,114,104),(114,115,104),(104,115,105),(115,116,105),(105,116,106),(116,117,106),(106,117,107),(117,118,107),(107,118,108),(118,119,108),(108,119,109),(119,120,109),(109,120,110),(120,121,110),(111,122,112),(122,123,112),(112,123,113),(123,124,113),(113,124,114),(124,125,114),(114,125,115),(125,126,115),(115,126,116),(126,127,116),(116,127,117),(127,128,117),(117,128,118),(128,129,118),(118,129,119),(129,130,119),(119,130,120),(130,131,120),(120,131,121),(131,132,121),(122,133,123),(133,134,123),(123,134,124),(134,135,124),(124,135,125),(135,136,125),(125,136,126),(136,137,126),(126,137,127),(137,138,127),(127,138,128),(138,139,128),(128,139,129),(139,140,129),(129,140,130),(140,141,130),(130,141,131),(141,142,131),(131,142,132),(142,143,132),(133,144,134),(144,145,134),(134,145,135),(145,146,135),(135,146,136),(146,147,136),(136,147,137),(147,148,137),(137,148,138),(148,149,138),(138,149,139),(149,150,139),(139,150,140),(150,151,140),(140,151,141),(151,152,141),(141,152,142),(152,153,142),(142,153,143),(153,154,143),(144,155,145),(155,156,145),(145,156,146),(156,157,146),(146,157,147),(157,158,147),(147,158,148),(158,159,148),(148,159,149),(159,160,149),(149,160,150),(160,161,150),(150,161,151),(161,162,151),(151,162,152),(162,163,152),(152,163,153),(163,164,153),(153,164,154),(164,165,154),(155,166,156),(166,167,156),(156,167,157),(167,168,157),(157,168,158),(168,169,158),(158,169,159),(169,170,159),(159,170,160),(170,171,160),(160,171,161),(171,172,161),(161,172,162),(172,173,162),(162,173,163),(173,174,163),(163,174,164),(174,175,164),(164,175,165),(175,176,165),(166,177,167),(177,178,167),(167,178,168),(178,179,168),(168,179,169),(179,180,169),(169,180,170),(180,181,170),(170,181,171),(181,182,171),(171,182,172),(182,183,172),(172,183,173),(183,184,173),(173,184,174),(184,185,174),(174,185,175),(185,186,175),(175,186,176),(186,187,176),(177,188,178),(188,189,178),(178,189,179),(189,190,179),(179,190,180),(190,191,180),(180,191,181),(191,192,181),(181,192,182),(192,193,182),(182,193,183),(193,194,183),(183,194,184),(194,195,184),(184,195,185),(195,196,185),(185,196,186),(196,197,186),(186,197,187),(197,198,187),(188,199,189),(199,200,189),(189,200,190),(200,201,190),(190,201,191),(201,202,191),(191,202,192),(202,203,192),(192,203,193),(203,204,193),(193,204,194),(204,205,194),(194,205,195),(205,206,195),(195,206,196),(206,207,196),(196,207,197),(207,208,197),(197,208,198),(208,209,198),(199,210,200),(210,211,200),(200,211,201),(211,212,201),(201,212,202),(212,213,202),(202,213,203),(213,214,203),(203,214,204),(214,215,204),(204,215,205),(215,216,205),(205,216,206),(216,217,206),(206,217,207),(217,218,207),(207,218,208),(218,219,208),(208,219,209),(219,220,209),(210,221,211),(221,222,211),(211,222,212),(222,223,212),(212,223,213),(223,224,213),(213,224,214),(224,225,214),(214,225,215),(225,226,215),(215,226,216),(226,227,216),(216,227,217),(227,228,217),(217,228,218),(228,229,218),(218,229,219),(229,230,219),(219,230,220),(230,231,220),(221,232,222),(232,233,222),(222,233,223),(233,234,223),(223,234,224),(234,235,224),(224,235,225),(235,236,225),(225,236,226),(236,237,226),(226,237,227),(237,238,227),(227,238,228),(238,239,228),(228,239,229),(239,240,229),(229,240,230),(240,241,230),(230,241,231),(241,242,231),(232,243,233),(243,244,233),(233,244,234),(244,245,234),(234,245,235),(245,246,235),(235,246,236),(246,247,236),(236,247,237),(247,248,237),(237,248,238),(248,249,238),(238,249,239),(249,250,239),(239,250,240),(250,251,240),(240,251,241),(251,252,241),(241,252,242),(252,253,242),(243,254,244),(254,255,244),(244,255,245),(255,256,245),(245,256,246),(256,257,246),(246,257,247),(257,258,247),(247,258,248),(258,259,248),(248,259,249),(259,260,249),(249,260,250),(260,261,250),(250,261,251),(261,262,251),(251,262,252),(262,263,252),(252,263,253),(263,264,253),(254,265,255),(265,266,255),(255,266,256),(266,267,256),(256,267,257),(267,268,257),(257,268,258),(268,269,258),(258,269,259),(269,270,259),(259,270,260),(270,271,260),(260,271,261),(271,272,261),(261,272,262),(272,273,262),(262,273,263),(273,274,263),(263,274,264),(274,275,264),(265,276,266),(276,277,266),(266,277,267),(277,278,267),(267,278,268),(278,279,268),(268,279,269),(279,280,269),(269,280,270),(280,281,270),(270,281,271),(281,282,271),(271,282,272),(282,283,272),(272,283,273),(283,284,273),(273,284,274),(284,285,274),(274,285,275),(285,286,275),(276,287,277),(287,288,277),(277,288,278),(288,289,278),(278,289,279),(289,290,279),(279,290,280),(290,291,280),(280,291,281),(291,292,281),(281,292,282),(292,293,282),(282,293,283),(293,294,283),(283,294,284),(294,295,284),(284,295,285),(295,296,285),(285,296,286),(296,297,286),(287,298,288),(298,299,288),(288,299,289),(299,300,289),(289,300,290),(300,301,290),(290,301,291),(301,302,291),(291,302,292),(302,303,292),(292,303,293),(303,304,293),(293,304,294),(304,305,294),(294,305,295),(305,306,295),(295,306,296),(306,307,296),(296,307,297),(307,308,297),(298,309,299),(309,310,299),(299,310,300),(310,311,300),(300,311,301),(311,312,301),(301,312,302),(312,313,302),(302,313,303),(313,314,303),(303,314,304),(314,315,304),(304,315,305),(315,316,305),(305,316,306),(316,317,306),(306,317,307),(317,318,307),(307,318,308),(318,319,308),(309,320,310),(320,321,310),(310,321,311),(321,322,311),(311,322,312),(322,323,312),(312,323,313),(323,324,313),(313,324,314),(324,325,314),(314,325,315),(325,326,315),(315,326,316),(326,327,316),(316,327,317),(327,328,317),(317,328,318),(328,329,318),(318,329,319),(329,330,319),(320,331,321),(331,332,321),(321,332,322),(332,333,322),(322,333,323),(333,334,323),(323,334,324),(334,335,324),(324,335,325),(335,336,325),(325,336,326),(336,337,326),(326,337,327),(337,338,327),(327,338,328),(338,339,328),(328,339,329),(339,340,329),(329,340,330),(340,341,330),(331,342,332),(342,343,332),(332,343,333),(343,344,333),(333,344,334),(344,345,334),(334,345,335),(345,346,335),(335,346,336),(346,347,336),(336,347,337),(347,348,337),(337,348,338),(348,349,338),(338,349,339),(349,350,339),(339,350,340),(350,351,340),(340,351,341),(351,352,341),(342,353,343),(353,354,343),(343,354,344),(354,355,344),(344,355,345),(355,356,345),(345,356,346),(356,357,346),(346,357,347),(357,358,347),(347,358,348),(358,359,348),(348,359,349),(359,360,349),(349,360,350),(360,361,350),(350,361,351),(361,362,351),(351,362,352),(362,363,352),(353,364,354),(364,365,354),(354,365,355),(365,366,355),(355,366,356),(366,367,356),(356,367,357),(367,368,357),(357,368,358),(368,369,358),(358,369,359),(369,370,359),(359,370,360),(370,371,360),(360,371,361),(371,372,361),(361,372,362),(372,373,362),(362,373,363),(373,374,363),(364,375,365),(375,376,365),(365,376,366),(376,377,366),(366,377,367),(377,378,367),(367,378,368),(378,379,368),(368,379,369),(379,380,369),(369,380,370),(380,381,370),(370,381,371),(381,382,371),(371,382,372),(382,383,372),(372,383,373),(383,384,373),(373,384,374),(384,385,374),(375,386,376),(386,387,376),(376,387,377),(387,388,377),(377,388,378),(388,389,378),(378,389,379),(389,390,379),(379,390,380),(390,391,380),(380,391,381),(391,392,381),(381,392,382),(392,393,382),(382,393,383),(393,394,383),(383,394,384),(394,395,384),(384,395,385),(395,396,385),(386,397,387),(397,398,387),(387,398,388),(398,399,388),(388,399,389),(399,400,389),(389,400,390),(400,401,390),(390,401,391),(401,402,391),(391,402,392),(402,403,392),(392,403,393),(403,404,393),(393,404,394),(404,405,394),(394,405,395),(405,406,395),(395,406,396),(406,407,396),(397,408,398),(408,409,398),(398,409,399),(409,410,399),(399,410,400),(410,411,400),(400,411,401),(411,412,401),(401,412,402),(412,413,402),(402,413,403),(413,414,403),(403,414,404),(414,415,404),(404,415,405),(415,416,405),(405,416,406),(416,417,406),(406,417,407),(417,418,407),(408,419,409),(419,420,409),(409,420,410),(420,421,410),(410,421,411),(421,422,411),(411,422,412),(422,423,412),(412,423,413),(423,424,413),(413,424,414),(424,425,414),(414,425,415),(425,426,415),(415,426,416),(426,427,416),(416,427,417),(427,428,417),(417,428,418),(428,429,418),(419,430,420),(430,431,420),(420,431,421),(431,432,421),(421,432,422),(432,433,422),(422,433,423),(433,434,423),(423,434,424),(434,435,424),(424,435,425),(435,436,425),(425,436,426),(436,437,426),(426,437,427),(437,438,427),(427,438,428),(438,439,428),(428,439,429),(439,440,429),(430,441,431),(441,442,431),(431,442,432),(442,443,432),(432,443,433),(443,444,433),(433,444,434),(444,445,434),(434,445,435),(445,446,435),(435,446,436),(446,447,436),(436,447,437),(447,448,437),(437,448,438),(448,449,438),(438,449,439),(449,450,439),(439,450,440),(450,451,440),(441,452,442),(452,453,442),(442,453,443),(453,454,443),(443,454,444),(454,455,444),(444,455,445),(455,456,445),(445,456,446),(456,457,446),(446,457,447),(457,458,447),(447,458,448),(458,459,448),(448,459,449),(459,460,449),(449,460,450),(460,461,450),(450,461,451),(461,462,451),(452,463,453),(463,464,453),(453,464,454),(464,465,454),(454,465,455),(465,466,455),(455,466,456),(466,467,456),(456,467,457),(467,468,457),(457,468,458),(468,469,458),(458,469,459),(469,470,459),(459,470,460),(470,471,460),(460,471,461),(471,472,461),(461,472,462),(472,473,462),(463,474,464),(474,475,464),(464,475,465),(475,476,465),(465,476,466),(476,477,466),(466,477,467),(477,478,467),(467,478,468),(478,479,468),(468,479,469),(479,480,469),(469,480,470),(480,481,470),(470,481,471),(481,482,471),(471,482,472),(482,483,472),(472,483,473),(483,484,473),(474,485,475),(485,486,475),(475,486,476),(486,487,476),(476,487,477),(487,488,477),(477,488,478),(488,489,478),(478,489,479),(489,490,479),(479,490,480),(490,491,480),(480,491,481),(491,492,481),(481,492,482),(492,493,482),(482,493,483),(493,494,483),(483,494,484),(494,495,484),(485,496,486),(496,497,486),(486,497,487),(497,498,487),(487,498,488),(498,499,488),(488,499,489),(499,500,489),(489,500,490),(500,501,490),(490,501,491),(501,502,491),(491,502,492),(502,503,492),(492,503,493),(503,504,493),(493,504,494),(504,505,494),(494,505,495),(505,506,495),(496,507,497),(507,508,497),(497,508,498),(508,509,498),(498,509,499),(509,510,499),(499,510,500),(510,511,500),(500,511,501),(511,512,501),(501,512,502),(512,513,502),(502,513,503),(513,514,503),(503,514,504),(514,515,504),(504,515,505),(515,516,505),(505,516,506),(516,517,506),(507,518,508),(518,519,508),(508,519,509),(519,520,509),(509,520,510),(520,521,510),(510,521,511),(521,522,511),(511,522,512),(522,523,512),(512,523,513),(523,524,513),(513,524,514),(524,525,514),(514,525,515),(525,526,515),(515,526,516),(526,527,516),(516,527,517),(527,528,517),(518,529,519),(529,530,519),(519,530,520),(530,531,520),(520,531,521),(531,532,521),(521,532,522),(532,533,522),(522,533,523),(533,534,523),(523,534,524),(534,535,524),(524,535,525),(535,536,525),(525,536,526),(536,537,526),(526,537,527),(537,538,527),(527,538,528),(538,539,528),(529,540,530),(540,541,530),(530,541,531),(541,542,531),(531,542,532),(542,543,532),(532,543,533),(543,544,533),(533,544,534),(544,545,534),(534,545,535),(545,546,535),(535,546,536),(546,547,536),(536,547,537),(547,548,537),(537,548,538),(548,549,538),(538,549,539),(549,550,539),(540,551,541),(551,552,541),(541,552,542),(552,553,542),(542,553,543),(553,554,543),(543,554,544),(554,555,544),(544,555,545),(555,556,545),(545,556,546),(556,557,546),(546,557,547),(557,558,547),(547,558,548),(558,559,548),(548,559,549),(559,560,549),(549,560,550),(560,561,550),(551,562,552),(562,563,552),(552,563,553),(563,564,553),(553,564,554),(564,565,554),(554,565,555),(565,566,555),(555,566,556),(566,567,556),(556,567,557),(567,568,557),(557,568,558),(568,569,558),(558,569,559),(569,570,559),(559,570,560),(570,571,560),(560,571,561),(571,572,561),(562,573,563),(573,574,563),(563,574,564),(574,575,564),(564,575,565),(575,576,565),(565,576,566),(576,577,566),(566,577,567),(577,578,567),(567,578,568),(578,579,568),(568,579,569),(579,580,569),(569,580,570),(580,581,570),(570,581,571),(581,582,571),(571,582,572),(582,583,572),(573,584,574),(584,585,574),(574,585,575),(585,586,575),(575,586,576),(586,587,576),(576,587,577),(587,588,577),(577,588,578),(588,589,578),(578,589,579),(589,590,579),(579,590,580),(590,591,580),(580,591,581),(591,592,581),(581,592,582),(592,593,582),(582,593,583),(593,594,583),(584,595,585),(595,596,585),(585,596,586),(596,597,586),(586,597,587),(597,598,587),(587,598,588),(598,599,588),(588,599,589),(599,600,589),(589,600,590),(600,601,590),(590,601,591),(601,602,591),(591,602,592),(602,603,592),(592,603,593),(603,604,593),(593,604,594),(604,605,594),(595,606,596),(606,607,596),(596,607,597),(607,608,597),(597,608,598),(608,609,598),(598,609,599),(609,610,599),(599,610,600),(610,611,600),(600,611,601),(611,612,601),(601,612,602),(612,613,602),(602,613,603),(613,614,603),(603,614,604),(614,615,604),(604,615,605),(615,616,605),(606,617,607),(617,618,607),(607,618,608),(618,619,608),(608,619,609),(619,620,609),(609,620,610),(620,621,610),(610,621,611),(621,622,611),(611,622,612),(622,623,612),(612,623,613),(623,624,613),(613,624,614),(624,625,614),(614,625,615),(625,626,615),(615,626,616),(626,627,616),(617,628,618),(628,629,618),(618,629,619),(629,630,619),(619,630,620),(630,631,620),(620,631,621),(631,632,621),(621,632,622),(632,633,622),(622,633,623),(633,634,623),(623,634,624),(634,635,624),(624,635,625),(635,636,625),(625,636,626),(636,637,626),(626,637,627),(637,638,627),(628,639,629),(639,640,629),(629,640,630),(640,641,630),(630,641,631),(641,642,631),(631,642,632),(642,643,632),(632,643,633),(643,644,633),(633,644,634),(644,645,634),(634,645,635),(645,646,635),(635,646,636),(646,647,636),(636,647,637),(647,648,637),(637,648,638),(648,649,638),(639,650,640),(650,651,640),(640,651,641),(651,652,641),(641,652,642),(652,653,642),(642,653,643),(653,654,643),(643,654,644),(654,655,644),(644,655,645),(655,656,645),(645,656,646),(656,657,646),(646,657,647),(657,658,647),(647,658,648),(658,659,648),(648,659,649),(659,660,649),(650,661,651),(661,662,651),(651,662,652),(662,663,652),(652,663,653),(663,664,653),(653,664,654),(664,665,654),(654,665,655),(665,666,655),(655,666,656),(666,667,656),(656,667,657),(667,668,657),(657,668,658),(668,669,658),(658,669,659),(669,670,659),(659,670,660),(670,671,660),(661,672,662),(672,673,662),(662,673,663),(673,674,663),(663,674,664),(674,675,664),(664,675,665),(675,676,665),(665,676,666),(676,677,666),(666,677,667),(677,678,667),(667,678,668),(678,679,668),(668,679,669),(679,680,669),(669,680,670),(680,681,670),(670,681,671),(681,682,671),(672,683,673),(683,684,673),(673,684,674),(684,685,674),(674,685,675),(685,686,675),(675,686,676),(686,687,676),(676,687,677),(687,688,677),(677,688,678),(688,689,678),(678,689,679),(689,690,679),(679,690,680),(690,691,680),(680,691,681),(691,692,681),(681,692,682),(692,693,682),(683,694,684),(694,695,684),(684,695,685),(695,696,685),(685,696,686),(696,697,686),(686,697,687),(697,698,687),(687,698,688),(698,699,688),(688,699,689),(699,700,689),(689,700,690),(700,701,690),(690,701,691),(701,702,691),(691,702,692),(702,703,692),(692,703,693),(703,704,693),(694,705,695),(705,706,695),(695,706,696),(706,707,696),(696,707,697),(707,708,697),(697,708,698),(708,709,698),(698,709,699),(709,710,699),(699,710,700),(710,711,700),(700,711,701),(711,712,701),(701,712,702),(712,713,702),(702,713,703),(713,714,703),(703,714,704),(714,715,704),(705,716,706),(716,717,706),(706,717,707),(717,718,707),(707,718,708),(718,719,708),(708,719,709),(719,720,709),(709,720,710),(720,721,710),(710,721,711),(721,722,711),(711,722,712),(722,723,712),(712,723,713),(723,724,713),(713,724,714),(724,725,714),(714,725,715),(725,726,715),(716,727,717),(727,728,717),(717,728,718),(728,729,718),(718,729,719),(729,730,719),(719,730,720),(730,731,720),(720,731,721),(731,732,721),(721,732,722),(732,733,722),(722,733,723),(733,734,723),(723,734,724),(734,735,724),(724,735,725),(735,736,725),(725,736,726),(736,737,726),(727,738,728),(738,739,728),(728,739,729),(739,740,729),(729,740,730),(740,741,730),(730,741,731),(741,742,731),(731,742,732),(742,743,732),(732,743,733),(743,744,733),(733,744,734),(744,745,734),(734,745,735),(745,746,735),(735,746,736),(746,747,736),(736,747,737),(747,748,737),(738,749,739),(749,750,739),(739,750,740),(750,751,740),(740,751,741),(751,752,741),(741,752,742),(752,753,742),(742,753,743),(753,754,743),(743,754,744),(754,755,744),(744,755,745),(755,756,745),(745,756,746),(756,757,746),(746,757,747),(757,758,747),(747,758,748),(758,759,748),(749,760,750),(760,761,750),(750,761,751),(761,762,751),(751,762,752),(762,763,752),(752,763,753),(763,764,753),(753,764,754),(764,765,754),(754,765,755),(765,766,755),(755,766,756),(766,767,756),(756,767,757),(767,768,757),(757,768,758),(768,769,758),(758,769,759),(769,770,759),(760,771,761),(771,772,761),(761,772,762),(772,773,762),(762,773,763),(773,774,763),(763,774,764),(774,775,764),(764,775,765),(775,776,765),(765,776,766),(776,777,766),(766,777,767),(777,778,767),(767,778,768),(778,779,768),(768,779,769),(779,780,769),(769,780,770),(780,781,770),(771,782,772),(782,783,772),(772,783,773),(783,784,773),(773,784,774),(784,785,774),(774,785,775),(785,786,775),(775,786,776),(786,787,776),(776,787,777),(787,788,777),(777,788,778),(788,789,778),(778,789,779),(789,790,779),(779,790,780),(790,791,780),(780,791,781),(791,792,781),(782,793,783),(793,794,783),(783,794,784),(794,795,784),(784,795,785),(795,796,785),(785,796,786),(796,797,786),(786,797,787),(797,798,787),(787,798,788),(798,799,788),(788,799,789),(799,800,789),(789,800,790),(800,801,790),(790,801,791),(801,802,791),(791,802,792),(802,803,792),(793,804,794),(804,805,794),(794,805,795),(805,806,795),(795,806,796),(806,807,796),(796,807,797),(807,808,797),(797,808,798),(808,809,798),(798,809,799),(809,810,799),(799,810,800),(810,811,800),(800,811,801),(811,812,801),(801,812,802),(812,813,802),(802,813,803),(813,814,803),(804,815,805),(815,816,805),(805,816,806),(816,817,806),(806,817,807),(817,818,807),(807,818,808),(818,819,808),(808,819,809),(819,820,809),(809,820,810),(820,821,810),(810,821,811),(821,822,811),(811,822,812),(822,823,812),(812,823,813),(823,824,813),(813,824,814),(824,825,814),(815,826,816),(826,827,816),(816,827,817),(827,828,817),(817,828,818),(828,829,818),(818,829,819),(829,830,819),(819,830,820),(830,831,820),(820,831,821),(831,832,821),(821,832,822),(832,833,822),(822,833,823),(833,834,823),(823,834,824),(834,835,824),(824,835,825),(835,836,825),(826,837,827),(837,838,827),(827,838,828),(838,839,828),(828,839,829),(839,840,829),(829,840,830),(840,841,830),(830,841,831),(841,842,831),(831,842,832),(842,843,832),(832,843,833),(843,844,833),(833,844,834),(844,845,834),(834,845,835),(845,846,835),(835,846,836),(846,847,836),(837,848,838),(848,849,838),(838,849,839),(849,850,839),(839,850,840),(850,851,840),(840,851,841),(851,852,841),(841,852,842),(852,853,842),(842,853,843),(853,854,843),(843,854,844),(854,855,844),(844,855,845),(855,856,845),(845,856,846),(856,857,846),(846,857,847),(857,858,847),(848,859,849),(859,860,849),(849,860,850),(860,861,850),(850,861,851),(861,862,851),(851,862,852),(862,863,852),(852,863,853),(863,864,853),(853,864,854),(864,865,854),(854,865,855),(865,866,855),(855,866,856),(866,867,856),(856,867,857),(867,868,857),(857,868,858),(868,869,858),(859,870,860),(870,871,860),(860,871,861),(871,872,861),(861,872,862),(872,873,862),(862,873,863),(873,874,863),(863,874,864),(874,875,864),(864,875,865),(875,876,865),(865,876,866),(876,877,866),(866,877,867),(877,878,867),(867,878,868),(878,879,868),(868,879,869),(879,880,869),(870,881,871),(881,882,871),(871,882,872),(882,883,872),(872,883,873),(883,884,873),(873,884,874),(884,885,874),(874,885,875),(885,886,875),(875,886,876),(886,887,876),(876,887,877),(887,888,877),(877,888,878),(888,889,878),(878,889,879),(889,890,879),(879,890,880),(890,891,880),(881,892,882),(892,893,882),(882,893,883),(893,894,883),(883,894,884),(894,895,884),(884,895,885),(895,896,885),(885,896,886),(896,897,886),(886,897,887),(897,898,887),(887,898,888),(898,899,888),(888,899,889),(899,900,889),(889,900,890),(900,901,890),(890,901,891),(901,902,891),(892,903,893),(903,904,893),(893,904,894),(904,905,894),(894,905,895),(905,906,895),(895,906,896),(906,907,896),(896,907,897),(907,908,897),(897,908,898),(908,909,898),(898,909,899),(909,910,899),(899,910,900),(910,911,900),(900,911,901),(911,912,901),(901,912,902),(912,913,902),(903,914,904),(914,915,904),(904,915,905),(915,916,905),(905,916,906),(916,917,906),(906,917,907),(917,918,907),(907,918,908),(918,919,908),(908,919,909),(919,920,909),(909,920,910),(920,921,910),(910,921,911),(921,922,911),(911,922,912),(922,923,912),(912,923,913),(923,924,913),(914,925,915),(925,926,915),(915,926,916),(926,927,916),(916,927,917),(927,928,917),(917,928,918),(928,929,918),(918,929,919),(929,930,919),(919,930,920),(930,931,920),(920,931,921),(931,932,921),(921,932,922),(932,933,922),(922,933,923),(933,934,923),(923,934,924),(934,935,924),(925,936,926),(936,937,926),(926,937,927),(937,938,927),(927,938,928),(938,939,928),(928,939,929),(939,940,929),(929,940,930),(940,941,930),(930,941,931),(941,942,931),(931,942,932),(942,943,932),(932,943,933),(943,944,933),(933,944,934),(944,945,934),(934,945,935),(945,946,935),(936,947,937),(947,948,937),(937,948,938),(948,949,938),(938,949,939),(949,950,939),(939,950,940),(950,951,940),(940,951,941),(951,952,941),(941,952,942),(952,953,942),(942,953,943),(953,954,943),(943,954,944),(954,955,944),(944,955,945),(955,956,945),(945,956,946),(956,957,946),(947,958,948),(958,959,948),(948,959,949),(959,960,949),(949,960,950),(960,961,950),(950,961,951),(961,962,951),(951,962,952),(962,963,952),(952,963,953),(963,964,953),(953,964,954),(964,965,954),(954,965,955),(965,966,955),(955,966,956),(966,967,956),(956,967,957),(967,968,957),(958,969,959),(969,970,959),(959,970,960),(970,971,960),(960,971,961),(971,972,961),(961,972,962),(972,973,962),(962,973,963),(973,974,963),(963,974,964),(974,975,964),(964,975,965),(975,976,965),(965,976,966),(976,977,966),(966,977,967),(977,978,967),(967,978,968),(978,979,968),(969,980,970),(980,981,970),(970,981,971),(981,982,971),(971,982,972),(982,983,972),(972,983,973),(983,984,973),(973,984,974),(984,985,974),(974,985,975),(985,986,975),(975,986,976),(986,987,976),(976,987,977),(987,988,977),(977,988,978),(988,989,978),(978,989,979),(989,990,979),(980,991,981),(991,992,981),(981,992,982),(992,993,982),(982,993,983),(993,994,983),(983,994,984),(994,995,984),(984,995,985),(995,996,985),(985,996,986),(996,997,986),(986,997,987),(997,998,987),(987,998,988),(998,999,988),(988,999,989),(999,1000,989),(989,1000,990),(1000,1001,990),(991,1002,992),(1002,1003,992),(992,1003,993),(1003,1004,993),(993,1004,994),(1004,1005,994),(994,1005,995),(1005,1006,995),(995,1006,996),(1006,1007,996),(996,1007,997),(1007,1008,997),(997,1008,998),(1008,1009,998),(998,1009,999),(1009,1010,999),(999,1010,1000),(1010,1011,1000),(1000,1011,1001),(1011,1012,1001),(1002,1013,1003),(1013,1014,1003),(1003,1014,1004),(1014,1015,1004),(1004,1015,1005),(1015,1016,1005),(1005,1016,1006),(1016,1017,1006),(1006,1017,1007),(1017,1018,1007),(1007,1018,1008),(1018,1019,1008),(1008,1019,1009),(1019,1020,1009),(1009,1020,1010),(1020,1021,1010),(1010,1021,1011),(1021,1022,1011),(1011,1022,1012),(1022,1023,1012),(1013,1024,1014),(1024,1025,1014),(1014,1025,1015),(1025,1026,1015),(1015,1026,1016),(1026,1027,1016),(1016,1027,1017),(1027,1028,1017),(1017,1028,1018),(1028,1029,1018),(1018,1029,1019),(1029,1030,1019),(1019,1030,1020),(1030,1031,1020),(1020,1031,1021),(1031,1032,1021),(1021,1032,1022),(1032,1033,1022),(1022,1033,1023),(1033,1034,1023),(1024,1035,1025),(1035,1036,1025),(1025,1036,1026),(1036,1037,1026),(1026,1037,1027),(1037,1038,1027),(1027,1038,1028),(1038,1039,1028),(1028,1039,1029),(1039,1040,1029),(1029,1040,1030),(1040,1041,1030),(1030,1041,1031),(1041,1042,1031),(1031,1042,1032),(1042,1043,1032),(1032,1043,1033),(1043,1044,1033),(1033,1044,1034),(1044,1045,1034),(1035,1046,1036),(1046,1047,1036),(1036,1047,1037),(1047,1048,1037),(1037,1048,1038),(1048,1049,1038),(1038,1049,1039),(1049,1050,1039),(1039,1050,1040),(1050,1051,1040),(1040,1051,1041),(1051,1052,1041),(1041,1052,1042),(1052,1053,1042),(1042,1053,1043),(1053,1054,1043),(1043,1054,1044),(1054,1055,1044),(1044,1055,1045),(1055,1056,1045),(1046,1057,1047),(1057,1058,1047),(1047,1058,1048),(1058,1059,1048),(1048,1059,1049),(1059,1060,1049),(1049,1060,1050),(1060,1061,1050),(1050,1061,1051),(1061,1062,1051),(1051,1062,1052),(1062,1063,1052),(1052,1063,1053),(1063,1064,1053),(1053,1064,1054),(1064,1065,1054),(1054,1065,1055),(1065,1066,1055),(1055,1066,1056),(1066,1067,1056)),$);
#418=IFCSTYLEDITEM(#417,(#166),'conduit_t1_lp4_secondary');
#419=IFCCARTESIANPOINTLIST3D(((2.85,2.2835,1.263),(2.878853,2.290086,1.263),(2.901992,2.308538,1.263),(2.914833,2.335202,1.263),(2.914833,2.364798,1.263),(2.901992,2.391462,1.263),(2.878853,2.409914,1.263),(2.85,2.4165,1.263),(2.821147,2.409914,1.263),(2.798008,2.391462,1.263),(2.785167,2.364798,1.263),(2.785167,2.335202,1.263),(2.798008,2.308538,1.263),(2.821147,2.290086,1.263),(2.85,2.2835,1.263),(2.85,2.2835,1.233),(2.878853,2.290086,1.233),(2.901992,2.308538,1.233),(2.914833,2.335202,1.233),(2.914833,2.364798,1.233),(2.901992,2.391462,1.233),(2.878853,2.409914,1.233),(2.85,2.4165,1.233),(2.821147,2.409914,1.233),(2.798008,2.391462,1.233),(2.785167,2.364798,1.233),(2.785167,2.335202,1.233),(2.798008,2.308538,1.233),(2.821147,2.290086,1.233),(2.85,2.2835,1.233),(2.85,2.35,1.263),(2.85,2.35,1.263),(2.85,2.35,1.263),(2.85,2.35,1.263),(2.85,2.35,1.263),(2.85,2.35,1.263),(2.85,2.35,1.263),(2.85,2.35,1.263),(2.85,2.35,1.263),(2.85,2.35,1.263),(2.85,2.35,1.263),(2.85,2.35,1.263),(2.85,2.35,1.263),(2.85,2.35,1.263),(2.85,2.2835,1.263),(2.878853,2.290086,1.263),(2.901992,2.308538,1.263),(2.914833,2.335202,1.263),(2.914833,2.364798,1.263),(2.901992,2.391462,1.263),(2.878853,2.409914,1.263),(2.85,2.4165,1.263),(2.821147,2.409914,1.263),(2.798008,2.391462,1.263),(2.785167,2.364798,1.263),(2.785167,2.335202,1.263),(2.798008,2.308538,1.263),(2.821147,2.290086,1.263),(2.85,2.2835,1.263),(2.85,2.35,1.233),(2.85,2.35,1.233),(2.85,2.35,1.233),(2.85,2.35,1.233),(2.85,2.35,1.233),(2.85,2.35,1.233),(2.85,2.35,1.233),(2.85,2.35,1.233),(2.85,2.35,1.233),(2.85,2.35,1.233),(2.85,2.35,1.233),(2.85,2.35,1.233),(2.85,2.35,1.233),(2.85,2.35,1.233),(2.85,2.2835,1.233),(2.878853,2.290086,1.233),(2.901992,2.308538,1.233),(2.914833,2.335202,1.233),(2.914833,2.364798,1.233),(2.901992,2.391462,1.233),(2.878853,2.409914,1.233),(2.85,2.4165,1.233),(2.821147,2.409914,1.233),(2.798008,2.391462,1.233),(2.785167,2.364798,1.233),(2.785167,2.335202,1.233),(2.798008,2.308538,1.233),(2.821147,2.290086,1.233),(2.85,2.2835,1.233),(4.38,-0.6165,2.023),(4.408853,-0.609914,2.023),(4.431992,-0.591462,2.023),(4.444833,-0.564798,2.023),(4.444833,-0.535202,2.023),(4.431992,-0.508538,2.023),(4.408853,-0.490086,2.023),(4.38,-0.4835,2.023),(4.351147,-0.490086,2.023),(4.328008,-0.508538,2.023),(4.315167,-0.535202,2.023),(4.315167,-0.564798,2.023),(4.328008,-0.591462,2.023),(4.351147,-0.609914,2.023),(4.38,-0.6165,2.023),(4.38,-0.6165,1.993),(4.408853,-0.609914,1.993),(4.431992,-0.591462,1.993),(4.444833,-0.564798,1.993),(4.444833,-0.535202,1.993),(4.431992,-0.508538,1.993),(4.408853,-0.490086,1.993),(4.38,-0.4835,1.993),(4.351147,-0.490086,1.993),(4.328008,-0.508538,1.993),(4.315167,-0.535202,1.993),(4.315167,-0.564798,1.993),(4.328008,-0.591462,1.993),(4.351147,-0.609914,1.993),(4.38,-0.6165,1.993),(4.38,-0.55,2.023),(4.38,-0.55,2.023),(4.38,-0.55,2.023),(4.38,-0.55,2.023),(4.38,-0.55,2.023),(4.38,-0.55,2.023),(4.38,-0.55,2.023),(4.38,-0.55,2.023),(4.38,-0.55,2.023),(4.38,-0.55,2.023),(4.38,-0.55,2.023),(4.38,-0.55,2.023),(4.38,-0.55,2.023),(4.38,-0.55,2.023),(4.38,-0.6165,2.023),(4.408853,-0.609914,2.023),(4.431992,-0.591462,2.023),(4.444833,-0.564798,2.023),(4.444833,-0.535202,2.023),(4.431992,-0.508538,2.023),(4.408853,-0.490086,2.023),(4.38,-0.4835,2.023),(4.351147,-0.490086,2.023),(4.328008,-0.508538,2.023),(4.315167,-0.535202,2.023),(4.315167,-0.564798,2.023),(4.328008,-0.591462,2.023),(4.351147,-0.609914,2.023),(4.38,-0.6165,2.023),(4.38,-0.55,1.993),(4.38,-0.55,1.993),(4.38,-0.55,1.993),(4.38,-0.55,1.993),(4.38,-0.55,1.993),(4.38,-0.55,1.993),(4.38,-0.55,1.993),(4.38,-0.55,1.993),(4.38,-0.55,1.993),(4.38,-0.55,1.993),(4.38,-0.55,1.993),(4.38,-0.55,1.993),(4.38,-0.55,1.993),(4.38,-0.55,1.993),(4.38,-0.6165,1.993),(4.408853,-0.609914,1.993),(4.431992,-0.591462,1.993),(4.444833,-0.564798,1.993),(4.444833,-0.535202,1.993),(4.431992,-0.508538,1.993),(4.408853,-0.490086,1.993),(4.38,-0.4835,1.993),(4.351147,-0.490086,1.993),(4.328008,-0.508538,1.993),(4.315167,-0.535202,1.993),(4.315167,-0.564798,1.993),(4.328008,-0.591462,1.993),(4.351147,-0.609914,1.993),(4.38,-0.6165,1.993)));
#420=IFCTRIANGULATEDFACESET(#419,$,$,((1,16,2),(16,17,2),(2,17,3),(17,18,3),(3,18,4),(18,19,4),(4,19,5),(19,20,5),(5,20,6),(20,21,6),(6,21,7),(21,22,7),(7,22,8),(22,23,8),(8,23,9),(23,24,9),(9,24,10),(24,25,10),(10,25,11),(25,26,11),(11,26,12),(26,27,12),(12,27,13),(27,28,13),(13,28,14),(28,29,14),(14,29,15),(29,30,15),(45,46,31),(46,47,32),(47,48,33),(48,49,34),(49,50,35),(50,51,36),(51,52,37),(52,53,38),(53,54,39),(54,55,40),(55,56,41),(56,57,42),(57,58,43),(58,59,44),(75,74,60),(76,75,61),(77,76,62),(78,77,63),(79,78,64),(80,79,65),(81,80,66),(82,81,67),(83,82,68),(84,83,69),(85,84,70),(86,85,71),(87,86,72),(88,87,73),(89,104,90),(104,105,90),(90,105,91),(105,106,91),(91,106,92),(106,107,92),(92,107,93),(107,108,93),(93,108,94),(108,109,94),(94,109,95),(109,110,95),(95,110,96),(110,111,96),(96,111,97),(111,112,97),(97,112,98),(112,113,98),(98,113,99),(113,114,99),(99,114,100),(114,115,100),(100,115,101),(115,116,101),(101,116,102),(116,117,102),(102,117,103),(117,118,103),(133,134,119),(134,135,120),(135,136,121),(136,137,122),(137,138,123),(138,139,124),(139,140,125),(140,141,126),(141,142,127),(142,143,128),(143,144,129),(144,145,130),(145,146,131),(146,147,132),(163,162,148),(164,163,149),(165,164,150),(166,165,151),(167,166,152),(168,167,153),(169,168,154),(170,169,155),(171,170,156),(172,171,157),(173,172,158),(174,173,159),(175,174,160),(176,175,161)),$);
#421=IFCSTYLEDITEM(#420,(#166),'conduit_t1_lp4_secondary_hubs');
#422=IFCSHAPEREPRESENTATION(#11,'Body','Tessellation',(#381,#384,#387,#390,#393,#396,#399,#402,#405,#408,#411,#414,#417,#420));
#423=IFCPRODUCTDEFINITIONSHAPE($,$,(#422));
#424=IFCLOCALPLACEMENT(#25,#9);
#425=IFCCABLECARRIERSEGMENT('0hmA3Al0_6VT6A86zGem0P',#5,'Overhead feeder conduits - EMT on trapeze hangers','Feeders exit equipment tops, rise to a rack elevation of 3.15 m, run to the walls and drop into panel tops',$,#424,#423,'CONDUIT',.CONDUITSEGMENT.);
#426=IFCPROPERTYSINGLEVALUE('RackElevation',$,IFCLENGTHMEASURE(3.15),$);
#427=IFCPROPERTYSINGLEVALUE('Support',$,IFCLABEL('Trapeze strut + 3/8 in threaded rod, and clevis hangers'),$);
#428=IFCPROPERTYSINGLEVALUE('Runs',$,IFCLABEL('MSB>DP-1 2.5in; MSB>LP-1 1.5in; MSB>LP-2 1.5in; MSB>DP-2 2.5in; MSB>LP-3 1.5in; MSB>T1 2in; T1>LP-4 2.5in; service 4 x 5in'),$);
#429=IFCPROPERTYSET('0NOx1TXXDkRDOkNlQNzWze',#5,'ConduitSchedule',$,(#426,#427,#428));
#430=IFCRELDEFINESBYPROPERTIES('1ObS$HWc$oxvZXEFHhfjnk',#5,$,$,(#425),#429);
#431=IFCCARTESIANPOINTLIST3D(((-4.05,2.76,3.62),(-4.031459,2.762937,3.62),(-4.014733,2.771459,3.62),(-4.001459,2.784733,3.62),(-3.992937,2.801459,3.62),(-3.99,2.82,3.62),(-3.992937,2.838541,3.62),(-4.001459,2.855267,3.62),(-4.014733,2.868541,3.62),(-4.031459,2.877063,3.62),(-4.05,2.88,3.62),(-4.068541,2.877063,3.62),(-4.085267,2.868541,3.62),(-4.098541,2.855267,3.62),(-4.107063,2.838541,3.62),(-4.11,2.82,3.62),(-4.107063,2.801459,3.62),(-4.098541,2.784733,3.62),(-4.085267,2.771459,3.62),(-4.068541,2.762937,3.62),(-4.05,2.76,3.62),(-4.05,2.76,2.386),(-4.031459,2.762937,2.386),(-4.014733,2.771459,2.386),(-4.001459,2.784733,2.386),(-3.992937,2.801459,2.386),(-3.99,2.82,2.386),(-3.992937,2.838541,2.386),(-4.001459,2.855267,2.386),(-4.014733,2.868541,2.386),(-4.031459,2.877063,2.386),(-4.05,2.88,2.386),(-4.068541,2.877063,2.386),(-4.085267,2.868541,2.386),(-4.098541,2.855267,2.386),(-4.107063,2.838541,2.386),(-4.11,2.82,2.386),(-4.107063,2.801459,2.386),(-4.098541,2.784733,2.386),(-4.085267,2.771459,2.386),(-4.068541,2.762937,2.386),(-4.05,2.76,2.386),(-4.05,2.82,3.62),(-4.05,2.82,3.62),(-4.05,2.82,3.62),(-4.05,2.82,3.62),(-4.05,2.82,3.62),(-4.05,2.82,3.62),(-4.05,2.82,3.62),(-4.05,2.82,3.62),(-4.05,2.82,3.62),(-4.05,2.82,3.62),(-4.05,2.82,3.62),(-4.05,2.82,3.62),(-4.05,2.82,3.62),(-4.05,2.82,3.62),(-4.05,2.82,3.62),(-4.05,2.82,3.62),(-4.05,2.82,3.62),(-4.05,2.82,3.62),(-4.05,2.82,3.62),(-4.05,2.82,3.62),(-4.05,2.76,3.62),(-4.031459,2.762937,3.62),(-4.014733,2.771459,3.62),(-4.001459,2.784733,3.62),(-3.992937,2.801459,3.62),(-3.99,2.82,3.62),(-3.992937,2.838541,3.62),(-4.001459,2.855267,3.62),(-4.014733,2.868541,3.62),(-4.031459,2.877063,3.62),(-4.05,2.88,3.62),(-4.068541,2.877063,3.62),(-4.085267,2.868541,3.62),(-4.098541,2.855267,3.62),(-4.107063,2.838541,3.62),(-4.11,2.82,3.62),(-4.107063,2.801459,3.62),(-4.098541,2.784733,3.62),(-4.085267,2.771459,3.62),(-4.068541,2.762937,3.62),(-4.05,2.76,3.62),(-4.05,2.82,2.386),(-4.05,2.82,2.386),(-4.05,2.82,2.386),(-4.05,2.82,2.386),(-4.05,2.82,2.386),(-4.05,2.82,2.386),(-4.05,2.82,2.386),(-4.05,2.82,2.386),(-4.05,2.82,2.386),(-4.05,2.82,2.386),(-4.05,2.82,2.386),(-4.05,2.82,2.386),(-4.05,2.82,2.386),(-4.05,2.82,2.386),(-4.05,2.82,2.386),(-4.05,2.82,2.386),(-4.05,2.82,2.386),(-4.05,2.82,2.386),(-4.05,2.82,2.386),(-4.05,2.82,2.386),(-4.05,2.76,2.386),(-4.031459,2.762937,2.386),(-4.014733,2.771459,2.386),(-4.001459,2.784733,2.386),(-3.992937,2.801459,2.386),(-3.99,2.82,2.386),(-3.992937,2.838541,2.386),(-4.001459,2.855267,2.386),(-4.014733,2.868541,2.386),(-4.031459,2.877063,2.386),(-4.05,2.88,2.386),(-4.068541,2.877063,2.386),(-4.085267,2.868541,2.386),(-4.098541,2.855267,2.386),(-4.107063,2.838541,2.386),(-4.11,2.82,2.386),(-4.107063,2.801459,2.386),(-4.098541,2.784733,2.386),(-4.085267,2.771459,2.386),(-4.068541,2.762937,2.386),(-4.05,2.76,2.386),(-4.05,2.72,2.426),(-4.019098,2.724894,2.426),(-3.991221,2.739098,2.426),(-3.969098,2.761221,2.426),(-3.954894,2.789098,2.426),(-3.95,2.82,2.426),(-3.954894,2.850902,2.426),(-3.969098,2.878778,2.426),(-3.991221,2.900902,2.426),(-4.019098,2.915106,2.426),(-4.05,2.92,2.426),(-4.080902,2.915106,2.426),(-4.108778,2.900902,2.426),(-4.130902,2.878778,2.426),(-4.145106,2.850902,2.426),(-4.15,2.82,2.426),(-4.145106,2.789098,2.426),(-4.130902,2.761221,2.426),(-4.108778,2.739098,2.426),(-4.080902,2.724894,2.426),(-4.05,2.72,2.426),(-4.05,2.72,2.386),(-4.019098,2.724894,2.386),(-3.991221,2.739098,2.386),(-3.969098,2.761221,2.386),(-3.954894,2.789098,2.386),(-3.95,2.82,2.386),(-3.954894,2.850902,2.386),(-3.969098,2.878778,2.386),(-3.991221,2.900902,2.386),(-4.019098,2.915106,2.386),(-4.05,2.92,2.386),(-4.080902,2.915106,2.386),(-4.108778,2.900902,2.386),(-4.130902,2.878778,2.386),(-4.145106,2.850902,2.386),(-4.15,2.82,2.386),(-4.145106,2.789098,2.386),(-4.130902,2.761221,2.386),(-4.108778,2.739098,2.386),(-4.080902,2.724894,2.386),(-4.05,2.72,2.386),(-4.05,2.82,2.426),(-4.05,2.82,2.426),(-4.05,2.82,2.426),(-4.05,2.82,2.426),(-4.05,2.82,2.426),(-4.05,2.82,2.426),(-4.05,2.82,2.426),(-4.05,2.82,2.426),(-4.05,2.82,2.426),(-4.05,2.82,2.426),(-4.05,2.82,2.426),(-4.05,2.82,2.426),(-4.05,2.82,2.426),(-4.05,2.82,2.426),(-4.05,2.82,2.426),(-4.05,2.82,2.426),(-4.05,2.82,2.426),(-4.05,2.82,2.426),(-4.05,2.82,2.426),(-4.05,2.82,2.426),(-4.05,2.72,2.426),(-4.019098,2.724894,2.426),(-3.991221,2.739098,2.426),(-3.969098,2.761221,2.426),(-3.954894,2.789098,2.426),(-3.95,2.82,2.426),(-3.954894,2.850902,2.426),(-3.969098,2.878778,2.426),(-3.991221,2.900902,2.426),(-4.019098,2.915106,2.426),(-4.05,2.92,2.426),(-4.080902,2.915106,2.426),(-4.108778,2.900902,2.426),(-4.130902,2.878778,2.426),(-4.145106,2.850902,2.426),(-4.15,2.82,2.426),(-4.145106,2.789098,2.426),(-4.130902,2.761221,2.426),(-4.108778,2.739098,2.426),(-4.080902,2.724894,2.426),(-4.05,2.72,2.426),(-4.05,2.82,2.386),(-4.05,2.82,2.386),(-4.05,2.82,2.386),(-4.05,2.82,2.386),(-4.05,2.82,2.386),(-4.05,2.82,2.386),(-4.05,2.82,2.386),(-4.05,2.82,2.386),(-4.05,2.82,2.386),(-4.05,2.82,2.386),(-4.05,2.82,2.386),(-4.05,2.82,2.386),(-4.05,2.82,2.386),(-4.05,2.82,2.386),(-4.05,2.82,2.386),(-4.05,2.82,2.386),(-4.05,2.82,2.386),(-4.05,2.82,2.386),(-4.05,2.82,2.386),(-4.05,2.82,2.386),(-4.05,2.72,2.386),(-4.019098,2.724894,2.386),(-3.991221,2.739098,2.386),(-3.969098,2.761221,2.386),(-3.954894,2.789098,2.386),(-3.95,2.82,2.386),(-3.954894,2.850902,2.386),(-3.969098,2.878778,2.386),(-3.991221,2.900902,2.386),(-4.019098,2.915106,2.386),(-4.05,2.92,2.386),(-4.080902,2.915106,2.386),(-4.108778,2.900902,2.386),(-4.130902,2.878778,2.386),(-4.145106,2.850902,2.386),(-4.15,2.82,2.386),(-4.145106,2.789098,2.386),(-4.130902,2.761221,2.386),(-4.108778,2.739098,2.386),(-4.080902,2.724894,2.386),(-4.05,2.72,2.386),(-3.9,2.76,3.62),(-3.881459,2.762937,3.62),(-3.864733,2.771459,3.62),(-3.851459,2.784733,3.62),(-3.842937,2.801459,3.62),(-3.84,2.82,3.62),(-3.842937,2.838541,3.62),(-3.851459,2.855267,3.62),(-3.864733,2.868541,3.62),(-3.881459,2.877063,3.62),(-3.9,2.88,3.62),(-3.918541,2.877063,3.62),(-3.935267,2.868541,3.62),(-3.948541,2.855267,3.62),(-3.957063,2.838541,3.62),(-3.96,2.82,3.62),(-3.957063,2.801459,3.62),(-3.948541,2.784733,3.62),(-3.935267,2.771459,3.62),(-3.918541,2.762937,3.62),(-3.9,2.76,3.62),(-3.9,2.76,2.386),(-3.881459,2.762937,2.386),(-3.864733,2.771459,2.386),(-3.851459,2.784733,2.386),(-3.842937,2.801459,2.386),(-3.84,2.82,2.386),(-3.842937,2.838541,2.386),(-3.851459,2.855267,2.386),(-3.864733,2.868541,2.386),(-3.881459,2.877063,2.386),(-3.9,2.88,2.386),(-3.918541,2.877063,2.386),(-3.935267,2.868541,2.386),(-3.948541,2.855267,2.386),(-3.957063,2.838541,2.386),(-3.96,2.82,2.386),(-3.957063,2.801459,2.386),(-3.948541,2.784733,2.386),(-3.935267,2.771459,2.386),(-3.918541,2.762937,2.386),(-3.9,2.76,2.386),(-3.9,2.82,3.62),(-3.9,2.82,3.62),(-3.9,2.82,3.62),(-3.9,2.82,3.62),(-3.9,2.82,3.62),(-3.9,2.82,3.62),(-3.9,2.82,3.62),(-3.9,2.82,3.62),(-3.9,2.82,3.62),(-3.9,2.82,3.62),(-3.9,2.82,3.62),(-3.9,2.82,3.62),(-3.9,2.82,3.62),(-3.9,2.82,3.62),(-3.9,2.82,3.62),(-3.9,2.82,3.62),(-3.9,2.82,3.62),(-3.9,2.82,3.62),(-3.9,2.82,3.62),(-3.9,2.82,3.62),(-3.9,2.76,3.62),(-3.881459,2.762937,3.62),(-3.864733,2.771459,3.62),(-3.851459,2.784733,3.62),(-3.842937,2.801459,3.62),(-3.84,2.82,3.62),(-3.842937,2.838541,3.62),(-3.851459,2.855267,3.62),(-3.864733,2.868541,3.62),(-3.881459,2.877063,3.62),(-3.9,2.88,3.62),(-3.918541,2.877063,3.62),(-3.935267,2.868541,3.62),(-3.948541,2.855267,3.62),(-3.957063,2.838541,3.62),(-3.96,2.82,3.62),(-3.957063,2.801459,3.62),(-3.948541,2.784733,3.62),(-3.935267,2.771459,3.62),(-3.918541,2.762937,3.62),(-3.9,2.76,3.62),(-3.9,2.82,2.386),(-3.9,2.82,2.386),(-3.9,2.82,2.386),(-3.9,2.82,2.386),(-3.9,2.82,2.386),(-3.9,2.82,2.386),(-3.9,2.82,2.386),(-3.9,2.82,2.386),(-3.9,2.82,2.386),(-3.9,2.82,2.386),(-3.9,2.82,2.386),(-3.9,2.82,2.386),(-3.9,2.82,2.386),(-3.9,2.82,2.386),(-3.9,2.82,2.386),(-3.9,2.82,2.386),(-3.9,2.82,2.386),(-3.9,2.82,2.386),(-3.9,2.82,2.386),(-3.9,2.82,2.386),(-3.9,2.76,2.386),(-3.881459,2.762937,2.386),(-3.864733,2.771459,2.386),(-3.851459,2.784733,2.386),(-3.842937,2.801459,2.386),(-3.84,2.82,2.386),(-3.842937,2.838541,2.386),(-3.851459,2.855267,2.386),(-3.864733,2.868541,2.386),(-3.881459,2.877063,2.386),(-3.9,2.88,2.386),(-3.918541,2.877063,2.386),(-3.935267,2.868541,2.386),(-3.948541,2.855267,2.386),(-3.957063,2.838541,2.386),(-3.96,2.82,2.386),(-3.957063,2.801459,2.386),(-3.948541,2.784733,2.386),(-3.935267,2.771459,2.386),(-3.918541,2.762937,2.386),(-3.9,2.76,2.386),(-3.9,2.72,2.426),(-3.869098,2.724894,2.426),(-3.841222,2.739098,2.426),(-3.819098,2.761221,2.426),(-3.804894,2.789098,2.426),(-3.8,2.82,2.426),(-3.804894,2.850902,2.426),(-3.819098,2.878778,2.426),(-3.841222,2.900902,2.426),(-3.869098,2.915106,2.426),(-3.9,2.92,2.426),(-3.930902,2.915106,2.426),(-3.958779,2.900902,2.426),(-3.980902,2.878778,2.426),(-3.995106,2.850902,2.426),(-4.,2.82,2.426),(-3.995106,2.789098,2.426),(-3.980902,2.761221,2.426),(-3.958779,2.739098,2.426),(-3.930902,2.724894,2.426),(-3.9,2.72,2.426),(-3.9,2.72,2.386),(-3.869098,2.724894,2.386),(-3.841222,2.739098,2.386),(-3.819098,2.761221,2.386),(-3.804894,2.789098,2.386),(-3.8,2.82,2.386),(-3.804894,2.850902,2.386),(-3.819098,2.878778,2.386),(-3.841222,2.900902,2.386),(-3.869098,2.915106,2.386),(-3.9,2.92,2.386),(-3.930902,2.915106,2.386),(-3.958779,2.900902,2.386),(-3.980902,2.878778,2.386),(-3.995106,2.850902,2.386),(-4.,2.82,2.386),(-3.995106,2.789098,2.386),(-3.980902,2.761221,2.386),(-3.958779,2.739098,2.386),(-3.930902,2.724894,2.386),(-3.9,2.72,2.386),(-3.9,2.82,2.426),(-3.9,2.82,2.426),(-3.9,2.82,2.426),(-3.9,2.82,2.426),(-3.9,2.82,2.426),(-3.9,2.82,2.426),(-3.9,2.82,2.426),(-3.9,2.82,2.426),(-3.9,2.82,2.426),(-3.9,2.82,2.426),(-3.9,2.82,2.426),(-3.9,2.82,2.426),(-3.9,2.82,2.426),(-3.9,2.82,2.426),(-3.9,2.82,2.426),(-3.9,2.82,2.426),(-3.9,2.82,2.426),(-3.9,2.82,2.426),(-3.9,2.82,2.426),(-3.9,2.82,2.426),(-3.9,2.72,2.426),(-3.869098,2.724894,2.426),(-3.841222,2.739098,2.426),(-3.819098,2.761221,2.426),(-3.804894,2.789098,2.426),(-3.8,2.82,2.426),(-3.804894,2.850902,2.426),(-3.819098,2.878778,2.426),(-3.841222,2.900902,2.426),(-3.869098,2.915106,2.426),(-3.9,2.92,2.426),(-3.930902,2.915106,2.426),(-3.958779,2.900902,2.426),(-3.980902,2.878778,2.426),(-3.995106,2.850902,2.426),(-4.,2.82,2.426),(-3.995106,2.789098,2.426),(-3.980902,2.761221,2.426),(-3.958779,2.739098,2.426),(-3.930902,2.724894,2.426),(-3.9,2.72,2.426),(-3.9,2.82,2.386),(-3.9,2.82,2.386),(-3.9,2.82,2.386),(-3.9,2.82,2.386),(-3.9,2.82,2.386),(-3.9,2.82,2.386),(-3.9,2.82,2.386),(-3.9,2.82,2.386),(-3.9,2.82,2.386),(-3.9,2.82,2.386),(-3.9,2.82,2.386),(-3.9,2.82,2.386),(-3.9,2.82,2.386),(-3.9,2.82,2.386),(-3.9,2.82,2.386),(-3.9,2.82,2.386),(-3.9,2.82,2.386),(-3.9,2.82,2.386),(-3.9,2.82,2.386),(-3.9,2.82,2.386),(-3.9,2.72,2.386),(-3.869098,2.724894,2.386),(-3.841222,2.739098,2.386),(-3.819098,2.761221,2.386),(-3.804894,2.789098,2.386),(-3.8,2.82,2.386),(-3.804894,2.850902,2.386),(-3.819098,2.878778,2.386),(-3.841222,2.900902,2.386),(-3.869098,2.915106,2.386),(-3.9,2.92,2.386),(-3.930902,2.915106,2.386),(-3.958779,2.900902,2.386),(-3.980902,2.878778,2.386),(-3.995106,2.850902,2.386),(-4.,2.82,2.386),(-3.995106,2.789098,2.386),(-3.980902,2.761221,2.386),(-3.958779,2.739098,2.386),(-3.930902,2.724894,2.386),(-3.9,2.72,2.386),(-3.75,2.76,3.62),(-3.731459,2.762937,3.62),(-3.714733,2.771459,3.62),(-3.701459,2.784733,3.62),(-3.692937,2.801459,3.62),(-3.69,2.82,3.62),(-3.692937,2.838541,3.62),(-3.701459,2.855267,3.62),(-3.714733,2.868541,3.62),(-3.731459,2.877063,3.62),(-3.75,2.88,3.62),(-3.768541,2.877063,3.62),(-3.785267,2.868541,3.62),(-3.798541,2.855267,3.62),(-3.807063,2.838541,3.62),(-3.81,2.82,3.62),(-3.807063,2.801459,3.62),(-3.798541,2.784733,3.62),(-3.785267,2.771459,3.62),(-3.768541,2.762937,3.62),(-3.75,2.76,3.62),(-3.75,2.76,2.386),(-3.731459,2.762937,2.386),(-3.714733,2.771459,2.386),(-3.701459,2.784733,2.386),(-3.692937,2.801459,2.386),(-3.69,2.82,2.386),(-3.692937,2.838541,2.386),(-3.701459,2.855267,2.386),(-3.714733,2.868541,2.386),(-3.731459,2.877063,2.386),(-3.75,2.88,2.386),(-3.768541,2.877063,2.386),(-3.785267,2.868541,2.386),(-3.798541,2.855267,2.386),(-3.807063,2.838541,2.386),(-3.81,2.82,2.386),(-3.807063,2.801459,2.386),(-3.798541,2.784733,2.386),(-3.785267,2.771459,2.386),(-3.768541,2.762937,2.386),(-3.75,2.76,2.386),(-3.75,2.82,3.62),(-3.75,2.82,3.62),(-3.75,2.82,3.62),(-3.75,2.82,3.62),(-3.75,2.82,3.62),(-3.75,2.82,3.62),(-3.75,2.82,3.62),(-3.75,2.82,3.62),(-3.75,2.82,3.62),(-3.75,2.82,3.62),(-3.75,2.82,3.62),(-3.75,2.82,3.62),(-3.75,2.82,3.62),(-3.75,2.82,3.62),(-3.75,2.82,3.62),(-3.75,2.82,3.62),(-3.75,2.82,3.62),(-3.75,2.82,3.62),(-3.75,2.82,3.62),(-3.75,2.82,3.62),(-3.75,2.76,3.62),(-3.731459,2.762937,3.62),(-3.714733,2.771459,3.62),(-3.701459,2.784733,3.62),(-3.692937,2.801459,3.62),(-3.69,2.82,3.62),(-3.692937,2.838541,3.62),(-3.701459,2.855267,3.62),(-3.714733,2.868541,3.62),(-3.731459,2.877063,3.62),(-3.75,2.88,3.62),(-3.768541,2.877063,3.62),(-3.785267,2.868541,3.62),(-3.798541,2.855267,3.62),(-3.807063,2.838541,3.62),(-3.81,2.82,3.62),(-3.807063,2.801459,3.62),(-3.798541,2.784733,3.62),(-3.785267,2.771459,3.62),(-3.768541,2.762937,3.62),(-3.75,2.76,3.62),(-3.75,2.82,2.386),(-3.75,2.82,2.386),(-3.75,2.82,2.386),(-3.75,2.82,2.386),(-3.75,2.82,2.386),(-3.75,2.82,2.386),(-3.75,2.82,2.386),(-3.75,2.82,2.386),(-3.75,2.82,2.386),(-3.75,2.82,2.386),(-3.75,2.82,2.386),(-3.75,2.82,2.386),(-3.75,2.82,2.386),(-3.75,2.82,2.386),(-3.75,2.82,2.386),(-3.75,2.82,2.386),(-3.75,2.82,2.386),(-3.75,2.82,2.386),(-3.75,2.82,2.386),(-3.75,2.82,2.386),(-3.75,2.76,2.386),(-3.731459,2.762937,2.386),(-3.714733,2.771459,2.386),(-3.701459,2.784733,2.386),(-3.692937,2.801459,2.386),(-3.69,2.82,2.386),(-3.692937,2.838541,2.386),(-3.701459,2.855267,2.386),(-3.714733,2.868541,2.386),(-3.731459,2.877063,2.386),(-3.75,2.88,2.386),(-3.768541,2.877063,2.386),(-3.785267,2.868541,2.386),(-3.798541,2.855267,2.386),(-3.807063,2.838541,2.386),(-3.81,2.82,2.386),(-3.807063,2.801459,2.386),(-3.798541,2.784733,2.386),(-3.785267,2.771459,2.386),(-3.768541,2.762937,2.386),(-3.75,2.76,2.386),(-3.75,2.72,2.426),(-3.719098,2.724894,2.426),(-3.691221,2.739098,2.426),(-3.669098,2.761221,2.426),(-3.654894,2.789098,2.426),(-3.65,2.82,2.426),(-3.654894,2.850902,2.426),(-3.669098,2.878778,2.426),(-3.691221,2.900902,2.426),(-3.719098,2.915106,2.426),(-3.75,2.92,2.426),(-3.780902,2.915106,2.426),(-3.808779,2.900902,2.426),(-3.830902,2.878778,2.426),(-3.845106,2.850902,2.426),(-3.85,2.82,2.426),(-3.845106,2.789098,2.426),(-3.830902,2.761221,2.426),(-3.808779,2.739098,2.426),(-3.780902,2.724894,2.426),(-3.75,2.72,2.426),(-3.75,2.72,2.386),(-3.719098,2.724894,2.386),(-3.691221,2.739098,2.386),(-3.669098,2.761221,2.386),(-3.654894,2.789098,2.386),(-3.65,2.82,2.386),(-3.654894,2.850902,2.386),(-3.669098,2.878778,2.386),(-3.691221,2.900902,2.386),(-3.719098,2.915106,2.386),(-3.75,2.92,2.386),(-3.780902,2.915106,2.386),(-3.808779,2.900902,2.386),(-3.830902,2.878778,2.386),(-3.845106,2.850902,2.386),(-3.85,2.82,2.386),(-3.845106,2.789098,2.386),(-3.830902,2.761221,2.386),(-3.808779,2.739098,2.386),(-3.780902,2.724894,2.386),(-3.75,2.72,2.386),(-3.75,2.82,2.426),(-3.75,2.82,2.426),(-3.75,2.82,2.426),(-3.75,2.82,2.426),(-3.75,2.82,2.426),(-3.75,2.82,2.426),(-3.75,2.82,2.426),(-3.75,2.82,2.426),(-3.75,2.82,2.426),(-3.75,2.82,2.426),(-3.75,2.82,2.426),(-3.75,2.82,2.426),(-3.75,2.82,2.426),(-3.75,2.82,2.426),(-3.75,2.82,2.426),(-3.75,2.82,2.426),(-3.75,2.82,2.426),(-3.75,2.82,2.426),(-3.75,2.82,2.426),(-3.75,2.82,2.426),(-3.75,2.72,2.426),(-3.719098,2.724894,2.426),(-3.691221,2.739098,2.426),(-3.669098,2.761221,2.426),(-3.654894,2.789098,2.426),(-3.65,2.82,2.426),(-3.654894,2.850902,2.426),(-3.669098,2.878778,2.426),(-3.691221,2.900902,2.426),(-3.719098,2.915106,2.426),(-3.75,2.92,2.426),(-3.780902,2.915106,2.426),(-3.808779,2.900902,2.426),(-3.830902,2.878778,2.426),(-3.845106,2.850902,2.426),(-3.85,2.82,2.426),(-3.845106,2.789098,2.426),(-3.830902,2.761221,2.426),(-3.808779,2.739098,2.426),(-3.780902,2.724894,2.426),(-3.75,2.72,2.426),(-3.75,2.82,2.386),(-3.75,2.82,2.386),(-3.75,2.82,2.386),(-3.75,2.82,2.386),(-3.75,2.82,2.386),(-3.75,2.82,2.386),(-3.75,2.82,2.386),(-3.75,2.82,2.386),(-3.75,2.82,2.386),(-3.75,2.82,2.386),(-3.75,2.82,2.386),(-3.75,2.82,2.386),(-3.75,2.82,2.386),(-3.75,2.82,2.386),(-3.75,2.82,2.386),(-3.75,2.82,2.386),(-3.75,2.82,2.386),(-3.75,2.82,2.386),(-3.75,2.82,2.386),(-3.75,2.82,2.386),(-3.75,2.72,2.386),(-3.719098,2.724894,2.386),(-3.691221,2.739098,2.386),(-3.669098,2.761221,2.386),(-3.654894,2.789098,2.386),(-3.65,2.82,2.386),(-3.654894,2.850902,2.386),(-3.669098,2.878778,2.386),(-3.691221,2.900902,2.386),(-3.719098,2.915106,2.386),(-3.75,2.92,2.386),(-3.780902,2.915106,2.386),(-3.808779,2.900902,2.386),(-3.830902,2.878778,2.386),(-3.845106,2.850902,2.386),(-3.85,2.82,2.386),(-3.845106,2.789098,2.386),(-3.830902,2.761221,2.386),(-3.808779,2.739098,2.386),(-3.780902,2.724894,2.386),(-3.75,2.72,2.386),(-3.6,2.76,3.62),(-3.581459,2.762937,3.62),(-3.564733,2.771459,3.62),(-3.551459,2.784733,3.62),(-3.542937,2.801459,3.62),(-3.54,2.82,3.62),(-3.542937,2.838541,3.62),(-3.551459,2.855267,3.62),(-3.564733,2.868541,3.62),(-3.581459,2.877063,3.62),(-3.6,2.88,3.62),(-3.618541,2.877063,3.62),(-3.635267,2.868541,3.62),(-3.648541,2.855267,3.62),(-3.657063,2.838541,3.62),(-3.66,2.82,3.62),(-3.657063,2.801459,3.62),(-3.648541,2.784733,3.62),(-3.635267,2.771459,3.62),(-3.618541,2.762937,3.62),(-3.6,2.76,3.62),(-3.6,2.76,2.386),(-3.581459,2.762937,2.386),(-3.564733,2.771459,2.386),(-3.551459,2.784733,2.386),(-3.542937,2.801459,2.386),(-3.54,2.82,2.386),(-3.542937,2.838541,2.386),(-3.551459,2.855267,2.386),(-3.564733,2.868541,2.386),(-3.581459,2.877063,2.386),(-3.6,2.88,2.386),(-3.618541,2.877063,2.386),(-3.635267,2.868541,2.386),(-3.648541,2.855267,2.386),(-3.657063,2.838541,2.386),(-3.66,2.82,2.386),(-3.657063,2.801459,2.386),(-3.648541,2.784733,2.386),(-3.635267,2.771459,2.386),(-3.618541,2.762937,2.386),(-3.6,2.76,2.386),(-3.6,2.82,3.62),(-3.6,2.82,3.62),(-3.6,2.82,3.62),(-3.6,2.82,3.62),(-3.6,2.82,3.62),(-3.6,2.82,3.62),(-3.6,2.82,3.62),(-3.6,2.82,3.62),(-3.6,2.82,3.62),(-3.6,2.82,3.62),(-3.6,2.82,3.62),(-3.6,2.82,3.62),(-3.6,2.82,3.62),(-3.6,2.82,3.62),(-3.6,2.82,3.62),(-3.6,2.82,3.62),(-3.6,2.82,3.62),(-3.6,2.82,3.62),(-3.6,2.82,3.62),(-3.6,2.82,3.62),(-3.6,2.76,3.62),(-3.581459,2.762937,3.62),(-3.564733,2.771459,3.62),(-3.551459,2.784733,3.62),(-3.542937,2.801459,3.62),(-3.54,2.82,3.62),(-3.542937,2.838541,3.62),(-3.551459,2.855267,3.62),(-3.564733,2.868541,3.62),(-3.581459,2.877063,3.62),(-3.6,2.88,3.62),(-3.618541,2.877063,3.62),(-3.635267,2.868541,3.62),(-3.648541,2.855267,3.62),(-3.657063,2.838541,3.62),(-3.66,2.82,3.62),(-3.657063,2.801459,3.62),(-3.648541,2.784733,3.62),(-3.635267,2.771459,3.62),(-3.618541,2.762937,3.62),(-3.6,2.76,3.62),(-3.6,2.82,2.386),(-3.6,2.82,2.386),(-3.6,2.82,2.386),(-3.6,2.82,2.386),(-3.6,2.82,2.386),(-3.6,2.82,2.386),(-3.6,2.82,2.386),(-3.6,2.82,2.386),(-3.6,2.82,2.386),(-3.6,2.82,2.386),(-3.6,2.82,2.386),(-3.6,2.82,2.386),(-3.6,2.82,2.386),(-3.6,2.82,2.386),(-3.6,2.82,2.386),(-3.6,2.82,2.386),(-3.6,2.82,2.386),(-3.6,2.82,2.386),(-3.6,2.82,2.386),(-3.6,2.82,2.386),(-3.6,2.76,2.386),(-3.581459,2.762937,2.386),(-3.564733,2.771459,2.386),(-3.551459,2.784733,2.386),(-3.542937,2.801459,2.386),(-3.54,2.82,2.386),(-3.542937,2.838541,2.386),(-3.551459,2.855267,2.386),(-3.564733,2.868541,2.386),(-3.581459,2.877063,2.386),(-3.6,2.88,2.386),(-3.618541,2.877063,2.386),(-3.635267,2.868541,2.386),(-3.648541,2.855267,2.386),(-3.657063,2.838541,2.386),(-3.66,2.82,2.386),(-3.657063,2.801459,2.386),(-3.648541,2.784733,2.386),(-3.635267,2.771459,2.386),(-3.618541,2.762937,2.386),(-3.6,2.76,2.386),(-3.6,2.72,2.426),(-3.569098,2.724894,2.426),(-3.541221,2.739098,2.426),(-3.519098,2.761221,2.426),(-3.504894,2.789098,2.426),(-3.5,2.82,2.426),(-3.504894,2.850902,2.426),(-3.519098,2.878778,2.426),(-3.541221,2.900902,2.426),(-3.569098,2.915106,2.426),(-3.6,2.92,2.426),(-3.630902,2.915106,2.426),(-3.658778,2.900902,2.426),(-3.680902,2.878778,2.426),(-3.695106,2.850902,2.426),(-3.7,2.82,2.426),(-3.695106,2.789098,2.426),(-3.680902,2.761221,2.426),(-3.658778,2.739098,2.426),(-3.630902,2.724894,2.426),(-3.6,2.72,2.426),(-3.6,2.72,2.386),(-3.569098,2.724894,2.386),(-3.541221,2.739098,2.386),(-3.519098,2.761221,2.386),(-3.504894,2.789098,2.386),(-3.5,2.82,2.386),(-3.504894,2.850902,2.386),(-3.519098,2.878778,2.386),(-3.541221,2.900902,2.386),(-3.569098,2.915106,2.386),(-3.6,2.92,2.386),(-3.630902,2.915106,2.386),(-3.658778,2.900902,2.386),(-3.680902,2.878778,2.386),(-3.695106,2.850902,2.386),(-3.7,2.82,2.386),(-3.695106,2.789098,2.386),(-3.680902,2.761221,2.386),(-3.658778,2.739098,2.386),(-3.630902,2.724894,2.386),(-3.6,2.72,2.386),(-3.6,2.82,2.426),(-3.6,2.82,2.426),(-3.6,2.82,2.426),(-3.6,2.82,2.426),(-3.6,2.82,2.426),(-3.6,2.82,2.426),(-3.6,2.82,2.426),(-3.6,2.82,2.426),(-3.6,2.82,2.426),(-3.6,2.82,2.426),(-3.6,2.82,2.426),(-3.6,2.82,2.426),(-3.6,2.82,2.426),(-3.6,2.82,2.426),(-3.6,2.82,2.426),(-3.6,2.82,2.426),(-3.6,2.82,2.426),(-3.6,2.82,2.426),(-3.6,2.82,2.426),(-3.6,2.82,2.426),(-3.6,2.72,2.426),(-3.569098,2.724894,2.426),(-3.541221,2.739098,2.426),(-3.519098,2.761221,2.426),(-3.504894,2.789098,2.426),(-3.5,2.82,2.426),(-3.504894,2.850902,2.426),(-3.519098,2.878778,2.426),(-3.541221,2.900902,2.426),(-3.569098,2.915106,2.426),(-3.6,2.92,2.426),(-3.630902,2.915106,2.426),(-3.658778,2.900902,2.426),(-3.680902,2.878778,2.426),(-3.695106,2.850902,2.426),(-3.7,2.82,2.426),(-3.695106,2.789098,2.426),(-3.680902,2.761221,2.426),(-3.658778,2.739098,2.426),(-3.630902,2.724894,2.426),(-3.6,2.72,2.426),(-3.6,2.82,2.386),(-3.6,2.82,2.386),(-3.6,2.82,2.386),(-3.6,2.82,2.386),(-3.6,2.82,2.386),(-3.6,2.82,2.386),(-3.6,2.82,2.386),(-3.6,2.82,2.386),(-3.6,2.82,2.386),(-3.6,2.82,2.386),(-3.6,2.82,2.386),(-3.6,2.82,2.386),(-3.6,2.82,2.386),(-3.6,2.82,2.386),(-3.6,2.82,2.386),(-3.6,2.82,2.386),(-3.6,2.82,2.386),(-3.6,2.82,2.386),(-3.6,2.82,2.386),(-3.6,2.82,2.386),(-3.6,2.72,2.386),(-3.569098,2.724894,2.386),(-3.541221,2.739098,2.386),(-3.519098,2.761221,2.386),(-3.504894,2.789098,2.386),(-3.5,2.82,2.386),(-3.504894,2.850902,2.386),(-3.519098,2.878778,2.386),(-3.541221,2.900902,2.386),(-3.569098,2.915106,2.386),(-3.6,2.92,2.386),(-3.630902,2.915106,2.386),(-3.658778,2.900902,2.386),(-3.680902,2.878778,2.386),(-3.695106,2.850902,2.386),(-3.7,2.82,2.386),(-3.695106,2.789098,2.386),(-3.680902,2.761221,2.386),(-3.658778,2.739098,2.386),(-3.630902,2.724894,2.386),(-3.6,2.72,2.386)));
#432=IFCTRIANGULATEDFACESET(#431,$,$,((1,22,2),(22,23,2),(2,23,3),(23,24,3),(3,24,4),(24,25,4),(4,25,5),(25,26,5),(5,26,6),(26,27,6),(6,27,7),(27,28,7),(7,28,8),(28,29,8),(8,29,9),(29,30,9),(9,30,10),(30,31,10),(10,31,11),(31,32,11),(11,32,12),(32,33,12),(12,33,13),(33,34,13),(13,34,14),(34,35,14),(14,35,15),(35,36,15),(15,36,16),(36,37,16),(16,37,17),(37,38,17),(17,38,18),(38,39,18),(18,39,19),(39,40,19),(19,40,20),(40,41,20),(20,41,21),(41,42,21),(63,64,43),(64,65,44),(65,66,45),(66,67,46),(67,68,47),(68,69,48),(69,70,49),(70,71,50),(71,72,51),(72,73,52),(73,74,53),(74,75,54),(75,76,55),(76,77,56),(77,78,57),(78,79,58),(79,80,59),(80,81,60),(81,82,61),(82,83,62),(105,104,84),(106,105,85),(107,106,86),(108,107,87),(109,108,88),(110,109,89),(111,110,90),(112,111,91),(113,112,92),(114,113,93),(115,114,94),(116,115,95),(117,116,96),(118,117,97),(119,118,98),(120,119,99),(121,120,100),(122,121,101),(123,122,102),(124,123,103),(125,146,126),(146,147,126),(126,147,127),(147,148,127),(127,148,128),(148,149,128),(128,149,129),(149,150,129),(129,150,130),(150,151,130),(130,151,131),(151,152,131),(131,152,132),(152,153,132),(132,153,133),(153,154,133),(133,154,134),(154,155,134),(134,155,135),(155,156,135),(135,156,136),(156,157,136),(136,157,137),(157,158,137),(137,158,138),(158,159,138),(138,159,139),(159,160,139),(139,160,140),(160,161,140),(140,161,141),(161,162,141),(141,162,142),(162,163,142),(142,163,143),(163,164,143),(143,164,144),(164,165,144),(144,165,145),(165,166,145),(187,188,167),(188,189,168),(189,190,169),(190,191,170),(191,192,171),(192,193,172),(193,194,173),(194,195,174),(195,196,175),(196,197,176),(197,198,177),(198,199,178),(199,200,179),(200,201,180),(201,202,181),(202,203,182),(203,204,183),(204,205,184),(205,206,185),(206,207,186),(229,228,208),(230,229,209),(231,230,210),(232,231,211),(233,232,212),(234,233,213),(235,234,214),(236,235,215),(237,236,216),(238,237,217),(239,238,218),(240,239,219),(241,240,220),(242,241,221),(243,242,222),(244,243,223),(245,244,224),(246,245,225),(247,246,226),(248,247,227),(249,270,250),(270,271,250),(250,271,251),(271,272,251),(251,272,252),(272,273,252),(252,273,253),(273,274,253),(253,274,254),(274,275,254),(254,275,255),(275,276,255),(255,276,256),(276,277,256),(256,277,257),(277,278,257),(257,278,258),(278,279,258),(258,279,259),(279,280,259),(259,280,260),(280,281,260),(260,281,261),(281,282,261),(261,282,262),(282,283,262),(262,283,263),(283,284,263),(263,284,264),(284,285,264),(264,285,265),(285,286,265),(265,286,266),(286,287,266),(266,287,267),(287,288,267),(267,288,268),(288,289,268),(268,289,269),(289,290,269),(311,312,291),(312,313,292),(313,314,293),(314,315,294),(315,316,295),(316,317,296),(317,318,297),(318,319,298),(319,320,299),(320,321,300),(321,322,301),(322,323,302),(323,324,303),(324,325,304),(325,326,305),(326,327,306),(327,328,307),(328,329,308),(329,330,309),(330,331,310),(353,352,332),(354,353,333),(355,354,334),(356,355,335),(357,356,336),(358,357,337),(359,358,338),(360,359,339),(361,360,340),(362,361,341),(363,362,342),(364,363,343),(365,364,344),(366,365,345),(367,366,346),(368,367,347),(369,368,348),(370,369,349),(371,370,350),(372,371,351),(373,394,374),(394,395,374),(374,395,375),(395,396,375),(375,396,376),(396,397,376),(376,397,377),(397,398,377),(377,398,378),(398,399,378),(378,399,379),(399,400,379),(379,400,380),(400,401,380),(380,401,381),(401,402,381),(381,402,382),(402,403,382),(382,403,383),(403,404,383),(383,404,384),(404,405,384),(384,405,385),(405,406,385),(385,406,386),(406,407,386),(386,407,387),(407,408,387),(387,408,388),(408,409,388),(388,409,389),(409,410,389),(389,410,390),(410,411,390),(390,411,391),(411,412,391),(391,412,392),(412,413,392),(392,413,393),(413,414,393),(435,436,415),(436,437,416),(437,438,417),(438,439,418),(439,440,419),(440,441,420),(441,442,421),(442,443,422),(443,444,423),(444,445,424),(445,446,425),(446,447,426),(447,448,427),(448,449,428),(449,450,429),(450,451,430),(451,452,431),(452,453,432),(453,454,433),(454,455,434),(477,476,456),(478,477,457),(479,478,458),(480,479,459),(481,480,460),(482,481,461),(483,482,462),(484,483,463),(485,484,464),(486,485,465),(487,486,466),(488,487,467),(489,488,468),(490,489,469),(491,490,470),(492,491,471),(493,492,472),(494,493,473),(495,494,474),(496,495,475),(497,518,498),(518,519,498),(498,519,499),(519,520,499),(499,520,500),(520,521,500),(500,521,501),(521,522,501),(501,522,502),(522,523,502),(502,523,503),(523,524,503),(503,524,504),(524,525,504),(504,525,505),(525,526,505),(505,526,506),(526,527,506),(506,527,507),(527,528,507),(507,528,508),(528,529,508),(508,529,509),(529,530,509),(509,530,510),(530,531,510),(510,531,511),(531,532,511),(511,532,512),(532,533,512),(512,533,513),(533,534,513),(513,534,514),(534,535,514),(514,535,515),(535,536,515),(515,536,516),(536,537,516),(516,537,517),(537,538,517),(559,560,539),(560,561,540),(561,562,541),(562,563,542),(563,564,543),(564,565,544),(565,566,545),(566,567,546),(567,568,547),(568,569,548),(569,570,549),(570,571,550),(571,572,551),(572,573,552),(573,574,553),(574,575,554),(575,576,555),(576,577,556),(577,578,557),(578,579,558),(601,600,580),(602,601,581),(603,602,582),(604,603,583),(605,604,584),(606,605,585),(607,606,586),(608,607,587),(609,608,588),(610,609,589),(611,610,590),(612,611,591),(613,612,592),(614,613,593),(615,614,594),(616,615,595),(617,616,596),(618,617,597),(619,618,598),(620,619,599),(621,642,622),(642,643,622),(622,643,623),(643,644,623),(623,644,624),(644,645,624),(624,645,625),(645,646,625),(625,646,626),(646,647,626),(626,647,627),(647,648,627),(627,648,628),(648,649,628),(628,649,629),(649,650,629),(629,650,630),(650,651,630),(630,651,631),(651,652,631),(631,652,632),(652,653,632),(632,653,633),(653,654,633),(633,654,634),(654,655,634),(634,655,635),(655,656,635),(635,656,636),(656,657,636),(636,657,637),(657,658,637),(637,658,638),(658,659,638),(638,659,639),(659,660,639),(639,660,640),(660,661,640),(640,661,641),(661,662,641),(683,684,663),(684,685,664),(685,686,665),(686,687,666),(687,688,667),(688,689,668),(689,690,669),(690,691,670),(691,692,671),(692,693,672),(693,694,673),(694,695,674),(695,696,675),(696,697,676),(697,698,677),(698,699,678),(699,700,679),(700,701,680),(701,702,681),(702,703,682),(725,724,704),(726,725,705),(727,726,706),(728,727,707),(729,728,708),(730,729,709),(731,730,710),(732,731,711),(733,732,712),(734,733,713),(735,734,714),(736,735,715),(737,736,716),(738,737,717),(739,738,718),(740,739,719),(741,740,720),(742,741,721),(743,742,722),(744,743,723),(745,766,746),(766,767,746),(746,767,747),(767,768,747),(747,768,748),(768,769,748),(748,769,749),(769,770,749),(749,770,750),(770,771,750),(750,771,751),(771,772,751),(751,772,752),(772,773,752),(752,773,753),(773,774,753),(753,774,754),(774,775,754),(754,775,755),(775,776,755),(755,776,756),(776,777,756),(756,777,757),(777,778,757),(757,778,758),(778,779,758),(758,779,759),(779,780,759),(759,780,760),(780,781,760),(760,781,761),(781,782,761),(761,782,762),(782,783,762),(762,783,763),(783,784,763),(763,784,764),(784,785,764),(764,785,765),(785,786,765),(807,808,787),(808,809,788),(809,810,789),(810,811,790),(811,812,791),(812,813,792),(813,814,793),(814,815,794),(815,816,795),(816,817,796),(817,818,797),(818,819,798),(819,820,799),(820,821,800),(821,822,801),(822,823,802),(823,824,803),(824,825,804),(825,826,805),(826,827,806),(849,848,828),(850,849,829),(851,850,830),(852,851,831),(853,852,832),(854,853,833),(855,854,834),(856,855,835),(857,856,836),(858,857,837),(859,858,838),(860,859,839),(861,860,840),(862,861,841),(863,862,842),(864,863,843),(865,864,844),(866,865,845),(867,866,846),(868,867,847),(869,890,870),(890,891,870),(870,891,871),(891,892,871),(871,892,872),(892,893,872),(872,893,873),(893,894,873),(873,894,874),(894,895,874),(874,895,875),(895,896,875),(875,896,876),(896,897,876),(876,897,877),(897,898,877),(877,898,878),(898,899,878),(878,899,879),(899,900,879),(879,900,880),(900,901,880),(880,901,881),(901,902,881),(881,902,882),(902,903,882),(882,903,883),(903,904,883),(883,904,884),(904,905,884),(884,905,885),(905,906,885),(885,906,886),(906,907,886),(886,907,887),(907,908,887),(887,908,888),(908,909,888),(888,909,889),(909,910,889),(931,932,911),(932,933,912),(933,934,913),(934,935,914),(935,936,915),(936,937,916),(937,938,917),(938,939,918),(939,940,919),(940,941,920),(941,942,921),(942,943,922),(943,944,923),(944,945,924),(945,946,925),(946,947,926),(947,948,927),(948,949,928),(949,950,929),(950,951,930),(973,972,952),(974,973,953),(975,974,954),(976,975,955),(977,976,956),(978,977,957),(979,978,958),(980,979,959),(981,980,960),(982,981,961),(983,982,962),(984,983,963),(985,984,964),(986,985,965),(987,986,966),(988,987,967),(989,988,968),(990,989,969),(991,990,970),(992,991,971)),$);
#433=IFCSTYLEDITEM(#432,(#166),'service_entrance_conduits');
#434=IFCSHAPEREPRESENTATION(#11,'Body','Tessellation',(#432));
#435=IFCPRODUCTDEFINITIONSHAPE($,$,(#434));
#436=IFCLOCALPLACEMENT(#25,#9);
#437=IFCCABLECARRIERSEGMENT('3HVl3xGE0V9JvBhdn8gjZQ',#5,'Service entrance conduits - 4 x 5 in','Utility service enters overhead through the deck into the CT / metering section',$,#436,#435,'SERVICE',.CONDUITSEGMENT.);
#438=IFCCARTESIANPOINTLIST3D(((-2.6795,2.34,3.1155),(-2.6795,2.93,3.1155),(-2.6795,2.34,3.0745),(-2.6795,2.93,3.0745),(-2.7205,2.93,3.1155),(-2.7205,2.34,3.1155),(-2.7205,2.93,3.0745),(-2.7205,2.34,3.0745),(-2.7205,2.93,3.1155),(-2.6795,2.93,3.1155),(-2.7205,2.34,3.1155),(-2.6795,2.34,3.1155),(-2.7205,2.34,3.0745),(-2.6795,2.34,3.0745),(-2.7205,2.93,3.0745),(-2.6795,2.93,3.0745),(-2.7205,2.34,3.1155),(-2.6795,2.34,3.1155),(-2.7205,2.34,3.0745),(-2.6795,2.34,3.0745),(-2.6795,2.93,3.1155),(-2.7205,2.93,3.1155),(-2.6795,2.93,3.0745),(-2.7205,2.93,3.0745),(-2.7,2.894,3.62),(-2.695757,2.895757,3.62),(-2.694,2.9,3.62),(-2.695757,2.904243,3.62),(-2.7,2.906,3.62),(-2.704243,2.904243,3.62),(-2.706,2.9,3.62),(-2.704243,2.895757,3.62),(-2.7,2.894,3.62),(-2.7,2.894,3.095),(-2.695757,2.895757,3.095),(-2.694,2.9,3.095),(-2.695757,2.904243,3.095),(-2.7,2.906,3.095),(-2.704243,2.904243,3.095),(-2.706,2.9,3.095),(-2.704243,2.895757,3.095),(-2.7,2.894,3.095),(-2.7,2.9,3.62),(-2.7,2.9,3.62),(-2.7,2.9,3.62),(-2.7,2.9,3.62),(-2.7,2.9,3.62),(-2.7,2.9,3.62),(-2.7,2.9,3.62),(-2.7,2.9,3.62),(-2.7,2.894,3.62),(-2.695757,2.895757,3.62),(-2.694,2.9,3.62),(-2.695757,2.904243,3.62),(-2.7,2.906,3.62),(-2.704243,2.904243,3.62),(-2.706,2.9,3.62),(-2.704243,2.895757,3.62),(-2.7,2.894,3.62),(-2.7,2.9,3.095),(-2.7,2.9,3.095),(-2.7,2.9,3.095),(-2.7,2.9,3.095),(-2.7,2.9,3.095),(-2.7,2.9,3.095),(-2.7,2.9,3.095),(-2.7,2.9,3.095),(-2.7,2.894,3.095),(-2.695757,2.895757,3.095),(-2.694,2.9,3.095),(-2.695757,2.904243,3.095),(-2.7,2.906,3.095),(-2.704243,2.904243,3.095),(-2.706,2.9,3.095),(-2.704243,2.895757,3.095),(-2.7,2.894,3.095),(-2.67,2.87,3.64),(-2.67,2.93,3.64),(-2.67,2.87,3.62),(-2.67,2.93,3.62),(-2.73,2.93,3.64),(-2.73,2.87,3.64),(-2.73,2.93,3.62),(-2.73,2.87,3.62),(-2.73,2.93,3.64),(-2.67,2.93,3.64),(-2.73,2.87,3.64),(-2.67,2.87,3.64),(-2.73,2.87,3.62),(-2.67,2.87,3.62),(-2.73,2.93,3.62),(-2.67,2.93,3.62),(-2.73,2.87,3.64),(-2.67,2.87,3.64),(-2.73,2.87,3.62),(-2.67,2.87,3.62),(-2.67,2.93,3.64),(-2.73,2.93,3.64),(-2.67,2.93,3.62),(-2.73,2.93,3.62),(-2.7,2.364,3.62),(-2.695757,2.365757,3.62),(-2.694,2.37,3.62),(-2.695757,2.374243,3.62),(-2.7,2.376,3.62),(-2.704243,2.374243,3.62),(-2.706,2.37,3.62),(-2.704243,2.365757,3.62),(-2.7,2.364,3.62),(-2.7,2.364,3.095),(-2.695757,2.365757,3.095),(-2.694,2.37,3.095),(-2.695757,2.374243,3.095),(-2.7,2.376,3.095),(-2.704243,2.374243,3.095),(-2.706,2.37,3.095),(-2.704243,2.365757,3.095),(-2.7,2.364,3.095),(-2.7,2.37,3.62),(-2.7,2.37,3.62),(-2.7,2.37,3.62),(-2.7,2.37,3.62),(-2.7,2.37,3.62),(-2.7,2.37,3.62),(-2.7,2.37,3.62),(-2.7,2.37,3.62),(-2.7,2.364,3.62),(-2.695757,2.365757,3.62),(-2.694,2.37,3.62),(-2.695757,2.374243,3.62),(-2.7,2.376,3.62),(-2.704243,2.374243,3.62),(-2.706,2.37,3.62),(-2.704243,2.365757,3.62),(-2.7,2.364,3.62),(-2.7,2.37,3.095),(-2.7,2.37,3.095),(-2.7,2.37,3.095),(-2.7,2.37,3.095),(-2.7,2.37,3.095),(-2.7,2.37,3.095),(-2.7,2.37,3.095),(-2.7,2.37,3.095),(-2.7,2.364,3.095),(-2.695757,2.365757,3.095),(-2.694,2.37,3.095),(-2.695757,2.374243,3.095),(-2.7,2.376,3.095),(-2.704243,2.374243,3.095),(-2.706,2.37,3.095),(-2.704243,2.365757,3.095),(-2.7,2.364,3.095),(-2.67,2.34,3.64),(-2.67,2.4,3.64),(-2.67,2.34,3.62),(-2.67,2.4,3.62),(-2.73,2.4,3.64),(-2.73,2.34,3.64),(-2.73,2.4,3.62),(-2.73,2.34,3.62),(-2.73,2.4,3.64),(-2.67,2.4,3.64),(-2.73,2.34,3.64),(-2.67,2.34,3.64),(-2.73,2.34,3.62),(-2.67,2.34,3.62),(-2.73,2.4,3.62),(-2.67,2.4,3.62),(-2.73,2.34,3.64),(-2.67,2.34,3.64),(-2.73,2.34,3.62),(-2.67,2.34,3.62),(-2.67,2.4,3.64),(-2.73,2.4,3.64),(-2.67,2.4,3.62),(-2.73,2.4,3.62)));
#439=IFCTRIANGULATEDFACESET(#438,$,$,((1,3,2),(3,4,2),(5,7,6),(7,8,6),(9,11,10),(11,12,10),(13,15,14),(15,16,14),(17,19,18),(19,20,18),(21,23,22),(23,24,22),(25,34,26),(34,35,26),(26,35,27),(35,36,27),(27,36,28),(36,37,28),(28,37,29),(37,38,29),(29,38,30),(38,39,30),(30,39,31),(39,40,31),(31,40,32),(40,41,32),(32,41,33),(41,42,33),(51,52,43),(52,53,44),(53,54,45),(54,55,46),(55,56,47),(56,57,48),(57,58,49),(58,59,50),(69,68,60),(70,69,61),(71,70,62),(72,71,63),(73,72,64),(74,73,65),(75,74,66),(76,75,67),(77,79,78),(79,80,78),(81,83,82),(83,84,82),(85,87,86),(87,88,86),(89,91,90),(91,92,90),(93,95,94),(95,96,94),(97,99,98),(99,100,98),(101,110,102),(110,111,102),(102,111,103),(111,112,103),(103,112,104),(112,113,104),(104,113,105),(113,114,105),(105,114,106),(114,115,106),(106,115,107),(115,116,107),(107,116,108),(116,117,108),(108,117,109),(117,118,109),(127,128,119),(128,129,120),(129,130,121),(130,131,122),(131,132,123),(132,133,124),(133,134,125),(134,135,126),(145,144,136),(146,145,137),(147,146,138),(148,147,139),(149,148,140),(150,149,141),(151,150,142),(152,151,143),(153,155,154),(155,156,154),(157,159,158),(159,160,158),(161,163,162),(163,164,162),(165,167,166),(167,168,166),(169,171,170),(171,172,170),(173,175,174),(175,176,174)),$);
#440=IFCSTYLEDITEM(#439,(#166),'trapeze_hanger_01');
#441=IFCCARTESIANPOINTLIST3D(((-3.4795,2.34,3.1155),(-3.4795,2.93,3.1155),(-3.4795,2.34,3.0745),(-3.4795,2.93,3.0745),(-3.5205,2.93,3.1155),(-3.5205,2.34,3.1155),(-3.5205,2.93,3.0745),(-3.5205,2.34,3.0745),(-3.5205,2.93,3.1155),(-3.4795,2.93,3.1155),(-3.5205,2.34,3.1155),(-3.4795,2.34,3.1155),(-3.5205,2.34,3.0745),(-3.4795,2.34,3.0745),(-3.5205,2.93,3.0745),(-3.4795,2.93,3.0745),(-3.5205,2.34,3.1155),(-3.4795,2.34,3.1155),(-3.5205,2.34,3.0745),(-3.4795,2.34,3.0745),(-3.4795,2.93,3.1155),(-3.5205,2.93,3.1155),(-3.4795,2.93,3.0745),(-3.5205,2.93,3.0745),(-3.5,2.894,3.62),(-3.495757,2.895757,3.62),(-3.494,2.9,3.62),(-3.495757,2.904243,3.62),(-3.5,2.906,3.62),(-3.504243,2.904243,3.62),(-3.506,2.9,3.62),(-3.504243,2.895757,3.62),(-3.5,2.894,3.62),(-3.5,2.894,3.095),(-3.495757,2.895757,3.095),(-3.494,2.9,3.095),(-3.495757,2.904243,3.095),(-3.5,2.906,3.095),(-3.504243,2.904243,3.095),(-3.506,2.9,3.095),(-3.504243,2.895757,3.095),(-3.5,2.894,3.095),(-3.5,2.9,3.62),(-3.5,2.9,3.62),(-3.5,2.9,3.62),(-3.5,2.9,3.62),(-3.5,2.9,3.62),(-3.5,2.9,3.62),(-3.5,2.9,3.62),(-3.5,2.9,3.62),(-3.5,2.894,3.62),(-3.495757,2.895757,3.62),(-3.494,2.9,3.62),(-3.495757,2.904243,3.62),(-3.5,2.906,3.62),(-3.504243,2.904243,3.62),(-3.506,2.9,3.62),(-3.504243,2.895757,3.62),(-3.5,2.894,3.62),(-3.5,2.9,3.095),(-3.5,2.9,3.095),(-3.5,2.9,3.095),(-3.5,2.9,3.095),(-3.5,2.9,3.095),(-3.5,2.9,3.095),(-3.5,2.9,3.095),(-3.5,2.9,3.095),(-3.5,2.894,3.095),(-3.495757,2.895757,3.095),(-3.494,2.9,3.095),(-3.495757,2.904243,3.095),(-3.5,2.906,3.095),(-3.504243,2.904243,3.095),(-3.506,2.9,3.095),(-3.504243,2.895757,3.095),(-3.5,2.894,3.095),(-3.47,2.87,3.64),(-3.47,2.93,3.64),(-3.47,2.87,3.62),(-3.47,2.93,3.62),(-3.53,2.93,3.64),(-3.53,2.87,3.64),(-3.53,2.93,3.62),(-3.53,2.87,3.62),(-3.53,2.93,3.64),(-3.47,2.93,3.64),(-3.53,2.87,3.64),(-3.47,2.87,3.64),(-3.53,2.87,3.62),(-3.47,2.87,3.62),(-3.53,2.93,3.62),(-3.47,2.93,3.62),(-3.53,2.87,3.64),(-3.47,2.87,3.64),(-3.53,2.87,3.62),(-3.47,2.87,3.62),(-3.47,2.93,3.64),(-3.53,2.93,3.64),(-3.47,2.93,3.62),(-3.53,2.93,3.62),(-3.5,2.364,3.62),(-3.495757,2.365757,3.62),(-3.494,2.37,3.62),(-3.495757,2.374243,3.62),(-3.5,2.376,3.62),(-3.504243,2.374243,3.62),(-3.506,2.37,3.62),(-3.504243,2.365757,3.62),(-3.5,2.364,3.62),(-3.5,2.364,3.095),(-3.495757,2.365757,3.095),(-3.494,2.37,3.095),(-3.495757,2.374243,3.095),(-3.5,2.376,3.095),(-3.504243,2.374243,3.095),(-3.506,2.37,3.095),(-3.504243,2.365757,3.095),(-3.5,2.364,3.095),(-3.5,2.37,3.62),(-3.5,2.37,3.62),(-3.5,2.37,3.62),(-3.5,2.37,3.62),(-3.5,2.37,3.62),(-3.5,2.37,3.62),(-3.5,2.37,3.62),(-3.5,2.37,3.62),(-3.5,2.364,3.62),(-3.495757,2.365757,3.62),(-3.494,2.37,3.62),(-3.495757,2.374243,3.62),(-3.5,2.376,3.62),(-3.504243,2.374243,3.62),(-3.506,2.37,3.62),(-3.504243,2.365757,3.62),(-3.5,2.364,3.62),(-3.5,2.37,3.095),(-3.5,2.37,3.095),(-3.5,2.37,3.095),(-3.5,2.37,3.095),(-3.5,2.37,3.095),(-3.5,2.37,3.095),(-3.5,2.37,3.095),(-3.5,2.37,3.095),(-3.5,2.364,3.095),(-3.495757,2.365757,3.095),(-3.494,2.37,3.095),(-3.495757,2.374243,3.095),(-3.5,2.376,3.095),(-3.504243,2.374243,3.095),(-3.506,2.37,3.095),(-3.504243,2.365757,3.095),(-3.5,2.364,3.095),(-3.47,2.34,3.64),(-3.47,2.4,3.64),(-3.47,2.34,3.62),(-3.47,2.4,3.62),(-3.53,2.4,3.64),(-3.53,2.34,3.64),(-3.53,2.4,3.62),(-3.53,2.34,3.62),(-3.53,2.4,3.64),(-3.47,2.4,3.64),(-3.53,2.34,3.64),(-3.47,2.34,3.64),(-3.53,2.34,3.62),(-3.47,2.34,3.62),(-3.53,2.4,3.62),(-3.47,2.4,3.62),(-3.53,2.34,3.64),(-3.47,2.34,3.64),(-3.53,2.34,3.62),(-3.47,2.34,3.62),(-3.47,2.4,3.64),(-3.53,2.4,3.64),(-3.47,2.4,3.62),(-3.53,2.4,3.62)));
#442=IFCTRIANGULATEDFACESET(#441,$,$,((1,3,2),(3,4,2),(5,7,6),(7,8,6),(9,11,10),(11,12,10),(13,15,14),(15,16,14),(17,19,18),(19,20,18),(21,23,22),(23,24,22),(25,34,26),(34,35,26),(26,35,27),(35,36,27),(27,36,28),(36,37,28),(28,37,29),(37,38,29),(29,38,30),(38,39,30),(30,39,31),(39,40,31),(31,40,32),(40,41,32),(32,41,33),(41,42,33),(51,52,43),(52,53,44),(53,54,45),(54,55,46),(55,56,47),(56,57,48),(57,58,49),(58,59,50),(69,68,60),(70,69,61),(71,70,62),(72,71,63),(73,72,64),(74,73,65),(75,74,66),(76,75,67),(77,79,78),(79,80,78),(81,83,82),(83,84,82),(85,87,86),(87,88,86),(89,91,90),(91,92,90),(93,95,94),(95,96,94),(97,99,98),(99,100,98),(101,110,102),(110,111,102),(102,111,103),(111,112,103),(103,112,104),(112,113,104),(104,113,105),(113,114,105),(105,114,106),(114,115,106),(106,115,107),(115,116,107),(107,116,108),(116,117,108),(108,117,109),(117,118,109),(127,128,119),(128,129,120),(129,130,121),(130,131,122),(131,132,123),(132,133,124),(133,134,125),(134,135,126),(145,144,136),(146,145,137),(147,146,138),(148,147,139),(149,148,140),(150,149,141),(151,150,142),(152,151,143),(153,155,154),(155,156,154),(157,159,158),(159,160,158),(161,163,162),(163,164,162),(165,167,166),(167,168,166),(169,171,170),(171,172,170),(173,175,174),(175,176,174)),$);
#443=IFCSTYLEDITEM(#442,(#166),'trapeze_hanger_02');
#444=IFCCARTESIANPOINTLIST3D(((-3.52,2.0795,3.1155),(-3.52,2.1205,3.1155),(-3.52,2.0795,3.0745),(-3.52,2.1205,3.0745),(-4.13,2.1205,3.1155),(-4.13,2.0795,3.1155),(-4.13,2.1205,3.0745),(-4.13,2.0795,3.0745),(-4.13,2.1205,3.1155),(-3.52,2.1205,3.1155),(-4.13,2.0795,3.1155),(-3.52,2.0795,3.1155),(-4.13,2.0795,3.0745),(-3.52,2.0795,3.0745),(-4.13,2.1205,3.0745),(-3.52,2.1205,3.0745),(-4.13,2.0795,3.1155),(-3.52,2.0795,3.1155),(-4.13,2.0795,3.0745),(-3.52,2.0795,3.0745),(-3.52,2.1205,3.1155),(-4.13,2.1205,3.1155),(-3.52,2.1205,3.0745),(-4.13,2.1205,3.0745),(-4.1,2.094,3.62),(-4.095757,2.095757,3.62),(-4.094,2.1,3.62),(-4.095757,2.104243,3.62),(-4.1,2.106,3.62),(-4.104243,2.104243,3.62),(-4.106,2.1,3.62),(-4.104243,2.095757,3.62),(-4.1,2.094,3.62),(-4.1,2.094,3.095),(-4.095757,2.095757,3.095),(-4.094,2.1,3.095),(-4.095757,2.104243,3.095),(-4.1,2.106,3.095),(-4.104243,2.104243,3.095),(-4.106,2.1,3.095),(-4.104243,2.095757,3.095),(-4.1,2.094,3.095),(-4.1,2.1,3.62),(-4.1,2.1,3.62),(-4.1,2.1,3.62),(-4.1,2.1,3.62),(-4.1,2.1,3.62),(-4.1,2.1,3.62),(-4.1,2.1,3.62),(-4.1,2.1,3.62),(-4.1,2.094,3.62),(-4.095757,2.095757,3.62),(-4.094,2.1,3.62),(-4.095757,2.104243,3.62),(-4.1,2.106,3.62),(-4.104243,2.104243,3.62),(-4.106,2.1,3.62),(-4.104243,2.095757,3.62),(-4.1,2.094,3.62),(-4.1,2.1,3.095),(-4.1,2.1,3.095),(-4.1,2.1,3.095),(-4.1,2.1,3.095),(-4.1,2.1,3.095),(-4.1,2.1,3.095),(-4.1,2.1,3.095),(-4.1,2.1,3.095),(-4.1,2.094,3.095),(-4.095757,2.095757,3.095),(-4.094,2.1,3.095),(-4.095757,2.104243,3.095),(-4.1,2.106,3.095),(-4.104243,2.104243,3.095),(-4.106,2.1,3.095),(-4.104243,2.095757,3.095),(-4.1,2.094,3.095),(-4.07,2.07,3.64),(-4.07,2.13,3.64),(-4.07,2.07,3.62),(-4.07,2.13,3.62),(-4.13,2.13,3.64),(-4.13,2.07,3.64),(-4.13,2.13,3.62),(-4.13,2.07,3.62),(-4.13,2.13,3.64),(-4.07,2.13,3.64),(-4.13,2.07,3.64),(-4.07,2.07,3.64),(-4.13,2.07,3.62),(-4.07,2.07,3.62),(-4.13,2.13,3.62),(-4.07,2.13,3.62),(-4.13,2.07,3.64),(-4.07,2.07,3.64),(-4.13,2.07,3.62),(-4.07,2.07,3.62),(-4.07,2.13,3.64),(-4.13,2.13,3.64),(-4.07,2.13,3.62),(-4.13,2.13,3.62),(-3.55,2.094,3.62),(-3.545757,2.095757,3.62),(-3.544,2.1,3.62),(-3.545757,2.104243,3.62),(-3.55,2.106,3.62),(-3.554243,2.104243,3.62),(-3.556,2.1,3.62),(-3.554243,2.095757,3.62),(-3.55,2.094,3.62),(-3.55,2.094,3.095),(-3.545757,2.095757,3.095),(-3.544,2.1,3.095),(-3.545757,2.104243,3.095),(-3.55,2.106,3.095),(-3.554243,2.104243,3.095),(-3.556,2.1,3.095),(-3.554243,2.095757,3.095),(-3.55,2.094,3.095),(-3.55,2.1,3.62),(-3.55,2.1,3.62),(-3.55,2.1,3.62),(-3.55,2.1,3.62),(-3.55,2.1,3.62),(-3.55,2.1,3.62),(-3.55,2.1,3.62),(-3.55,2.1,3.62),(-3.55,2.094,3.62),(-3.545757,2.095757,3.62),(-3.544,2.1,3.62),(-3.545757,2.104243,3.62),(-3.55,2.106,3.62),(-3.554243,2.104243,3.62),(-3.556,2.1,3.62),(-3.554243,2.095757,3.62),(-3.55,2.094,3.62),(-3.55,2.1,3.095),(-3.55,2.1,3.095),(-3.55,2.1,3.095),(-3.55,2.1,3.095),(-3.55,2.1,3.095),(-3.55,2.1,3.095),(-3.55,2.1,3.095),(-3.55,2.1,3.095),(-3.55,2.094,3.095),(-3.545757,2.095757,3.095),(-3.544,2.1,3.095),(-3.545757,2.104243,3.095),(-3.55,2.106,3.095),(-3.554243,2.104243,3.095),(-3.556,2.1,3.095),(-3.554243,2.095757,3.095),(-3.55,2.094,3.095),(-3.52,2.07,3.64),(-3.52,2.13,3.64),(-3.52,2.07,3.62),(-3.52,2.13,3.62),(-3.58,2.13,3.64),(-3.58,2.07,3.64),(-3.58,2.13,3.62),(-3.58,2.07,3.62),(-3.58,2.13,3.64),(-3.52,2.13,3.64),(-3.58,2.07,3.64),(-3.52,2.07,3.64),(-3.58,2.07,3.62),(-3.52,2.07,3.62),(-3.58,2.13,3.62),(-3.52,2.13,3.62),(-3.58,2.07,3.64),(-3.52,2.07,3.64),(-3.58,2.07,3.62),(-3.52,2.07,3.62),(-3.52,2.13,3.64),(-3.58,2.13,3.64),(-3.52,2.13,3.62),(-3.58,2.13,3.62)));
#445=IFCTRIANGULATEDFACESET(#444,$,$,((1,3,2),(3,4,2),(5,7,6),(7,8,6),(9,11,10),(11,12,10),(13,15,14),(15,16,14),(17,19,18),(19,20,18),(21,23,22),(23,24,22),(25,34,26),(34,35,26),(26,35,27),(35,36,27),(27,36,28),(36,37,28),(28,37,29),(37,38,29),(29,38,30),(38,39,30),(30,39,31),(39,40,31),(31,40,32),(40,41,32),(32,41,33),(41,42,33),(51,52,43),(52,53,44),(53,54,45),(54,55,46),(55,56,47),(56,57,48),(57,58,49),(58,59,50),(69,68,60),(70,69,61),(71,70,62),(72,71,63),(73,72,64),(74,73,65),(75,74,66),(76,75,67),(77,79,78),(79,80,78),(81,83,82),(83,84,82),(85,87,86),(87,88,86),(89,91,90),(91,92,90),(93,95,94),(95,96,94),(97,99,98),(99,100,98),(101,110,102),(110,111,102),(102,111,103),(111,112,103),(103,112,104),(112,113,104),(104,113,105),(113,114,105),(105,114,106),(114,115,106),(106,115,107),(115,116,107),(107,116,108),(116,117,108),(108,117,109),(117,118,109),(127,128,119),(128,129,120),(129,130,121),(130,131,122),(131,132,123),(132,133,124),(133,134,125),(134,135,126),(145,144,136),(146,145,137),(147,146,138),(148,147,139),(149,148,140),(150,149,141),(151,150,142),(152,151,143),(153,155,154),(155,156,154),(157,159,158),(159,160,158),(161,163,162),(163,164,162),(165,167,166),(167,168,166),(169,171,170),(171,172,170),(173,175,174),(175,176,174)),$);
#446=IFCSTYLEDITEM(#445,(#166),'trapeze_hanger_03');
#447=IFCCARTESIANPOINTLIST3D(((-3.52,1.0795,3.1155),(-3.52,1.1205,3.1155),(-3.52,1.0795,3.0745),(-3.52,1.1205,3.0745),(-4.13,1.1205,3.1155),(-4.13,1.0795,3.1155),(-4.13,1.1205,3.0745),(-4.13,1.0795,3.0745),(-4.13,1.1205,3.1155),(-3.52,1.1205,3.1155),(-4.13,1.0795,3.1155),(-3.52,1.0795,3.1155),(-4.13,1.0795,3.0745),(-3.52,1.0795,3.0745),(-4.13,1.1205,3.0745),(-3.52,1.1205,3.0745),(-4.13,1.0795,3.1155),(-3.52,1.0795,3.1155),(-4.13,1.0795,3.0745),(-3.52,1.0795,3.0745),(-3.52,1.1205,3.1155),(-4.13,1.1205,3.1155),(-3.52,1.1205,3.0745),(-4.13,1.1205,3.0745),(-4.1,1.094,3.62),(-4.095757,1.095757,3.62),(-4.094,1.1,3.62),(-4.095757,1.104243,3.62),(-4.1,1.106,3.62),(-4.104243,1.104243,3.62),(-4.106,1.1,3.62),(-4.104243,1.095757,3.62),(-4.1,1.094,3.62),(-4.1,1.094,3.095),(-4.095757,1.095757,3.095),(-4.094,1.1,3.095),(-4.095757,1.104243,3.095),(-4.1,1.106,3.095),(-4.104243,1.104243,3.095),(-4.106,1.1,3.095),(-4.104243,1.095757,3.095),(-4.1,1.094,3.095),(-4.1,1.1,3.62),(-4.1,1.1,3.62),(-4.1,1.1,3.62),(-4.1,1.1,3.62),(-4.1,1.1,3.62),(-4.1,1.1,3.62),(-4.1,1.1,3.62),(-4.1,1.1,3.62),(-4.1,1.094,3.62),(-4.095757,1.095757,3.62),(-4.094,1.1,3.62),(-4.095757,1.104243,3.62),(-4.1,1.106,3.62),(-4.104243,1.104243,3.62),(-4.106,1.1,3.62),(-4.104243,1.095757,3.62),(-4.1,1.094,3.62),(-4.1,1.1,3.095),(-4.1,1.1,3.095),(-4.1,1.1,3.095),(-4.1,1.1,3.095),(-4.1,1.1,3.095),(-4.1,1.1,3.095),(-4.1,1.1,3.095),(-4.1,1.1,3.095),(-4.1,1.094,3.095),(-4.095757,1.095757,3.095),(-4.094,1.1,3.095),(-4.095757,1.104243,3.095),(-4.1,1.106,3.095),(-4.104243,1.104243,3.095),(-4.106,1.1,3.095),(-4.104243,1.095757,3.095),(-4.1,1.094,3.095),(-4.07,1.07,3.64),(-4.07,1.13,3.64),(-4.07,1.07,3.62),(-4.07,1.13,3.62),(-4.13,1.13,3.64),(-4.13,1.07,3.64),(-4.13,1.13,3.62),(-4.13,1.07,3.62),(-4.13,1.13,3.64),(-4.07,1.13,3.64),(-4.13,1.07,3.64),(-4.07,1.07,3.64),(-4.13,1.07,3.62),(-4.07,1.07,3.62),(-4.13,1.13,3.62),(-4.07,1.13,3.62),(-4.13,1.07,3.64),(-4.07,1.07,3.64),(-4.13,1.07,3.62),(-4.07,1.07,3.62),(-4.07,1.13,3.64),(-4.13,1.13,3.64),(-4.07,1.13,3.62),(-4.13,1.13,3.62),(-3.55,1.094,3.62),(-3.545757,1.095757,3.62),(-3.544,1.1,3.62),(-3.545757,1.104243,3.62),(-3.55,1.106,3.62),(-3.554243,1.104243,3.62),(-3.556,1.1,3.62),(-3.554243,1.095757,3.62),(-3.55,1.094,3.62),(-3.55,1.094,3.095),(-3.545757,1.095757,3.095),(-3.544,1.1,3.095),(-3.545757,1.104243,3.095),(-3.55,1.106,3.095),(-3.554243,1.104243,3.095),(-3.556,1.1,3.095),(-3.554243,1.095757,3.095),(-3.55,1.094,3.095),(-3.55,1.1,3.62),(-3.55,1.1,3.62),(-3.55,1.1,3.62),(-3.55,1.1,3.62),(-3.55,1.1,3.62),(-3.55,1.1,3.62),(-3.55,1.1,3.62),(-3.55,1.1,3.62),(-3.55,1.094,3.62),(-3.545757,1.095757,3.62),(-3.544,1.1,3.62),(-3.545757,1.104243,3.62),(-3.55,1.106,3.62),(-3.554243,1.104243,3.62),(-3.556,1.1,3.62),(-3.554243,1.095757,3.62),(-3.55,1.094,3.62),(-3.55,1.1,3.095),(-3.55,1.1,3.095),(-3.55,1.1,3.095),(-3.55,1.1,3.095),(-3.55,1.1,3.095),(-3.55,1.1,3.095),(-3.55,1.1,3.095),(-3.55,1.1,3.095),(-3.55,1.094,3.095),(-3.545757,1.095757,3.095),(-3.544,1.1,3.095),(-3.545757,1.104243,3.095),(-3.55,1.106,3.095),(-3.554243,1.104243,3.095),(-3.556,1.1,3.095),(-3.554243,1.095757,3.095),(-3.55,1.094,3.095),(-3.52,1.07,3.64),(-3.52,1.13,3.64),(-3.52,1.07,3.62),(-3.52,1.13,3.62),(-3.58,1.13,3.64),(-3.58,1.07,3.64),(-3.58,1.13,3.62),(-3.58,1.07,3.62),(-3.58,1.13,3.64),(-3.52,1.13,3.64),(-3.58,1.07,3.64),(-3.52,1.07,3.64),(-3.58,1.07,3.62),(-3.52,1.07,3.62),(-3.58,1.13,3.62),(-3.52,1.13,3.62),(-3.58,1.07,3.64),(-3.52,1.07,3.64),(-3.58,1.07,3.62),(-3.52,1.07,3.62),(-3.52,1.13,3.64),(-3.58,1.13,3.64),(-3.52,1.13,3.62),(-3.58,1.13,3.62)));
#448=IFCTRIANGULATEDFACESET(#447,$,$,((1,3,2),(3,4,2),(5,7,6),(7,8,6),(9,11,10),(11,12,10),(13,15,14),(15,16,14),(17,19,18),(19,20,18),(21,23,22),(23,24,22),(25,34,26),(34,35,26),(26,35,27),(35,36,27),(27,36,28),(36,37,28),(28,37,29),(37,38,29),(29,38,30),(38,39,30),(30,39,31),(39,40,31),(31,40,32),(40,41,32),(32,41,33),(41,42,33),(51,52,43),(52,53,44),(53,54,45),(54,55,46),(55,56,47),(56,57,48),(57,58,49),(58,59,50),(69,68,60),(70,69,61),(71,70,62),(72,71,63),(73,72,64),(74,73,65),(75,74,66),(76,75,67),(77,79,78),(79,80,78),(81,83,82),(83,84,82),(85,87,86),(87,88,86),(89,91,90),(91,92,90),(93,95,94),(95,96,94),(97,99,98),(99,100,98),(101,110,102),(110,111,102),(102,111,103),(111,112,103),(103,112,104),(112,113,104),(104,113,105),(113,114,105),(105,114,106),(114,115,106),(106,115,107),(115,116,107),(107,116,108),(116,117,108),(108,117,109),(117,118,109),(127,128,119),(128,129,120),(129,130,121),(130,131,122),(131,132,123),(132,133,124),(133,134,125),(134,135,126),(145,144,136),(146,145,137),(147,146,138),(148,147,139),(149,148,140),(150,149,141),(151,150,142),(152,151,143),(153,155,154),(155,156,154),(157,159,158),(159,160,158),(161,163,162),(163,164,162),(165,167,166),(167,168,166),(169,171,170),(171,172,170),(173,175,174),(175,176,174)),$);
#449=IFCSTYLEDITEM(#448,(#166),'trapeze_hanger_04');
#450=IFCCARTESIANPOINTLIST3D(((-3.52,-0.0205,3.1155),(-3.52,0.0205,3.1155),(-3.52,-0.0205,3.0745),(-3.52,0.0205,3.0745),(-4.13,0.0205,3.1155),(-4.13,-0.0205,3.1155),(-4.13,0.0205,3.0745),(-4.13,-0.0205,3.0745),(-4.13,0.0205,3.1155),(-3.52,0.0205,3.1155),(-4.13,-0.0205,3.1155),(-3.52,-0.0205,3.1155),(-4.13,-0.0205,3.0745),(-3.52,-0.0205,3.0745),(-4.13,0.0205,3.0745),(-3.52,0.0205,3.0745),(-4.13,-0.0205,3.1155),(-3.52,-0.0205,3.1155),(-4.13,-0.0205,3.0745),(-3.52,-0.0205,3.0745),(-3.52,0.0205,3.1155),(-4.13,0.0205,3.1155),(-3.52,0.0205,3.0745),(-4.13,0.0205,3.0745),(-4.1,-0.006,3.62),(-4.095757,-0.004243,3.62),(-4.094,0.,3.62),(-4.095757,0.004243,3.62),(-4.1,0.006,3.62),(-4.104243,0.004243,3.62),(-4.106,0.,3.62),(-4.104243,-0.004243,3.62),(-4.1,-0.006,3.62),(-4.1,-0.006,3.095),(-4.095757,-0.004243,3.095),(-4.094,0.,3.095),(-4.095757,0.004243,3.095),(-4.1,0.006,3.095),(-4.104243,0.004243,3.095),(-4.106,0.,3.095),(-4.104243,-0.004243,3.095),(-4.1,-0.006,3.095),(-4.1,0.,3.62),(-4.1,0.,3.62),(-4.1,0.,3.62),(-4.1,0.,3.62),(-4.1,0.,3.62),(-4.1,0.,3.62),(-4.1,0.,3.62),(-4.1,0.,3.62),(-4.1,-0.006,3.62),(-4.095757,-0.004243,3.62),(-4.094,0.,3.62),(-4.095757,0.004243,3.62),(-4.1,0.006,3.62),(-4.104243,0.004243,3.62),(-4.106,0.,3.62),(-4.104243,-0.004243,3.62),(-4.1,-0.006,3.62),(-4.1,0.,3.095),(-4.1,0.,3.095),(-4.1,0.,3.095),(-4.1,0.,3.095),(-4.1,0.,3.095),(-4.1,0.,3.095),(-4.1,0.,3.095),(-4.1,0.,3.095),(-4.1,-0.006,3.095),(-4.095757,-0.004243,3.095),(-4.094,0.,3.095),(-4.095757,0.004243,3.095),(-4.1,0.006,3.095),(-4.104243,0.004243,3.095),(-4.106,0.,3.095),(-4.104243,-0.004243,3.095),(-4.1,-0.006,3.095),(-4.07,-0.03,3.64),(-4.07,0.03,3.64),(-4.07,-0.03,3.62),(-4.07,0.03,3.62),(-4.13,0.03,3.64),(-4.13,-0.03,3.64),(-4.13,0.03,3.62),(-4.13,-0.03,3.62),(-4.13,0.03,3.64),(-4.07,0.03,3.64),(-4.13,-0.03,3.64),(-4.07,-0.03,3.64),(-4.13,-0.03,3.62),(-4.07,-0.03,3.62),(-4.13,0.03,3.62),(-4.07,0.03,3.62),(-4.13,-0.03,3.64),(-4.07,-0.03,3.64),(-4.13,-0.03,3.62),(-4.07,-0.03,3.62),(-4.07,0.03,3.64),(-4.13,0.03,3.64),(-4.07,0.03,3.62),(-4.13,0.03,3.62),(-3.55,-0.006,3.62),(-3.545757,-0.004243,3.62),(-3.544,0.,3.62),(-3.545757,0.004243,3.62),(-3.55,0.006,3.62),(-3.554243,0.004243,3.62),(-3.556,0.,3.62),(-3.554243,-0.004243,3.62),(-3.55,-0.006,3.62),(-3.55,-0.006,3.095),(-3.545757,-0.004243,3.095),(-3.544,0.,3.095),(-3.545757,0.004243,3.095),(-3.55,0.006,3.095),(-3.554243,0.004243,3.095),(-3.556,0.,3.095),(-3.554243,-0.004243,3.095),(-3.55,-0.006,3.095),(-3.55,0.,3.62),(-3.55,0.,3.62),(-3.55,0.,3.62),(-3.55,0.,3.62),(-3.55,0.,3.62),(-3.55,0.,3.62),(-3.55,0.,3.62),(-3.55,0.,3.62),(-3.55,-0.006,3.62),(-3.545757,-0.004243,3.62),(-3.544,0.,3.62),(-3.545757,0.004243,3.62),(-3.55,0.006,3.62),(-3.554243,0.004243,3.62),(-3.556,0.,3.62),(-3.554243,-0.004243,3.62),(-3.55,-0.006,3.62),(-3.55,0.,3.095),(-3.55,0.,3.095),(-3.55,0.,3.095),(-3.55,0.,3.095),(-3.55,0.,3.095),(-3.55,0.,3.095),(-3.55,0.,3.095),(-3.55,0.,3.095),(-3.55,-0.006,3.095),(-3.545757,-0.004243,3.095),(-3.544,0.,3.095),(-3.545757,0.004243,3.095),(-3.55,0.006,3.095),(-3.554243,0.004243,3.095),(-3.556,0.,3.095),(-3.554243,-0.004243,3.095),(-3.55,-0.006,3.095),(-3.52,-0.03,3.64),(-3.52,0.03,3.64),(-3.52,-0.03,3.62),(-3.52,0.03,3.62),(-3.58,0.03,3.64),(-3.58,-0.03,3.64),(-3.58,0.03,3.62),(-3.58,-0.03,3.62),(-3.58,0.03,3.64),(-3.52,0.03,3.64),(-3.58,-0.03,3.64),(-3.52,-0.03,3.64),(-3.58,-0.03,3.62),(-3.52,-0.03,3.62),(-3.58,0.03,3.62),(-3.52,0.03,3.62),(-3.58,-0.03,3.64),(-3.52,-0.03,3.64),(-3.58,-0.03,3.62),(-3.52,-0.03,3.62),(-3.52,0.03,3.64),(-3.58,0.03,3.64),(-3.52,0.03,3.62),(-3.58,0.03,3.62)));
#451=IFCTRIANGULATEDFACESET(#450,$,$,((1,3,2),(3,4,2),(5,7,6),(7,8,6),(9,11,10),(11,12,10),(13,15,14),(15,16,14),(17,19,18),(19,20,18),(21,23,22),(23,24,22),(25,34,26),(34,35,26),(26,35,27),(35,36,27),(27,36,28),(36,37,28),(28,37,29),(37,38,29),(29,38,30),(38,39,30),(30,39,31),(39,40,31),(31,40,32),(40,41,32),(32,41,33),(41,42,33),(51,52,43),(52,53,44),(53,54,45),(54,55,46),(55,56,47),(56,57,48),(57,58,49),(58,59,50),(69,68,60),(70,69,61),(71,70,62),(72,71,63),(73,72,64),(74,73,65),(75,74,66),(76,75,67),(77,79,78),(79,80,78),(81,83,82),(83,84,82),(85,87,86),(87,88,86),(89,91,90),(91,92,90),(93,95,94),(95,96,94),(97,99,98),(99,100,98),(101,110,102),(110,111,102),(102,111,103),(111,112,103),(103,112,104),(112,113,104),(104,113,105),(113,114,105),(105,114,106),(114,115,106),(106,115,107),(115,116,107),(107,116,108),(116,117,108),(108,117,109),(117,118,109),(127,128,119),(128,129,120),(129,130,121),(130,131,122),(131,132,123),(132,133,124),(133,134,125),(134,135,126),(145,144,136),(146,145,137),(147,146,138),(148,147,139),(149,148,140),(150,149,141),(151,150,142),(152,151,143),(153,155,154),(155,156,154),(157,159,158),(159,160,158),(161,163,162),(163,164,162),(165,167,166),(167,168,166),(169,171,170),(171,172,170),(173,175,174),(175,176,174)),$);
#452=IFCSTYLEDITEM(#451,(#166),'trapeze_hanger_05');
#453=IFCCARTESIANPOINTLIST3D(((0.7205,2.42,3.1155),(0.7205,2.93,3.1155),(0.7205,2.42,3.0745),(0.7205,2.93,3.0745),(0.6795,2.93,3.1155),(0.6795,2.42,3.1155),(0.6795,2.93,3.0745),(0.6795,2.42,3.0745),(0.6795,2.93,3.1155),(0.7205,2.93,3.1155),(0.6795,2.42,3.1155),(0.7205,2.42,3.1155),(0.6795,2.42,3.0745),(0.7205,2.42,3.0745),(0.6795,2.93,3.0745),(0.7205,2.93,3.0745),(0.6795,2.42,3.1155),(0.7205,2.42,3.1155),(0.6795,2.42,3.0745),(0.7205,2.42,3.0745),(0.7205,2.93,3.1155),(0.6795,2.93,3.1155),(0.7205,2.93,3.0745),(0.6795,2.93,3.0745),(0.7,2.894,3.62),(0.704243,2.895757,3.62),(0.706,2.9,3.62),(0.704243,2.904243,3.62),(0.7,2.906,3.62),(0.695757,2.904243,3.62),(0.694,2.9,3.62),(0.695757,2.895757,3.62),(0.7,2.894,3.62),(0.7,2.894,3.095),(0.704243,2.895757,3.095),(0.706,2.9,3.095),(0.704243,2.904243,3.095),(0.7,2.906,3.095),(0.695757,2.904243,3.095),(0.694,2.9,3.095),(0.695757,2.895757,3.095),(0.7,2.894,3.095),(0.7,2.9,3.62),(0.7,2.9,3.62),(0.7,2.9,3.62),(0.7,2.9,3.62),(0.7,2.9,3.62),(0.7,2.9,3.62),(0.7,2.9,3.62),(0.7,2.9,3.62),(0.7,2.894,3.62),(0.704243,2.895757,3.62),(0.706,2.9,3.62),(0.704243,2.904243,3.62),(0.7,2.906,3.62),(0.695757,2.904243,3.62),(0.694,2.9,3.62),(0.695757,2.895757,3.62),(0.7,2.894,3.62),(0.7,2.9,3.095),(0.7,2.9,3.095),(0.7,2.9,3.095),(0.7,2.9,3.095),(0.7,2.9,3.095),(0.7,2.9,3.095),(0.7,2.9,3.095),(0.7,2.9,3.095),(0.7,2.894,3.095),(0.704243,2.895757,3.095),(0.706,2.9,3.095),(0.704243,2.904243,3.095),(0.7,2.906,3.095),(0.695757,2.904243,3.095),(0.694,2.9,3.095),(0.695757,2.895757,3.095),(0.7,2.894,3.095),(0.73,2.87,3.64),(0.73,2.93,3.64),(0.73,2.87,3.62),(0.73,2.93,3.62),(0.67,2.93,3.64),(0.67,2.87,3.64),(0.67,2.93,3.62),(0.67,2.87,3.62),(0.67,2.93,3.64),(0.73,2.93,3.64),(0.67,2.87,3.64),(0.73,2.87,3.64),(0.67,2.87,3.62),(0.73,2.87,3.62),(0.67,2.93,3.62),(0.73,2.93,3.62),(0.67,2.87,3.64),(0.73,2.87,3.64),(0.67,2.87,3.62),(0.73,2.87,3.62),(0.73,2.93,3.64),(0.67,2.93,3.64),(0.73,2.93,3.62),(0.67,2.93,3.62),(0.7,2.444,3.62),(0.704243,2.445757,3.62),(0.706,2.45,3.62),(0.704243,2.454243,3.62),(0.7,2.456,3.62),(0.695757,2.454243,3.62),(0.694,2.45,3.62),(0.695757,2.445757,3.62),(0.7,2.444,3.62),(0.7,2.444,3.095),(0.704243,2.445757,3.095),(0.706,2.45,3.095),(0.704243,2.454243,3.095),(0.7,2.456,3.095),(0.695757,2.454243,3.095),(0.694,2.45,3.095),(0.695757,2.445757,3.095),(0.7,2.444,3.095),(0.7,2.45,3.62),(0.7,2.45,3.62),(0.7,2.45,3.62),(0.7,2.45,3.62),(0.7,2.45,3.62),(0.7,2.45,3.62),(0.7,2.45,3.62),(0.7,2.45,3.62),(0.7,2.444,3.62),(0.704243,2.445757,3.62),(0.706,2.45,3.62),(0.704243,2.454243,3.62),(0.7,2.456,3.62),(0.695757,2.454243,3.62),(0.694,2.45,3.62),(0.695757,2.445757,3.62),(0.7,2.444,3.62),(0.7,2.45,3.095),(0.7,2.45,3.095),(0.7,2.45,3.095),(0.7,2.45,3.095),(0.7,2.45,3.095),(0.7,2.45,3.095),(0.7,2.45,3.095),(0.7,2.45,3.095),(0.7,2.444,3.095),(0.704243,2.445757,3.095),(0.706,2.45,3.095),(0.704243,2.454243,3.095),(0.7,2.456,3.095),(0.695757,2.454243,3.095),(0.694,2.45,3.095),(0.695757,2.445757,3.095),(0.7,2.444,3.095),(0.73,2.42,3.64),(0.73,2.48,3.64),(0.73,2.42,3.62),(0.73,2.48,3.62),(0.67,2.48,3.64),(0.67,2.42,3.64),(0.67,2.48,3.62),(0.67,2.42,3.62),(0.67,2.48,3.64),(0.73,2.48,3.64),(0.67,2.42,3.64),(0.73,2.42,3.64),(0.67,2.42,3.62),(0.73,2.42,3.62),(0.67,2.48,3.62),(0.73,2.48,3.62),(0.67,2.42,3.64),(0.73,2.42,3.64),(0.67,2.42,3.62),(0.73,2.42,3.62),(0.73,2.48,3.64),(0.67,2.48,3.64),(0.73,2.48,3.62),(0.67,2.48,3.62)));
#454=IFCTRIANGULATEDFACESET(#453,$,$,((1,3,2),(3,4,2),(5,7,6),(7,8,6),(9,11,10),(11,12,10),(13,15,14),(15,16,14),(17,19,18),(19,20,18),(21,23,22),(23,24,22),(25,34,26),(34,35,26),(26,35,27),(35,36,27),(27,36,28),(36,37,28),(28,37,29),(37,38,29),(29,38,30),(38,39,30),(30,39,31),(39,40,31),(31,40,32),(40,41,32),(32,41,33),(41,42,33),(51,52,43),(52,53,44),(53,54,45),(54,55,46),(55,56,47),(56,57,48),(57,58,49),(58,59,50),(69,68,60),(70,69,61),(71,70,62),(72,71,63),(73,72,64),(74,73,65),(75,74,66),(76,75,67),(77,79,78),(79,80,78),(81,83,82),(83,84,82),(85,87,86),(87,88,86),(89,91,90),(91,92,90),(93,95,94),(95,96,94),(97,99,98),(99,100,98),(101,110,102),(110,111,102),(102,111,103),(111,112,103),(103,112,104),(112,113,104),(104,113,105),(113,114,105),(105,114,106),(114,115,106),(106,115,107),(115,116,107),(107,116,108),(116,117,108),(108,117,109),(117,118,109),(127,128,119),(128,129,120),(129,130,121),(130,131,122),(131,132,123),(132,133,124),(133,134,125),(134,135,126),(145,144,136),(146,145,137),(147,146,138),(148,147,139),(149,148,140),(150,149,141),(151,150,142),(152,151,143),(153,155,154),(155,156,154),(157,159,158),(159,160,158),(161,163,162),(163,164,162),(165,167,166),(167,168,166),(169,171,170),(171,172,170),(173,175,174),(175,176,174)),$);
#455=IFCSTYLEDITEM(#454,(#166),'trapeze_hanger_06');
#456=IFCCARTESIANPOINTLIST3D(((2.2205,2.42,3.1155),(2.2205,2.93,3.1155),(2.2205,2.42,3.0745),(2.2205,2.93,3.0745),(2.1795,2.93,3.1155),(2.1795,2.42,3.1155),(2.1795,2.93,3.0745),(2.1795,2.42,3.0745),(2.1795,2.93,3.1155),(2.2205,2.93,3.1155),(2.1795,2.42,3.1155),(2.2205,2.42,3.1155),(2.1795,2.42,3.0745),(2.2205,2.42,3.0745),(2.1795,2.93,3.0745),(2.2205,2.93,3.0745),(2.1795,2.42,3.1155),(2.2205,2.42,3.1155),(2.1795,2.42,3.0745),(2.2205,2.42,3.0745),(2.2205,2.93,3.1155),(2.1795,2.93,3.1155),(2.2205,2.93,3.0745),(2.1795,2.93,3.0745),(2.2,2.894,3.62),(2.204243,2.895757,3.62),(2.206,2.9,3.62),(2.204243,2.904243,3.62),(2.2,2.906,3.62),(2.195757,2.904243,3.62),(2.194,2.9,3.62),(2.195757,2.895757,3.62),(2.2,2.894,3.62),(2.2,2.894,3.095),(2.204243,2.895757,3.095),(2.206,2.9,3.095),(2.204243,2.904243,3.095),(2.2,2.906,3.095),(2.195757,2.904243,3.095),(2.194,2.9,3.095),(2.195757,2.895757,3.095),(2.2,2.894,3.095),(2.2,2.9,3.62),(2.2,2.9,3.62),(2.2,2.9,3.62),(2.2,2.9,3.62),(2.2,2.9,3.62),(2.2,2.9,3.62),(2.2,2.9,3.62),(2.2,2.9,3.62),(2.2,2.894,3.62),(2.204243,2.895757,3.62),(2.206,2.9,3.62),(2.204243,2.904243,3.62),(2.2,2.906,3.62),(2.195757,2.904243,3.62),(2.194,2.9,3.62),(2.195757,2.895757,3.62),(2.2,2.894,3.62),(2.2,2.9,3.095),(2.2,2.9,3.095),(2.2,2.9,3.095),(2.2,2.9,3.095),(2.2,2.9,3.095),(2.2,2.9,3.095),(2.2,2.9,3.095),(2.2,2.9,3.095),(2.2,2.894,3.095),(2.204243,2.895757,3.095),(2.206,2.9,3.095),(2.204243,2.904243,3.095),(2.2,2.906,3.095),(2.195757,2.904243,3.095),(2.194,2.9,3.095),(2.195757,2.895757,3.095),(2.2,2.894,3.095),(2.23,2.87,3.64),(2.23,2.93,3.64),(2.23,2.87,3.62),(2.23,2.93,3.62),(2.17,2.93,3.64),(2.17,2.87,3.64),(2.17,2.93,3.62),(2.17,2.87,3.62),(2.17,2.93,3.64),(2.23,2.93,3.64),(2.17,2.87,3.64),(2.23,2.87,3.64),(2.17,2.87,3.62),(2.23,2.87,3.62),(2.17,2.93,3.62),(2.23,2.93,3.62),(2.17,2.87,3.64),(2.23,2.87,3.64),(2.17,2.87,3.62),(2.23,2.87,3.62),(2.23,2.93,3.64),(2.17,2.93,3.64),(2.23,2.93,3.62),(2.17,2.93,3.62),(2.2,2.444,3.62),(2.204243,2.445757,3.62),(2.206,2.45,3.62),(2.204243,2.454243,3.62),(2.2,2.456,3.62),(2.195757,2.454243,3.62),(2.194,2.45,3.62),(2.195757,2.445757,3.62),(2.2,2.444,3.62),(2.2,2.444,3.095),(2.204243,2.445757,3.095),(2.206,2.45,3.095),(2.204243,2.454243,3.095),(2.2,2.456,3.095),(2.195757,2.454243,3.095),(2.194,2.45,3.095),(2.195757,2.445757,3.095),(2.2,2.444,3.095),(2.2,2.45,3.62),(2.2,2.45,3.62),(2.2,2.45,3.62),(2.2,2.45,3.62),(2.2,2.45,3.62),(2.2,2.45,3.62),(2.2,2.45,3.62),(2.2,2.45,3.62),(2.2,2.444,3.62),(2.204243,2.445757,3.62),(2.206,2.45,3.62),(2.204243,2.454243,3.62),(2.2,2.456,3.62),(2.195757,2.454243,3.62),(2.194,2.45,3.62),(2.195757,2.445757,3.62),(2.2,2.444,3.62),(2.2,2.45,3.095),(2.2,2.45,3.095),(2.2,2.45,3.095),(2.2,2.45,3.095),(2.2,2.45,3.095),(2.2,2.45,3.095),(2.2,2.45,3.095),(2.2,2.45,3.095),(2.2,2.444,3.095),(2.204243,2.445757,3.095),(2.206,2.45,3.095),(2.204243,2.454243,3.095),(2.2,2.456,3.095),(2.195757,2.454243,3.095),(2.194,2.45,3.095),(2.195757,2.445757,3.095),(2.2,2.444,3.095),(2.23,2.42,3.64),(2.23,2.48,3.64),(2.23,2.42,3.62),(2.23,2.48,3.62),(2.17,2.48,3.64),(2.17,2.42,3.64),(2.17,2.48,3.62),(2.17,2.42,3.62),(2.17,2.48,3.64),(2.23,2.48,3.64),(2.17,2.42,3.64),(2.23,2.42,3.64),(2.17,2.42,3.62),(2.23,2.42,3.62),(2.17,2.48,3.62),(2.23,2.48,3.62),(2.17,2.42,3.64),(2.23,2.42,3.64),(2.17,2.42,3.62),(2.23,2.42,3.62),(2.23,2.48,3.64),(2.17,2.48,3.64),(2.23,2.48,3.62),(2.17,2.48,3.62)));
#457=IFCTRIANGULATEDFACESET(#456,$,$,((1,3,2),(3,4,2),(5,7,6),(7,8,6),(9,11,10),(11,12,10),(13,15,14),(15,16,14),(17,19,18),(19,20,18),(21,23,22),(23,24,22),(25,34,26),(34,35,26),(26,35,27),(35,36,27),(27,36,28),(36,37,28),(28,37,29),(37,38,29),(29,38,30),(38,39,30),(30,39,31),(39,40,31),(31,40,32),(40,41,32),(32,41,33),(41,42,33),(51,52,43),(52,53,44),(53,54,45),(54,55,46),(55,56,47),(56,57,48),(57,58,49),(58,59,50),(69,68,60),(70,69,61),(71,70,62),(72,71,63),(73,72,64),(74,73,65),(75,74,66),(76,75,67),(77,79,78),(79,80,78),(81,83,82),(83,84,82),(85,87,86),(87,88,86),(89,91,90),(91,92,90),(93,95,94),(95,96,94),(97,99,98),(99,100,98),(101,110,102),(110,111,102),(102,111,103),(111,112,103),(103,112,104),(112,113,104),(104,113,105),(113,114,105),(105,114,106),(114,115,106),(106,115,107),(115,116,107),(107,116,108),(116,117,108),(108,117,109),(117,118,109),(127,128,119),(128,129,120),(129,130,121),(130,131,122),(131,132,123),(132,133,124),(133,134,125),(134,135,126),(145,144,136),(146,145,137),(147,146,138),(148,147,139),(149,148,140),(150,149,141),(151,150,142),(152,151,143),(153,155,154),(155,156,154),(157,159,158),(159,160,158),(161,163,162),(163,164,162),(165,167,166),(167,168,166),(169,171,170),(171,172,170),(173,175,174),(175,176,174)),$);
#458=IFCSTYLEDITEM(#457,(#166),'trapeze_hanger_07');
#459=IFCCARTESIANPOINTLIST3D(((3.4205,2.42,3.1155),(3.4205,2.93,3.1155),(3.4205,2.42,3.0745),(3.4205,2.93,3.0745),(3.3795,2.93,3.1155),(3.3795,2.42,3.1155),(3.3795,2.93,3.0745),(3.3795,2.42,3.0745),(3.3795,2.93,3.1155),(3.4205,2.93,3.1155),(3.3795,2.42,3.1155),(3.4205,2.42,3.1155),(3.3795,2.42,3.0745),(3.4205,2.42,3.0745),(3.3795,2.93,3.0745),(3.4205,2.93,3.0745),(3.3795,2.42,3.1155),(3.4205,2.42,3.1155),(3.3795,2.42,3.0745),(3.4205,2.42,3.0745),(3.4205,2.93,3.1155),(3.3795,2.93,3.1155),(3.4205,2.93,3.0745),(3.3795,2.93,3.0745),(3.4,2.894,3.62),(3.404243,2.895757,3.62),(3.406,2.9,3.62),(3.404243,2.904243,3.62),(3.4,2.906,3.62),(3.395757,2.904243,3.62),(3.394,2.9,3.62),(3.395757,2.895757,3.62),(3.4,2.894,3.62),(3.4,2.894,3.095),(3.404243,2.895757,3.095),(3.406,2.9,3.095),(3.404243,2.904243,3.095),(3.4,2.906,3.095),(3.395757,2.904243,3.095),(3.394,2.9,3.095),(3.395757,2.895757,3.095),(3.4,2.894,3.095),(3.4,2.9,3.62),(3.4,2.9,3.62),(3.4,2.9,3.62),(3.4,2.9,3.62),(3.4,2.9,3.62),(3.4,2.9,3.62),(3.4,2.9,3.62),(3.4,2.9,3.62),(3.4,2.894,3.62),(3.404243,2.895757,3.62),(3.406,2.9,3.62),(3.404243,2.904243,3.62),(3.4,2.906,3.62),(3.395757,2.904243,3.62),(3.394,2.9,3.62),(3.395757,2.895757,3.62),(3.4,2.894,3.62),(3.4,2.9,3.095),(3.4,2.9,3.095),(3.4,2.9,3.095),(3.4,2.9,3.095),(3.4,2.9,3.095),(3.4,2.9,3.095),(3.4,2.9,3.095),(3.4,2.9,3.095),(3.4,2.894,3.095),(3.404243,2.895757,3.095),(3.406,2.9,3.095),(3.404243,2.904243,3.095),(3.4,2.906,3.095),(3.395757,2.904243,3.095),(3.394,2.9,3.095),(3.395757,2.895757,3.095),(3.4,2.894,3.095),(3.43,2.87,3.64),(3.43,2.93,3.64),(3.43,2.87,3.62),(3.43,2.93,3.62),(3.37,2.93,3.64),(3.37,2.87,3.64),(3.37,2.93,3.62),(3.37,2.87,3.62),(3.37,2.93,3.64),(3.43,2.93,3.64),(3.37,2.87,3.64),(3.43,2.87,3.64),(3.37,2.87,3.62),(3.43,2.87,3.62),(3.37,2.93,3.62),(3.43,2.93,3.62),(3.37,2.87,3.64),(3.43,2.87,3.64),(3.37,2.87,3.62),(3.43,2.87,3.62),(3.43,2.93,3.64),(3.37,2.93,3.64),(3.43,2.93,3.62),(3.37,2.93,3.62),(3.4,2.444,3.62),(3.404243,2.445757,3.62),(3.406,2.45,3.62),(3.404243,2.454243,3.62),(3.4,2.456,3.62),(3.395757,2.454243,3.62),(3.394,2.45,3.62),(3.395757,2.445757,3.62),(3.4,2.444,3.62),(3.4,2.444,3.095),(3.404243,2.445757,3.095),(3.406,2.45,3.095),(3.404243,2.454243,3.095),(3.4,2.456,3.095),(3.395757,2.454243,3.095),(3.394,2.45,3.095),(3.395757,2.445757,3.095),(3.4,2.444,3.095),(3.4,2.45,3.62),(3.4,2.45,3.62),(3.4,2.45,3.62),(3.4,2.45,3.62),(3.4,2.45,3.62),(3.4,2.45,3.62),(3.4,2.45,3.62),(3.4,2.45,3.62),(3.4,2.444,3.62),(3.404243,2.445757,3.62),(3.406,2.45,3.62),(3.404243,2.454243,3.62),(3.4,2.456,3.62),(3.395757,2.454243,3.62),(3.394,2.45,3.62),(3.395757,2.445757,3.62),(3.4,2.444,3.62),(3.4,2.45,3.095),(3.4,2.45,3.095),(3.4,2.45,3.095),(3.4,2.45,3.095),(3.4,2.45,3.095),(3.4,2.45,3.095),(3.4,2.45,3.095),(3.4,2.45,3.095),(3.4,2.444,3.095),(3.404243,2.445757,3.095),(3.406,2.45,3.095),(3.404243,2.454243,3.095),(3.4,2.456,3.095),(3.395757,2.454243,3.095),(3.394,2.45,3.095),(3.395757,2.445757,3.095),(3.4,2.444,3.095),(3.43,2.42,3.64),(3.43,2.48,3.64),(3.43,2.42,3.62),(3.43,2.48,3.62),(3.37,2.48,3.64),(3.37,2.42,3.64),(3.37,2.48,3.62),(3.37,2.42,3.62),(3.37,2.48,3.64),(3.43,2.48,3.64),(3.37,2.42,3.64),(3.43,2.42,3.64),(3.37,2.42,3.62),(3.43,2.42,3.62),(3.37,2.48,3.62),(3.43,2.48,3.62),(3.37,2.42,3.64),(3.43,2.42,3.64),(3.37,2.42,3.62),(3.43,2.42,3.62),(3.43,2.48,3.64),(3.37,2.48,3.64),(3.43,2.48,3.62),(3.37,2.48,3.62)));
#460=IFCTRIANGULATEDFACESET(#459,$,$,((1,3,2),(3,4,2),(5,7,6),(7,8,6),(9,11,10),(11,12,10),(13,15,14),(15,16,14),(17,19,18),(19,20,18),(21,23,22),(23,24,22),(25,34,26),(34,35,26),(26,35,27),(35,36,27),(27,36,28),(36,37,28),(28,37,29),(37,38,29),(29,38,30),(38,39,30),(30,39,31),(39,40,31),(31,40,32),(40,41,32),(32,41,33),(41,42,33),(51,52,43),(52,53,44),(53,54,45),(54,55,46),(55,56,47),(56,57,48),(57,58,49),(58,59,50),(69,68,60),(70,69,61),(71,70,62),(72,71,63),(73,72,64),(74,73,65),(75,74,66),(76,75,67),(77,79,78),(79,80,78),(81,83,82),(83,84,82),(85,87,86),(87,88,86),(89,91,90),(91,92,90),(93,95,94),(95,96,94),(97,99,98),(99,100,98),(101,110,102),(110,111,102),(102,111,103),(111,112,103),(103,112,104),(112,113,104),(104,113,105),(113,114,105),(105,114,106),(114,115,106),(106,115,107),(115,116,107),(107,116,108),(116,117,108),(108,117,109),(117,118,109),(127,128,119),(128,129,120),(129,130,121),(130,131,122),(131,132,123),(132,133,124),(133,134,125),(134,135,126),(145,144,136),(146,145,137),(147,146,138),(148,147,139),(149,148,140),(150,149,141),(151,150,142),(152,151,143),(153,155,154),(155,156,154),(157,159,158),(159,160,158),(161,163,162),(163,164,162),(165,167,166),(167,168,166),(169,171,170),(171,172,170),(173,175,174),(175,176,174)),$);
#461=IFCSTYLEDITEM(#460,(#166),'trapeze_hanger_08');
#462=IFCCARTESIANPOINTLIST3D(((4.13,2.0795,3.1155),(4.13,2.1205,3.1155),(4.13,2.0795,3.0745),(4.13,2.1205,3.0745),(3.52,2.1205,3.1155),(3.52,2.0795,3.1155),(3.52,2.1205,3.0745),(3.52,2.0795,3.0745),(3.52,2.1205,3.1155),(4.13,2.1205,3.1155),(3.52,2.0795,3.1155),(4.13,2.0795,3.1155),(3.52,2.0795,3.0745),(4.13,2.0795,3.0745),(3.52,2.1205,3.0745),(4.13,2.1205,3.0745),(3.52,2.0795,3.1155),(4.13,2.0795,3.1155),(3.52,2.0795,3.0745),(4.13,2.0795,3.0745),(4.13,2.1205,3.1155),(3.52,2.1205,3.1155),(4.13,2.1205,3.0745),(3.52,2.1205,3.0745),(3.55,2.094,3.62),(3.554243,2.095757,3.62),(3.556,2.1,3.62),(3.554243,2.104243,3.62),(3.55,2.106,3.62),(3.545757,2.104243,3.62),(3.544,2.1,3.62),(3.545757,2.095757,3.62),(3.55,2.094,3.62),(3.55,2.094,3.095),(3.554243,2.095757,3.095),(3.556,2.1,3.095),(3.554243,2.104243,3.095),(3.55,2.106,3.095),(3.545757,2.104243,3.095),(3.544,2.1,3.095),(3.545757,2.095757,3.095),(3.55,2.094,3.095),(3.55,2.1,3.62),(3.55,2.1,3.62),(3.55,2.1,3.62),(3.55,2.1,3.62),(3.55,2.1,3.62),(3.55,2.1,3.62),(3.55,2.1,3.62),(3.55,2.1,3.62),(3.55,2.094,3.62),(3.554243,2.095757,3.62),(3.556,2.1,3.62),(3.554243,2.104243,3.62),(3.55,2.106,3.62),(3.545757,2.104243,3.62),(3.544,2.1,3.62),(3.545757,2.095757,3.62),(3.55,2.094,3.62),(3.55,2.1,3.095),(3.55,2.1,3.095),(3.55,2.1,3.095),(3.55,2.1,3.095),(3.55,2.1,3.095),(3.55,2.1,3.095),(3.55,2.1,3.095),(3.55,2.1,3.095),(3.55,2.094,3.095),(3.554243,2.095757,3.095),(3.556,2.1,3.095),(3.554243,2.104243,3.095),(3.55,2.106,3.095),(3.545757,2.104243,3.095),(3.544,2.1,3.095),(3.545757,2.095757,3.095),(3.55,2.094,3.095),(3.58,2.07,3.64),(3.58,2.13,3.64),(3.58,2.07,3.62),(3.58,2.13,3.62),(3.52,2.13,3.64),(3.52,2.07,3.64),(3.52,2.13,3.62),(3.52,2.07,3.62),(3.52,2.13,3.64),(3.58,2.13,3.64),(3.52,2.07,3.64),(3.58,2.07,3.64),(3.52,2.07,3.62),(3.58,2.07,3.62),(3.52,2.13,3.62),(3.58,2.13,3.62),(3.52,2.07,3.64),(3.58,2.07,3.64),(3.52,2.07,3.62),(3.58,2.07,3.62),(3.58,2.13,3.64),(3.52,2.13,3.64),(3.58,2.13,3.62),(3.52,2.13,3.62),(4.1,2.094,3.62),(4.104243,2.095757,3.62),(4.106,2.1,3.62),(4.104243,2.104243,3.62),(4.1,2.106,3.62),(4.095757,2.104243,3.62),(4.094,2.1,3.62),(4.095757,2.095757,3.62),(4.1,2.094,3.62),(4.1,2.094,3.095),(4.104243,2.095757,3.095),(4.106,2.1,3.095),(4.104243,2.104243,3.095),(4.1,2.106,3.095),(4.095757,2.104243,3.095),(4.094,2.1,3.095),(4.095757,2.095757,3.095),(4.1,2.094,3.095),(4.1,2.1,3.62),(4.1,2.1,3.62),(4.1,2.1,3.62),(4.1,2.1,3.62),(4.1,2.1,3.62),(4.1,2.1,3.62),(4.1,2.1,3.62),(4.1,2.1,3.62),(4.1,2.094,3.62),(4.104243,2.095757,3.62),(4.106,2.1,3.62),(4.104243,2.104243,3.62),(4.1,2.106,3.62),(4.095757,2.104243,3.62),(4.094,2.1,3.62),(4.095757,2.095757,3.62),(4.1,2.094,3.62),(4.1,2.1,3.095),(4.1,2.1,3.095),(4.1,2.1,3.095),(4.1,2.1,3.095),(4.1,2.1,3.095),(4.1,2.1,3.095),(4.1,2.1,3.095),(4.1,2.1,3.095),(4.1,2.094,3.095),(4.104243,2.095757,3.095),(4.106,2.1,3.095),(4.104243,2.104243,3.095),(4.1,2.106,3.095),(4.095757,2.104243,3.095),(4.094,2.1,3.095),(4.095757,2.095757,3.095),(4.1,2.094,3.095),(4.13,2.07,3.64),(4.13,2.13,3.64),(4.13,2.07,3.62),(4.13,2.13,3.62),(4.07,2.13,3.64),(4.07,2.07,3.64),(4.07,2.13,3.62),(4.07,2.07,3.62),(4.07,2.13,3.64),(4.13,2.13,3.64),(4.07,2.07,3.64),(4.13,2.07,3.64),(4.07,2.07,3.62),(4.13,2.07,3.62),(4.07,2.13,3.62),(4.13,2.13,3.62),(4.07,2.07,3.64),(4.13,2.07,3.64),(4.07,2.07,3.62),(4.13,2.07,3.62),(4.13,2.13,3.64),(4.07,2.13,3.64),(4.13,2.13,3.62),(4.07,2.13,3.62)));
#463=IFCTRIANGULATEDFACESET(#462,$,$,((1,3,2),(3,4,2),(5,7,6),(7,8,6),(9,11,10),(11,12,10),(13,15,14),(15,16,14),(17,19,18),(19,20,18),(21,23,22),(23,24,22),(25,34,26),(34,35,26),(26,35,27),(35,36,27),(27,36,28),(36,37,28),(28,37,29),(37,38,29),(29,38,30),(38,39,30),(30,39,31),(39,40,31),(31,40,32),(40,41,32),(32,41,33),(41,42,33),(51,52,43),(52,53,44),(53,54,45),(54,55,46),(55,56,47),(56,57,48),(57,58,49),(58,59,50),(69,68,60),(70,69,61),(71,70,62),(72,71,63),(73,72,64),(74,73,65),(75,74,66),(76,75,67),(77,79,78),(79,80,78),(81,83,82),(83,84,82),(85,87,86),(87,88,86),(89,91,90),(91,92,90),(93,95,94),(95,96,94),(97,99,98),(99,100,98),(101,110,102),(110,111,102),(102,111,103),(111,112,103),(103,112,104),(112,113,104),(104,113,105),(113,114,105),(105,114,106),(114,115,106),(106,115,107),(115,116,107),(107,116,108),(116,117,108),(108,117,109),(117,118,109),(127,128,119),(128,129,120),(129,130,121),(130,131,122),(131,132,123),(132,133,124),(133,134,125),(134,135,126),(145,144,136),(146,145,137),(147,146,138),(148,147,139),(149,148,140),(150,149,141),(151,150,142),(152,151,143),(153,155,154),(155,156,154),(157,159,158),(159,160,158),(161,163,162),(163,164,162),(165,167,166),(167,168,166),(169,171,170),(171,172,170),(173,175,174),(175,176,174)),$);
#464=IFCSTYLEDITEM(#463,(#166),'trapeze_hanger_09');
#465=IFCCARTESIANPOINTLIST3D(((4.13,1.0795,3.1155),(4.13,1.1205,3.1155),(4.13,1.0795,3.0745),(4.13,1.1205,3.0745),(3.52,1.1205,3.1155),(3.52,1.0795,3.1155),(3.52,1.1205,3.0745),(3.52,1.0795,3.0745),(3.52,1.1205,3.1155),(4.13,1.1205,3.1155),(3.52,1.0795,3.1155),(4.13,1.0795,3.1155),(3.52,1.0795,3.0745),(4.13,1.0795,3.0745),(3.52,1.1205,3.0745),(4.13,1.1205,3.0745),(3.52,1.0795,3.1155),(4.13,1.0795,3.1155),(3.52,1.0795,3.0745),(4.13,1.0795,3.0745),(4.13,1.1205,3.1155),(3.52,1.1205,3.1155),(4.13,1.1205,3.0745),(3.52,1.1205,3.0745),(3.55,1.094,3.62),(3.554243,1.095757,3.62),(3.556,1.1,3.62),(3.554243,1.104243,3.62),(3.55,1.106,3.62),(3.545757,1.104243,3.62),(3.544,1.1,3.62),(3.545757,1.095757,3.62),(3.55,1.094,3.62),(3.55,1.094,3.095),(3.554243,1.095757,3.095),(3.556,1.1,3.095),(3.554243,1.104243,3.095),(3.55,1.106,3.095),(3.545757,1.104243,3.095),(3.544,1.1,3.095),(3.545757,1.095757,3.095),(3.55,1.094,3.095),(3.55,1.1,3.62),(3.55,1.1,3.62),(3.55,1.1,3.62),(3.55,1.1,3.62),(3.55,1.1,3.62),(3.55,1.1,3.62),(3.55,1.1,3.62),(3.55,1.1,3.62),(3.55,1.094,3.62),(3.554243,1.095757,3.62),(3.556,1.1,3.62),(3.554243,1.104243,3.62),(3.55,1.106,3.62),(3.545757,1.104243,3.62),(3.544,1.1,3.62),(3.545757,1.095757,3.62),(3.55,1.094,3.62),(3.55,1.1,3.095),(3.55,1.1,3.095),(3.55,1.1,3.095),(3.55,1.1,3.095),(3.55,1.1,3.095),(3.55,1.1,3.095),(3.55,1.1,3.095),(3.55,1.1,3.095),(3.55,1.094,3.095),(3.554243,1.095757,3.095),(3.556,1.1,3.095),(3.554243,1.104243,3.095),(3.55,1.106,3.095),(3.545757,1.104243,3.095),(3.544,1.1,3.095),(3.545757,1.095757,3.095),(3.55,1.094,3.095),(3.58,1.07,3.64),(3.58,1.13,3.64),(3.58,1.07,3.62),(3.58,1.13,3.62),(3.52,1.13,3.64),(3.52,1.07,3.64),(3.52,1.13,3.62),(3.52,1.07,3.62),(3.52,1.13,3.64),(3.58,1.13,3.64),(3.52,1.07,3.64),(3.58,1.07,3.64),(3.52,1.07,3.62),(3.58,1.07,3.62),(3.52,1.13,3.62),(3.58,1.13,3.62),(3.52,1.07,3.64),(3.58,1.07,3.64),(3.52,1.07,3.62),(3.58,1.07,3.62),(3.58,1.13,3.64),(3.52,1.13,3.64),(3.58,1.13,3.62),(3.52,1.13,3.62),(4.1,1.094,3.62),(4.104243,1.095757,3.62),(4.106,1.1,3.62),(4.104243,1.104243,3.62),(4.1,1.106,3.62),(4.095757,1.104243,3.62),(4.094,1.1,3.62),(4.095757,1.095757,3.62),(4.1,1.094,3.62),(4.1,1.094,3.095),(4.104243,1.095757,3.095),(4.106,1.1,3.095),(4.104243,1.104243,3.095),(4.1,1.106,3.095),(4.095757,1.104243,3.095),(4.094,1.1,3.095),(4.095757,1.095757,3.095),(4.1,1.094,3.095),(4.1,1.1,3.62),(4.1,1.1,3.62),(4.1,1.1,3.62),(4.1,1.1,3.62),(4.1,1.1,3.62),(4.1,1.1,3.62),(4.1,1.1,3.62),(4.1,1.1,3.62),(4.1,1.094,3.62),(4.104243,1.095757,3.62),(4.106,1.1,3.62),(4.104243,1.104243,3.62),(4.1,1.106,3.62),(4.095757,1.104243,3.62),(4.094,1.1,3.62),(4.095757,1.095757,3.62),(4.1,1.094,3.62),(4.1,1.1,3.095),(4.1,1.1,3.095),(4.1,1.1,3.095),(4.1,1.1,3.095),(4.1,1.1,3.095),(4.1,1.1,3.095),(4.1,1.1,3.095),(4.1,1.1,3.095),(4.1,1.094,3.095),(4.104243,1.095757,3.095),(4.106,1.1,3.095),(4.104243,1.104243,3.095),(4.1,1.106,3.095),(4.095757,1.104243,3.095),(4.094,1.1,3.095),(4.095757,1.095757,3.095),(4.1,1.094,3.095),(4.13,1.07,3.64),(4.13,1.13,3.64),(4.13,1.07,3.62),(4.13,1.13,3.62),(4.07,1.13,3.64),(4.07,1.07,3.64),(4.07,1.13,3.62),(4.07,1.07,3.62),(4.07,1.13,3.64),(4.13,1.13,3.64),(4.07,1.07,3.64),(4.13,1.07,3.64),(4.07,1.07,3.62),(4.13,1.07,3.62),(4.07,1.13,3.62),(4.13,1.13,3.62),(4.07,1.07,3.64),(4.13,1.07,3.64),(4.07,1.07,3.62),(4.13,1.07,3.62),(4.13,1.13,3.64),(4.07,1.13,3.64),(4.13,1.13,3.62),(4.07,1.13,3.62)));
#466=IFCTRIANGULATEDFACESET(#465,$,$,((1,3,2),(3,4,2),(5,7,6),(7,8,6),(9,11,10),(11,12,10),(13,15,14),(15,16,14),(17,19,18),(19,20,18),(21,23,22),(23,24,22),(25,34,26),(34,35,26),(26,35,27),(35,36,27),(27,36,28),(36,37,28),(28,37,29),(37,38,29),(29,38,30),(38,39,30),(30,39,31),(39,40,31),(31,40,32),(40,41,32),(32,41,33),(41,42,33),(51,52,43),(52,53,44),(53,54,45),(54,55,46),(55,56,47),(56,57,48),(57,58,49),(58,59,50),(69,68,60),(70,69,61),(71,70,62),(72,71,63),(73,72,64),(74,73,65),(75,74,66),(76,75,67),(77,79,78),(79,80,78),(81,83,82),(83,84,82),(85,87,86),(87,88,86),(89,91,90),(91,92,90),(93,95,94),(95,96,94),(97,99,98),(99,100,98),(101,110,102),(110,111,102),(102,111,103),(111,112,103),(103,112,104),(112,113,104),(104,113,105),(113,114,105),(105,114,106),(114,115,106),(106,115,107),(115,116,107),(107,116,108),(116,117,108),(108,117,109),(117,118,109),(127,128,119),(128,129,120),(129,130,121),(130,131,122),(131,132,123),(132,133,124),(133,134,125),(134,135,126),(145,144,136),(146,145,137),(147,146,138),(148,147,139),(149,148,140),(150,149,141),(151,150,142),(152,151,143),(153,155,154),(155,156,154),(157,159,158),(159,160,158),(161,163,162),(163,164,162),(165,167,166),(167,168,166),(169,171,170),(171,172,170),(173,175,174),(175,176,174)),$);
#467=IFCSTYLEDITEM(#466,(#166),'trapeze_hanger_10');
#468=IFCCARTESIANPOINTLIST3D(((4.13,-0.0205,3.1155),(4.13,0.0205,3.1155),(4.13,-0.0205,3.0745),(4.13,0.0205,3.0745),(3.52,0.0205,3.1155),(3.52,-0.0205,3.1155),(3.52,0.0205,3.0745),(3.52,-0.0205,3.0745),(3.52,0.0205,3.1155),(4.13,0.0205,3.1155),(3.52,-0.0205,3.1155),(4.13,-0.0205,3.1155),(3.52,-0.0205,3.0745),(4.13,-0.0205,3.0745),(3.52,0.0205,3.0745),(4.13,0.0205,3.0745),(3.52,-0.0205,3.1155),(4.13,-0.0205,3.1155),(3.52,-0.0205,3.0745),(4.13,-0.0205,3.0745),(4.13,0.0205,3.1155),(3.52,0.0205,3.1155),(4.13,0.0205,3.0745),(3.52,0.0205,3.0745),(3.55,-0.006,3.62),(3.554243,-0.004243,3.62),(3.556,0.,3.62),(3.554243,0.004243,3.62),(3.55,0.006,3.62),(3.545757,0.004243,3.62),(3.544,0.,3.62),(3.545757,-0.004243,3.62),(3.55,-0.006,3.62),(3.55,-0.006,3.095),(3.554243,-0.004243,3.095),(3.556,0.,3.095),(3.554243,0.004243,3.095),(3.55,0.006,3.095),(3.545757,0.004243,3.095),(3.544,0.,3.095),(3.545757,-0.004243,3.095),(3.55,-0.006,3.095),(3.55,0.,3.62),(3.55,0.,3.62),(3.55,0.,3.62),(3.55,0.,3.62),(3.55,0.,3.62),(3.55,0.,3.62),(3.55,0.,3.62),(3.55,0.,3.62),(3.55,-0.006,3.62),(3.554243,-0.004243,3.62),(3.556,0.,3.62),(3.554243,0.004243,3.62),(3.55,0.006,3.62),(3.545757,0.004243,3.62),(3.544,0.,3.62),(3.545757,-0.004243,3.62),(3.55,-0.006,3.62),(3.55,0.,3.095),(3.55,0.,3.095),(3.55,0.,3.095),(3.55,0.,3.095),(3.55,0.,3.095),(3.55,0.,3.095),(3.55,0.,3.095),(3.55,0.,3.095),(3.55,-0.006,3.095),(3.554243,-0.004243,3.095),(3.556,0.,3.095),(3.554243,0.004243,3.095),(3.55,0.006,3.095),(3.545757,0.004243,3.095),(3.544,0.,3.095),(3.545757,-0.004243,3.095),(3.55,-0.006,3.095),(3.58,-0.03,3.64),(3.58,0.03,3.64),(3.58,-0.03,3.62),(3.58,0.03,3.62),(3.52,0.03,3.64),(3.52,-0.03,3.64),(3.52,0.03,3.62),(3.52,-0.03,3.62),(3.52,0.03,3.64),(3.58,0.03,3.64),(3.52,-0.03,3.64),(3.58,-0.03,3.64),(3.52,-0.03,3.62),(3.58,-0.03,3.62),(3.52,0.03,3.62),(3.58,0.03,3.62),(3.52,-0.03,3.64),(3.58,-0.03,3.64),(3.52,-0.03,3.62),(3.58,-0.03,3.62),(3.58,0.03,3.64),(3.52,0.03,3.64),(3.58,0.03,3.62),(3.52,0.03,3.62),(4.1,-0.006,3.62),(4.104243,-0.004243,3.62),(4.106,0.,3.62),(4.104243,0.004243,3.62),(4.1,0.006,3.62),(4.095757,0.004243,3.62),(4.094,0.,3.62),(4.095757,-0.004243,3.62),(4.1,-0.006,3.62),(4.1,-0.006,3.095),(4.104243,-0.004243,3.095),(4.106,0.,3.095),(4.104243,0.004243,3.095),(4.1,0.006,3.095),(4.095757,0.004243,3.095),(4.094,0.,3.095),(4.095757,-0.004243,3.095),(4.1,-0.006,3.095),(4.1,0.,3.62),(4.1,0.,3.62),(4.1,0.,3.62),(4.1,0.,3.62),(4.1,0.,3.62),(4.1,0.,3.62),(4.1,0.,3.62),(4.1,0.,3.62),(4.1,-0.006,3.62),(4.104243,-0.004243,3.62),(4.106,0.,3.62),(4.104243,0.004243,3.62),(4.1,0.006,3.62),(4.095757,0.004243,3.62),(4.094,0.,3.62),(4.095757,-0.004243,3.62),(4.1,-0.006,3.62),(4.1,0.,3.095),(4.1,0.,3.095),(4.1,0.,3.095),(4.1,0.,3.095),(4.1,0.,3.095),(4.1,0.,3.095),(4.1,0.,3.095),(4.1,0.,3.095),(4.1,-0.006,3.095),(4.104243,-0.004243,3.095),(4.106,0.,3.095),(4.104243,0.004243,3.095),(4.1,0.006,3.095),(4.095757,0.004243,3.095),(4.094,0.,3.095),(4.095757,-0.004243,3.095),(4.1,-0.006,3.095),(4.13,-0.03,3.64),(4.13,0.03,3.64),(4.13,-0.03,3.62),(4.13,0.03,3.62),(4.07,0.03,3.64),(4.07,-0.03,3.64),(4.07,0.03,3.62),(4.07,-0.03,3.62),(4.07,0.03,3.64),(4.13,0.03,3.64),(4.07,-0.03,3.64),(4.13,-0.03,3.64),(4.07,-0.03,3.62),(4.13,-0.03,3.62),(4.07,0.03,3.62),(4.13,0.03,3.62),(4.07,-0.03,3.64),(4.13,-0.03,3.64),(4.07,-0.03,3.62),(4.13,-0.03,3.62),(4.13,0.03,3.64),(4.07,0.03,3.64),(4.13,0.03,3.62),(4.07,0.03,3.62)));
#469=IFCTRIANGULATEDFACESET(#468,$,$,((1,3,2),(3,4,2),(5,7,6),(7,8,6),(9,11,10),(11,12,10),(13,15,14),(15,16,14),(17,19,18),(19,20,18),(21,23,22),(23,24,22),(25,34,26),(34,35,26),(26,35,27),(35,36,27),(27,36,28),(36,37,28),(28,37,29),(37,38,29),(29,38,30),(38,39,30),(30,39,31),(39,40,31),(31,40,32),(40,41,32),(32,41,33),(41,42,33),(51,52,43),(52,53,44),(53,54,45),(54,55,46),(55,56,47),(56,57,48),(57,58,49),(58,59,50),(69,68,60),(70,69,61),(71,70,62),(72,71,63),(73,72,64),(74,73,65),(75,74,66),(76,75,67),(77,79,78),(79,80,78),(81,83,82),(83,84,82),(85,87,86),(87,88,86),(89,91,90),(91,92,90),(93,95,94),(95,96,94),(97,99,98),(99,100,98),(101,110,102),(110,111,102),(102,111,103),(111,112,103),(103,112,104),(112,113,104),(104,113,105),(113,114,105),(105,114,106),(114,115,106),(106,115,107),(115,116,107),(107,116,108),(116,117,108),(108,117,109),(117,118,109),(127,128,119),(128,129,120),(129,130,121),(130,131,122),(131,132,123),(132,133,124),(133,134,125),(134,135,126),(145,144,136),(146,145,137),(147,146,138),(148,147,139),(149,148,140),(150,149,141),(151,150,142),(152,151,143),(153,155,154),(155,156,154),(157,159,158),(159,160,158),(161,163,162),(163,164,162),(165,167,166),(167,168,166),(169,171,170),(171,172,170),(173,175,174),(175,176,174)),$);
#470=IFCSTYLEDITEM(#469,(#166),'trapeze_hanger_11');
#471=IFCCARTESIANPOINTLIST3D(((0.6,2.444,3.62),(0.604243,2.445757,3.62),(0.606,2.45,3.62),(0.604243,2.454243,3.62),(0.6,2.456,3.62),(0.595757,2.454243,3.62),(0.594,2.45,3.62),(0.595757,2.445757,3.62),(0.6,2.444,3.62),(0.6,2.444,2.78),(0.604243,2.445757,2.78),(0.606,2.45,2.78),(0.604243,2.454243,2.78),(0.6,2.456,2.78),(0.595757,2.454243,2.78),(0.594,2.45,2.78),(0.595757,2.445757,2.78),(0.6,2.444,2.78),(0.6,2.45,3.62),(0.6,2.45,3.62),(0.6,2.45,3.62),(0.6,2.45,3.62),(0.6,2.45,3.62),(0.6,2.45,3.62),(0.6,2.45,3.62),(0.6,2.45,3.62),(0.6,2.444,3.62),(0.604243,2.445757,3.62),(0.606,2.45,3.62),(0.604243,2.454243,3.62),(0.6,2.456,3.62),(0.595757,2.454243,3.62),(0.594,2.45,3.62),(0.595757,2.445757,3.62),(0.6,2.444,3.62),(0.6,2.45,2.78),(0.6,2.45,2.78),(0.6,2.45,2.78),(0.6,2.45,2.78),(0.6,2.45,2.78),(0.6,2.45,2.78),(0.6,2.45,2.78),(0.6,2.45,2.78),(0.6,2.444,2.78),(0.604243,2.445757,2.78),(0.606,2.45,2.78),(0.604243,2.454243,2.78),(0.6,2.456,2.78),(0.595757,2.454243,2.78),(0.594,2.45,2.78),(0.595757,2.445757,2.78),(0.6,2.444,2.78),(0.63,2.42,3.64),(0.63,2.48,3.64),(0.63,2.42,3.62),(0.63,2.48,3.62),(0.57,2.48,3.64),(0.57,2.42,3.64),(0.57,2.48,3.62),(0.57,2.42,3.62),(0.57,2.48,3.64),(0.63,2.48,3.64),(0.57,2.42,3.64),(0.63,2.42,3.64),(0.57,2.42,3.62),(0.63,2.42,3.62),(0.57,2.48,3.62),(0.63,2.48,3.62),(0.57,2.42,3.64),(0.63,2.42,3.64),(0.57,2.42,3.62),(0.63,2.42,3.62),(0.63,2.48,3.64),(0.57,2.48,3.64),(0.63,2.48,3.62),(0.57,2.48,3.62),(0.625,2.415,2.805),(0.625,2.485,2.805),(0.625,2.415,2.775),(0.625,2.485,2.775),(0.575,2.485,2.805),(0.575,2.415,2.805),(0.575,2.485,2.775),(0.575,2.415,2.775),(0.575,2.485,2.805),(0.625,2.485,2.805),(0.575,2.415,2.805),(0.625,2.415,2.805),(0.575,2.415,2.775),(0.625,2.415,2.775),(0.575,2.485,2.775),(0.625,2.485,2.775),(0.575,2.415,2.805),(0.625,2.415,2.805),(0.575,2.415,2.775),(0.625,2.415,2.775),(0.625,2.485,2.805),(0.575,2.485,2.805),(0.625,2.485,2.775),(0.575,2.485,2.775),(1.6,2.444,3.62),(1.604243,2.445757,3.62),(1.606,2.45,3.62),(1.604243,2.454243,3.62),(1.6,2.456,3.62),(1.595757,2.454243,3.62),(1.594,2.45,3.62),(1.595757,2.445757,3.62),(1.6,2.444,3.62),(1.6,2.444,2.78),(1.604243,2.445757,2.78),(1.606,2.45,2.78),(1.604243,2.454243,2.78),(1.6,2.456,2.78),(1.595757,2.454243,2.78),(1.594,2.45,2.78),(1.595757,2.445757,2.78),(1.6,2.444,2.78),(1.6,2.45,3.62),(1.6,2.45,3.62),(1.6,2.45,3.62),(1.6,2.45,3.62),(1.6,2.45,3.62),(1.6,2.45,3.62),(1.6,2.45,3.62),(1.6,2.45,3.62),(1.6,2.444,3.62),(1.604243,2.445757,3.62),(1.606,2.45,3.62),(1.604243,2.454243,3.62),(1.6,2.456,3.62),(1.595757,2.454243,3.62),(1.594,2.45,3.62),(1.595757,2.445757,3.62),(1.6,2.444,3.62),(1.6,2.45,2.78),(1.6,2.45,2.78),(1.6,2.45,2.78),(1.6,2.45,2.78),(1.6,2.45,2.78),(1.6,2.45,2.78),(1.6,2.45,2.78),(1.6,2.45,2.78),(1.6,2.444,2.78),(1.604243,2.445757,2.78),(1.606,2.45,2.78),(1.604243,2.454243,2.78),(1.6,2.456,2.78),(1.595757,2.454243,2.78),(1.594,2.45,2.78),(1.595757,2.445757,2.78),(1.6,2.444,2.78),(1.63,2.42,3.64),(1.63,2.48,3.64),(1.63,2.42,3.62),(1.63,2.48,3.62),(1.57,2.48,3.64),(1.57,2.42,3.64),(1.57,2.48,3.62),(1.57,2.42,3.62),(1.57,2.48,3.64),(1.63,2.48,3.64),(1.57,2.42,3.64),(1.63,2.42,3.64),(1.57,2.42,3.62),(1.63,2.42,3.62),(1.57,2.48,3.62),(1.63,2.48,3.62),(1.57,2.42,3.64),(1.63,2.42,3.64),(1.57,2.42,3.62),(1.63,2.42,3.62),(1.63,2.48,3.64),(1.57,2.48,3.64),(1.63,2.48,3.62),(1.57,2.48,3.62),(1.625,2.415,2.805),(1.625,2.485,2.805),(1.625,2.415,2.775),(1.625,2.485,2.775),(1.575,2.485,2.805),(1.575,2.415,2.805),(1.575,2.485,2.775),(1.575,2.415,2.775),(1.575,2.485,2.805),(1.625,2.485,2.805),(1.575,2.415,2.805),(1.625,2.415,2.805),(1.575,2.415,2.775),(1.625,2.415,2.775),(1.575,2.485,2.775),(1.625,2.485,2.775),(1.575,2.415,2.805),(1.625,2.415,2.805),(1.575,2.415,2.775),(1.625,2.415,2.775),(1.625,2.485,2.805),(1.575,2.485,2.805),(1.625,2.485,2.775),(1.575,2.485,2.775)));
#472=IFCTRIANGULATEDFACESET(#471,$,$,((1,10,2),(10,11,2),(2,11,3),(11,12,3),(3,12,4),(12,13,4),(4,13,5),(13,14,5),(5,14,6),(14,15,6),(6,15,7),(15,16,7),(7,16,8),(16,17,8),(8,17,9),(17,18,9),(27,28,19),(28,29,20),(29,30,21),(30,31,22),(31,32,23),(32,33,24),(33,34,25),(34,35,26),(45,44,36),(46,45,37),(47,46,38),(48,47,39),(49,48,40),(50,49,41),(51,50,42),(52,51,43),(53,55,54),(55,56,54),(57,59,58),(59,60,58),(61,63,62),(63,64,62),(65,67,66),(67,68,66),(69,71,70),(71,72,70),(73,75,74),(75,76,74),(77,79,78),(79,80,78),(81,83,82),(83,84,82),(85,87,86),(87,88,86),(89,91,90),(91,92,90),(93,95,94),(95,96,94),(97,99,98),(99,100,98),(101,110,102),(110,111,102),(102,111,103),(111,112,103),(103,112,104),(112,113,104),(104,113,105),(113,114,105),(105,114,106),(114,115,106),(106,115,107),(115,116,107),(107,116,108),(116,117,108),(108,117,109),(117,118,109),(127,128,119),(128,129,120),(129,130,121),(130,131,122),(131,132,123),(132,133,124),(133,134,125),(134,135,126),(145,144,136),(146,145,137),(147,146,138),(148,147,139),(149,148,140),(150,149,141),(151,150,142),(152,151,143),(153,155,154),(155,156,154),(157,159,158),(159,160,158),(161,163,162),(163,164,162),(165,167,166),(167,168,166),(169,171,170),(171,172,170),(173,175,174),(175,176,174),(177,179,178),(179,180,178),(181,183,182),(183,184,182),(185,187,186),(187,188,186),(189,191,190),(191,192,190),(193,195,194),(195,196,194),(197,199,198),(199,200,198)),$);
#473=IFCSTYLEDITEM(#472,(#166),'clevis_hangers');
#474=IFCSHAPEREPRESENTATION(#11,'Body','Tessellation',(#439,#442,#445,#448,#451,#454,#457,#460,#463,#466,#469,#472));
#475=IFCPRODUCTDEFINITIONSHAPE($,$,(#474));
#476=IFCLOCALPLACEMENT(#25,#9);
#477=IFCDISCRETEACCESSORY('3aK061gEzo6QQFy8SqOGcE',#5,'Overhead conduit supports - trapeze strut and clevis hangers','1-5/8 in strut trapezes on 3/8 in threaded rod with beam clamps at the deck; clevis hangers on the transformer primary',$,#476,#475,'HANGERS',.BRACKET.);
#478=IFCPROPERTYSINGLEVALUE('StrutSize',$,IFCLABEL('1-5/8 in x 1-5/8 in'),$);
#479=IFCPROPERTYSINGLEVALUE('RodSize',$,IFCLABEL('3/8 in threaded rod'),$);
#480=IFCPROPERTYSINGLEVALUE('MaxSpacingM',$,IFCLENGTHMEASURE(3.),$);
#481=IFCPROPERTYSINGLEVALUE('AttachTo',$,IFCLABEL('Beam clamps at deck steel'),$);
#482=IFCPROPERTYSET('3zOdT3f59R1rzRlYn$wfAS',#5,'SupportSchedule',$,(#478,#479,#480,#481));
#483=IFCRELDEFINESBYPROPERTIES('3k0Wqx3qGW0M5_FwV5byhn',#5,$,$,(#477),#482);
#484=IFCCARTESIANPOINTLIST3D(((4.7,-3.,0.),(4.7,3.2,0.),(4.7,-3.,-0.15),(4.7,3.2,-0.15),(-4.7,3.2,0.),(-4.7,-3.,0.),(-4.7,3.2,-0.15),(-4.7,-3.,-0.15),(-4.7,3.2,0.),(4.7,3.2,0.),(-4.7,-3.,0.),(4.7,-3.,0.),(-4.7,-3.,-0.15),(4.7,-3.,-0.15),(-4.7,3.2,-0.15),(4.7,3.2,-0.15),(-4.7,-3.,0.),(4.7,-3.,0.),(-4.7,-3.,-0.15),(4.7,-3.,-0.15),(4.7,3.2,0.),(-4.7,3.2,0.),(4.7,3.2,-0.15),(-4.7,3.2,-0.15)));
#485=IFCTRIANGULATEDFACESET(#484,$,$,((1,3,2),(3,4,2),(5,7,6),(7,8,6),(9,11,10),(11,12,10),(13,15,14),(15,16,14),(17,19,18),(19,20,18),(21,23,22),(23,24,22)),$);
#486=IFCCOLOURRGB($,0.788235,0.776471,0.745098);
#487=IFCSURFACESTYLERENDERING(#486,0.,$,$,$,$,$,$,.NOTDEFINED.);
#488=IFCSURFACESTYLE('concrete',.BOTH.,(#487));
#489=IFCPRESENTATIONSTYLEASSIGNMENT((#488));
#490=IFCSTYLEDITEM(#485,(#489),'floor_slab');
#491=IFCCARTESIANPOINTLIST3D(((4.7,3.,3.66),(4.7,3.2,3.66),(4.7,3.,-0.),(4.7,3.2,-0.),(-4.7,3.2,3.66),(-4.7,3.,3.66),(-4.7,3.2,-0.),(-4.7,3.,-0.),(-4.7,3.2,3.66),(4.7,3.2,3.66),(-4.7,3.,3.66),(4.7,3.,3.66),(-4.7,3.,-0.),(4.7,3.,-0.),(-4.7,3.2,-0.),(4.7,3.2,-0.),(-4.7,3.,3.66),(4.7,3.,3.66),(-4.7,3.,-0.),(4.7,3.,-0.),(4.7,3.2,3.66),(-4.7,3.2,3.66),(4.7,3.2,-0.),(-4.7,3.2,-0.)));
#492=IFCTRIANGULATEDFACESET(#491,$,$,((1,3,2),(3,4,2),(5,7,6),(7,8,6),(9,11,10),(11,12,10),(13,15,14),(15,16,14),(17,19,18),(19,20,18),(21,23,22),(23,24,22)),$);
#493=IFCCOLOURRGB($,0.929412,0.917647,0.886275);
#494=IFCSURFACESTYLERENDERING(#493,0.,$,$,$,$,$,$,.NOTDEFINED.);
#495=IFCSURFACESTYLE('painted_wall',.BOTH.,(#494));
#496=IFCPRESENTATIONSTYLEASSIGNMENT((#495));
#497=IFCSTYLEDITEM(#492,(#496),'wall_back');
#498=IFCCARTESIANPOINTLIST3D(((-4.5,-1.5,3.66),(-4.5,3.,3.66),(-4.5,-1.5,-0.),(-4.5,3.,-0.),(-4.7,3.,3.66),(-4.7,-1.5,3.66),(-4.7,3.,-0.),(-4.7,-1.5,-0.),(-4.7,3.,3.66),(-4.5,3.,3.66),(-4.7,-1.5,3.66),(-4.5,-1.5,3.66),(-4.7,-1.5,-0.),(-4.5,-1.5,-0.),(-4.7,3.,-0.),(-4.5,3.,-0.),(-4.7,-1.5,3.66),(-4.5,-1.5,3.66),(-4.7,-1.5,-0.),(-4.5,-1.5,-0.),(-4.5,3.,3.66),(-4.7,3.,3.66),(-4.5,3.,-0.),(-4.7,3.,-0.)));
#499=IFCTRIANGULATEDFACESET(#498,$,$,((1,3,2),(3,4,2),(5,7,6),(7,8,6),(9,11,10),(11,12,10),(13,15,14),(15,16,14),(17,19,18),(19,20,18),(21,23,22),(23,24,22)),$);
#500=IFCSTYLEDITEM(#499,(#496),'wall_left_a');
#501=IFCCARTESIANPOINTLIST3D(((-4.5,-2.5,3.66),(-4.5,-1.5,3.66),(-4.5,-2.5,2.13),(-4.5,-1.5,2.13),(-4.7,-1.5,3.66),(-4.7,-2.5,3.66),(-4.7,-1.5,2.13),(-4.7,-2.5,2.13),(-4.7,-1.5,3.66),(-4.5,-1.5,3.66),(-4.7,-2.5,3.66),(-4.5,-2.5,3.66),(-4.7,-2.5,2.13),(-4.5,-2.5,2.13),(-4.7,-1.5,2.13),(-4.5,-1.5,2.13),(-4.7,-2.5,3.66),(-4.5,-2.5,3.66),(-4.7,-2.5,2.13),(-4.5,-2.5,2.13),(-4.5,-1.5,3.66),(-4.7,-1.5,3.66),(-4.5,-1.5,2.13),(-4.7,-1.5,2.13)));
#502=IFCTRIANGULATEDFACESET(#501,$,$,((1,3,2),(3,4,2),(5,7,6),(7,8,6),(9,11,10),(11,12,10),(13,15,14),(15,16,14),(17,19,18),(19,20,18),(21,23,22),(23,24,22)),$);
#503=IFCSTYLEDITEM(#502,(#496),'wall_left_header');
#504=IFCCARTESIANPOINTLIST3D(((-4.5,-3.,3.66),(-4.5,-2.5,3.66),(-4.5,-3.,-0.),(-4.5,-2.5,-0.),(-4.7,-2.5,3.66),(-4.7,-3.,3.66),(-4.7,-2.5,-0.),(-4.7,-3.,-0.),(-4.7,-2.5,3.66),(-4.5,-2.5,3.66),(-4.7,-3.,3.66),(-4.5,-3.,3.66),(-4.7,-3.,-0.),(-4.5,-3.,-0.),(-4.7,-2.5,-0.),(-4.5,-2.5,-0.),(-4.7,-3.,3.66),(-4.5,-3.,3.66),(-4.7,-3.,-0.),(-4.5,-3.,-0.),(-4.5,-2.5,3.66),(-4.7,-2.5,3.66),(-4.5,-2.5,-0.),(-4.7,-2.5,-0.)));
#505=IFCTRIANGULATEDFACESET(#504,$,$,((1,3,2),(3,4,2),(5,7,6),(7,8,6),(9,11,10),(11,12,10),(13,15,14),(15,16,14),(17,19,18),(19,20,18),(21,23,22),(23,24,22)),$);
#506=IFCSTYLEDITEM(#505,(#496),'wall_left_b');
#507=IFCCARTESIANPOINTLIST3D(((4.7,-1.5,3.66),(4.7,3.,3.66),(4.7,-1.5,-0.),(4.7,3.,-0.),(4.5,3.,3.66),(4.5,-1.5,3.66),(4.5,3.,-0.),(4.5,-1.5,-0.),(4.5,3.,3.66),(4.7,3.,3.66),(4.5,-1.5,3.66),(4.7,-1.5,3.66),(4.5,-1.5,-0.),(4.7,-1.5,-0.),(4.5,3.,-0.),(4.7,3.,-0.),(4.5,-1.5,3.66),(4.7,-1.5,3.66),(4.5,-1.5,-0.),(4.7,-1.5,-0.),(4.7,3.,3.66),(4.5,3.,3.66),(4.7,3.,-0.),(4.5,3.,-0.)));
#508=IFCTRIANGULATEDFACESET(#507,$,$,((1,3,2),(3,4,2),(5,7,6),(7,8,6),(9,11,10),(11,12,10),(13,15,14),(15,16,14),(17,19,18),(19,20,18),(21,23,22),(23,24,22)),$);
#509=IFCSTYLEDITEM(#508,(#496),'wall_right_a');
#510=IFCCARTESIANPOINTLIST3D(((4.7,-2.5,3.66),(4.7,-1.5,3.66),(4.7,-2.5,2.13),(4.7,-1.5,2.13),(4.5,-1.5,3.66),(4.5,-2.5,3.66),(4.5,-1.5,2.13),(4.5,-2.5,2.13),(4.5,-1.5,3.66),(4.7,-1.5,3.66),(4.5,-2.5,3.66),(4.7,-2.5,3.66),(4.5,-2.5,2.13),(4.7,-2.5,2.13),(4.5,-1.5,2.13),(4.7,-1.5,2.13),(4.5,-2.5,3.66),(4.7,-2.5,3.66),(4.5,-2.5,2.13),(4.7,-2.5,2.13),(4.7,-1.5,3.66),(4.5,-1.5,3.66),(4.7,-1.5,2.13),(4.5,-1.5,2.13)));
#511=IFCTRIANGULATEDFACESET(#510,$,$,((1,3,2),(3,4,2),(5,7,6),(7,8,6),(9,11,10),(11,12,10),(13,15,14),(15,16,14),(17,19,18),(19,20,18),(21,23,22),(23,24,22)),$);
#512=IFCSTYLEDITEM(#511,(#496),'wall_right_header');
#513=IFCCARTESIANPOINTLIST3D(((4.7,-3.,3.66),(4.7,-2.5,3.66),(4.7,-3.,-0.),(4.7,-2.5,-0.),(4.5,-2.5,3.66),(4.5,-3.,3.66),(4.5,-2.5,-0.),(4.5,-3.,-0.),(4.5,-2.5,3.66),(4.7,-2.5,3.66),(4.5,-3.,3.66),(4.7,-3.,3.66),(4.5,-3.,-0.),(4.7,-3.,-0.),(4.5,-2.5,-0.),(4.7,-2.5,-0.),(4.5,-3.,3.66),(4.7,-3.,3.66),(4.5,-3.,-0.),(4.7,-3.,-0.),(4.7,-2.5,3.66),(4.5,-2.5,3.66),(4.7,-2.5,-0.),(4.5,-2.5,-0.)));
#514=IFCTRIANGULATEDFACESET(#513,$,$,((1,3,2),(3,4,2),(5,7,6),(7,8,6),(9,11,10),(11,12,10),(13,15,14),(15,16,14),(17,19,18),(19,20,18),(21,23,22),(23,24,22)),$);
#515=IFCSTYLEDITEM(#514,(#496),'wall_right_b');
#516=IFCCARTESIANPOINTLIST3D(((-4.612905,-2.478648,2.11),(-5.514441,-2.179092,2.11),(-4.612905,-2.478648,0.01),(-5.514441,-2.179092,0.01),(-5.52863,-2.221796,2.11),(-4.627095,-2.521352,2.11),(-5.52863,-2.221796,0.01),(-4.627095,-2.521352,0.01),(-5.52863,-2.221796,2.11),(-5.514441,-2.179092,2.11),(-4.627095,-2.521352,2.11),(-4.612905,-2.478648,2.11),(-4.627095,-2.521352,0.01),(-4.612905,-2.478648,0.01),(-5.52863,-2.221796,0.01),(-5.514441,-2.179092,0.01),(-4.627095,-2.521352,2.11),(-4.612905,-2.478648,2.11),(-4.627095,-2.521352,0.01),(-4.612905,-2.478648,0.01),(-5.514441,-2.179092,2.11),(-5.52863,-2.221796,2.11),(-5.514441,-2.179092,0.01),(-5.52863,-2.221796,0.01)));
#517=IFCTRIANGULATEDFACESET(#516,$,$,((1,3,2),(3,4,2),(5,7,6),(7,8,6),(9,11,10),(11,12,10),(13,15,14),(15,16,14),(17,19,18),(19,20,18),(21,23,22),(23,24,22)),$);
#518=IFCSTYLEDITEM(#517,(#35),'door_left_leaf');
#519=IFCCARTESIANPOINTLIST3D(((-4.721205,-2.487447,1.03),(-5.432943,-2.250956,1.03),(-4.721205,-2.487447,0.97),(-5.432943,-2.250956,0.97),(-5.448709,-2.298405,1.03),(-4.736971,-2.534897,1.03),(-5.448709,-2.298405,0.97),(-4.736971,-2.534897,0.97),(-5.448709,-2.298405,1.03),(-5.432943,-2.250956,1.03),(-4.736971,-2.534897,1.03),(-4.721205,-2.487447,1.03),(-4.736971,-2.534897,0.97),(-4.721205,-2.487447,0.97),(-5.448709,-2.298405,0.97),(-5.432943,-2.250956,0.97),(-4.736971,-2.534897,1.03),(-4.721205,-2.487447,1.03),(-4.736971,-2.534897,0.97),(-4.721205,-2.487447,0.97),(-5.432943,-2.250956,1.03),(-5.448709,-2.298405,1.03),(-5.432943,-2.250956,0.97),(-5.448709,-2.298405,0.97)));
#520=IFCTRIANGULATEDFACESET(#519,$,$,((1,3,2),(3,4,2),(5,7,6),(7,8,6),(9,11,10),(11,12,10),(13,15,14),(15,16,14),(17,19,18),(19,20,18),(21,23,22),(23,24,22)),$);
#521=IFCSTYLEDITEM(#520,(#51),'door_left_panic_bar');
#522=IFCCARTESIANPOINTLIST3D(((4.627095,-2.521352,2.11),(5.52863,-2.221796,2.11),(4.627095,-2.521352,0.01),(5.52863,-2.221796,0.01),(5.514441,-2.179092,2.11),(4.612905,-2.478648,2.11),(5.514441,-2.179092,0.01),(4.612905,-2.478648,0.01),(5.514441,-2.179092,2.11),(5.52863,-2.221796,2.11),(4.612905,-2.478648,2.11),(4.627095,-2.521352,2.11),(4.612905,-2.478648,0.01),(4.627095,-2.521352,0.01),(5.514441,-2.179092,0.01),(5.52863,-2.221796,0.01),(4.612905,-2.478648,2.11),(4.627095,-2.521352,2.11),(4.612905,-2.478648,0.01),(4.627095,-2.521352,0.01),(5.52863,-2.221796,2.11),(5.514441,-2.179092,2.11),(5.52863,-2.221796,0.01),(5.514441,-2.179092,0.01)));
#523=IFCTRIANGULATEDFACESET(#522,$,$,((1,3,2),(3,4,2),(5,7,6),(7,8,6),(9,11,10),(11,12,10),(13,15,14),(15,16,14),(17,19,18),(19,20,18),(21,23,22),(23,24,22)),$);
#524=IFCSTYLEDITEM(#523,(#35),'door_right_leaf');
#525=IFCCARTESIANPOINTLIST3D(((4.736971,-2.534897,1.03),(5.448709,-2.298405,1.03),(4.736971,-2.534897,0.97),(5.448709,-2.298405,0.97),(5.432943,-2.250956,1.03),(4.721205,-2.487447,1.03),(5.432943,-2.250956,0.97),(4.721205,-2.487447,0.97),(5.432943,-2.250956,1.03),(5.448709,-2.298405,1.03),(4.721205,-2.487447,1.03),(4.736971,-2.534897,1.03),(4.721205,-2.487447,0.97),(4.736971,-2.534897,0.97),(5.432943,-2.250956,0.97),(5.448709,-2.298405,0.97),(4.721205,-2.487447,1.03),(4.736971,-2.534897,1.03),(4.721205,-2.487447,0.97),(4.736971,-2.534897,0.97),(5.448709,-2.298405,1.03),(5.432943,-2.250956,1.03),(5.448709,-2.298405,0.97),(5.432943,-2.250956,0.97)));
#526=IFCTRIANGULATEDFACESET(#525,$,$,((1,3,2),(3,4,2),(5,7,6),(7,8,6),(9,11,10),(11,12,10),(13,15,14),(15,16,14),(17,19,18),(19,20,18),(21,23,22),(23,24,22)),$);
#527=IFCSTYLEDITEM(#526,(#51),'door_right_panic_bar');
#528=IFCCARTESIANPOINTLIST3D(((0.183,2.14,0.1),(0.183,2.95,0.1),(0.183,2.14,0.),(0.183,2.95,0.),(-4.317,2.95,0.1),(-4.317,2.14,0.1),(-4.317,2.95,0.),(-4.317,2.14,0.),(-4.317,2.95,0.1),(0.183,2.95,0.1),(-4.317,2.14,0.1),(0.183,2.14,0.1),(-4.317,2.14,0.),(0.183,2.14,0.),(-4.317,2.95,0.),(0.183,2.95,0.),(-4.317,2.14,0.1),(0.183,2.14,0.1),(-4.317,2.14,0.),(0.183,2.14,0.),(0.183,2.95,0.1),(-4.317,2.95,0.1),(0.183,2.95,0.),(-4.317,2.95,0.)));
#529=IFCTRIANGULATEDFACESET(#528,$,$,((1,3,2),(3,4,2),(5,7,6),(7,8,6),(9,11,10),(11,12,10),(13,15,14),(15,16,14),(17,19,18),(19,20,18),(21,23,22),(23,24,22)),$);
#530=IFCSTYLEDITEM(#529,(#489),'pad_switchboard');
#531=IFCCARTESIANPOINTLIST3D(((3.35,1.85,0.1),(3.35,2.95,0.1),(3.35,1.85,0.),(3.35,2.95,0.),(2.05,2.95,0.1),(2.05,1.85,0.1),(2.05,2.95,0.),(2.05,1.85,0.),(2.05,2.95,0.1),(3.35,2.95,0.1),(2.05,1.85,0.1),(3.35,1.85,0.1),(2.05,1.85,0.),(3.35,1.85,0.),(2.05,2.95,0.),(3.35,2.95,0.),(2.05,1.85,0.1),(3.35,1.85,0.1),(2.05,1.85,0.),(3.35,1.85,0.),(3.35,2.95,0.1),(2.05,2.95,0.1),(3.35,2.95,0.),(2.05,2.95,0.)));
#532=IFCTRIANGULATEDFACESET(#531,$,$,((1,3,2),(3,4,2),(5,7,6),(7,8,6),(9,11,10),(11,12,10),(13,15,14),(15,16,14),(17,19,18),(19,20,18),(21,23,22),(23,24,22)),$);
#533=IFCSTYLEDITEM(#532,(#489),'pad_transformer');
#534=IFCSHAPEREPRESENTATION(#11,'Body','Tessellation',(#485,#492,#499,#502,#505,#508,#511,#514,#517,#520,#523,#526,#529,#532));
#535=IFCPRODUCTDEFINITIONSHAPE($,$,(#534));
#536=IFCLOCALPLACEMENT(#25,#9);
#537=IFCBUILDINGELEMENTPROXY('2nJpMJg1ImTsMQB4u5YBC9',#5,'Electrical room shell','Floor slab, back and side walls with two out-swinging egress doors (front wall cut away for viewing)',$,#536,#535,'ROOM',.NOTDEFINED.);
#538=IFCPROPERTYSINGLEVALUE('RoomName',$,IFCLABEL('Main electrical room'),$);
#539=IFCPROPERTYSINGLEVALUE('ClearWidth',$,IFCLENGTHMEASURE(9.),$);
#540=IFCPROPERTYSINGLEVALUE('ClearDepth',$,IFCLENGTHMEASURE(6.),$);
#541=IFCPROPERTYSINGLEVALUE('ClearHeight',$,IFCLENGTHMEASURE(3.66),$);
#542=IFCPROPERTYSINGLEVALUE('Egress',$,IFCLABEL('Two doors, out-swinging with panic hardware per NEC 110.26(C)'),$);
#543=IFCPROPERTYSET('1r4QyyC0qLVg7K7eU3dUph',#5,'RoomInformation',$,(#538,#539,#540,#541,#542));
#544=IFCRELDEFINESBYPROPERTIES('0aHM$OMF9PmmLZ34uL_Npf',#5,$,$,(#537),#543);
#545=IFCCARTESIANPOINTLIST3D(((0.068,1.2,2.39),(0.068,2.27,2.39),(0.068,1.2,0.1),(0.068,2.27,0.1),(-4.202,2.27,2.39),(-4.202,1.2,2.39),(-4.202,2.27,0.1),(-4.202,1.2,0.1),(-4.202,2.27,2.39),(0.068,2.27,2.39),(-4.202,1.2,2.39),(0.068,1.2,2.39),(-4.202,1.2,0.1),(0.068,1.2,0.1),(-4.202,2.27,0.1),(0.068,2.27,0.1),(-4.202,1.2,2.39),(0.068,1.2,2.39),(-4.202,1.2,0.1),(0.068,1.2,0.1),(0.068,2.27,2.39),(-4.202,2.27,2.39),(0.068,2.27,0.1),(-4.202,2.27,0.1)));
#546=IFCTRIANGULATEDFACESET(#545,$,$,((1,3,2),(3,4,2),(5,7,6),(7,8,6),(9,11,10),(11,12,10),(13,15,14),(15,16,14),(17,19,18),(19,20,18),(21,23,22),(23,24,22)),$);
#547=IFCCOLOURRGB($,0.415686,0.607843,0.8);
#548=IFCSURFACESTYLERENDERING(#547,0.86,$,$,$,$,$,$,.NOTDEFINED.);
#549=IFCSURFACESTYLE('working_clearance_zone',.BOTH.,(#548));
#550=IFCPRESENTATIONSTYLEASSIGNMENT((#549));
#551=IFCSTYLEDITEM(#546,(#550),'clearance_msb');
#552=IFCCARTESIANPOINTLIST3D(((3.15,1.166,1.98),(3.15,2.08,1.98),(3.15,1.166,-0.),(3.15,2.08,-0.),(2.25,2.08,1.98),(2.25,1.166,1.98),(2.25,2.08,-0.),(2.25,1.166,-0.),(2.25,2.08,1.98),(3.15,2.08,1.98),(2.25,1.166,1.98),(3.15,1.166,1.98),(2.25,1.166,-0.),(3.15,1.166,-0.),(2.25,2.08,-0.),(3.15,2.08,-0.),(2.25,1.166,1.98),(3.15,1.166,1.98),(2.25,1.166,-0.),(3.15,1.166,-0.),(3.15,2.08,1.98),(2.25,2.08,1.98),(3.15,2.08,-0.),(2.25,2.08,-0.)));
#553=IFCTRIANGULATEDFACESET(#552,$,$,((1,3,2),(3,4,2),(5,7,6),(7,8,6),(9,11,10),(11,12,10),(13,15,14),(15,16,14),(17,19,18),(19,20,18),(21,23,22),(23,24,22)),$);
#554=IFCSTYLEDITEM(#553,(#550),'clearance_t1');
#555=IFCCARTESIANPOINTLIST3D(((-3.341,1.319,1.98),(-3.341,2.081,1.98),(-3.341,1.319,-0.),(-3.341,2.081,-0.),(-4.255,2.081,1.98),(-4.255,1.319,1.98),(-4.255,2.081,-0.),(-4.255,1.319,-0.),(-4.255,2.081,1.98),(-3.341,2.081,1.98),(-4.255,1.319,1.98),(-3.341,1.319,1.98),(-4.255,1.319,-0.),(-3.341,1.319,-0.),(-4.255,2.081,-0.),(-3.341,2.081,-0.),(-4.255,1.319,1.98),(-3.341,1.319,1.98),(-4.255,1.319,-0.),(-3.341,1.319,-0.),(-3.341,2.081,1.98),(-4.255,2.081,1.98),(-3.341,2.081,-0.),(-4.255,2.081,-0.)));
#556=IFCTRIANGULATEDFACESET(#555,$,$,((1,3,2),(3,4,2),(5,7,6),(7,8,6),(9,11,10),(11,12,10),(13,15,14),(15,16,14),(17,19,18),(19,20,18),(21,23,22),(23,24,22)),$);
#557=IFCSTYLEDITEM(#556,(#550),'clearance_dp1');
#558=IFCCARTESIANPOINTLIST3D(((-3.381,0.169,1.98),(-3.381,0.931,1.98),(-3.381,0.169,-0.),(-3.381,0.931,-0.),(-4.295,0.931,1.98),(-4.295,0.169,1.98),(-4.295,0.931,-0.),(-4.295,0.169,-0.),(-4.295,0.931,1.98),(-3.381,0.931,1.98),(-4.295,0.169,1.98),(-3.381,0.169,1.98),(-4.295,0.169,-0.),(-3.381,0.169,-0.),(-4.295,0.931,-0.),(-3.381,0.931,-0.),(-4.295,0.169,1.98),(-3.381,0.169,1.98),(-4.295,0.169,-0.),(-3.381,0.169,-0.),(-3.381,0.931,1.98),(-4.295,0.931,1.98),(-3.381,0.931,-0.),(-4.295,0.931,-0.)));
#559=IFCTRIANGULATEDFACESET(#558,$,$,((1,3,2),(3,4,2),(5,7,6),(7,8,6),(9,11,10),(11,12,10),(13,15,14),(15,16,14),(17,19,18),(19,20,18),(21,23,22),(23,24,22)),$);
#560=IFCSTYLEDITEM(#559,(#550),'clearance_lp1');
#561=IFCCARTESIANPOINTLIST3D(((-3.381,-0.931,1.98),(-3.381,-0.169,1.98),(-3.381,-0.931,-0.),(-3.381,-0.169,-0.),(-4.295,-0.169,1.98),(-4.295,-0.931,1.98),(-4.295,-0.169,-0.),(-4.295,-0.931,-0.),(-4.295,-0.169,1.98),(-3.381,-0.169,1.98),(-4.295,-0.931,1.98),(-3.381,-0.931,1.98),(-4.295,-0.931,-0.),(-3.381,-0.931,-0.),(-4.295,-0.169,-0.),(-3.381,-0.169,-0.),(-4.295,-0.931,1.98),(-3.381,-0.931,1.98),(-4.295,-0.931,-0.),(-3.381,-0.931,-0.),(-3.381,-0.169,1.98),(-4.295,-0.169,1.98),(-3.381,-0.169,-0.),(-4.295,-0.169,-0.)));
#562=IFCTRIANGULATEDFACESET(#561,$,$,((1,3,2),(3,4,2),(5,7,6),(7,8,6),(9,11,10),(11,12,10),(13,15,14),(15,16,14),(17,19,18),(19,20,18),(21,23,22),(23,24,22)),$);
#563=IFCSTYLEDITEM(#562,(#550),'clearance_lp2');
#564=IFCCARTESIANPOINTLIST3D(((4.255,1.319,1.98),(4.255,2.081,1.98),(4.255,1.319,-0.),(4.255,2.081,-0.),(3.341,2.081,1.98),(3.341,1.319,1.98),(3.341,2.081,-0.),(3.341,1.319,-0.),(3.341,2.081,1.98),(4.255,2.081,1.98),(3.341,1.319,1.98),(4.255,1.319,1.98),(3.341,1.319,-0.),(4.255,1.319,-0.),(3.341,2.081,-0.),(4.255,2.081,-0.),(3.341,1.319,1.98),(4.255,1.319,1.98),(3.341,1.319,-0.),(4.255,1.319,-0.),(4.255,2.081,1.98),(3.341,2.081,1.98),(4.255,2.081,-0.),(3.341,2.081,-0.)));
#565=IFCTRIANGULATEDFACESET(#564,$,$,((1,3,2),(3,4,2),(5,7,6),(7,8,6),(9,11,10),(11,12,10),(13,15,14),(15,16,14),(17,19,18),(19,20,18),(21,23,22),(23,24,22)),$);
#566=IFCSTYLEDITEM(#565,(#550),'clearance_dp2');
#567=IFCCARTESIANPOINTLIST3D(((4.295,0.169,1.98),(4.295,0.931,1.98),(4.295,0.169,-0.),(4.295,0.931,-0.),(3.381,0.931,1.98),(3.381,0.169,1.98),(3.381,0.931,-0.),(3.381,0.169,-0.),(3.381,0.931,1.98),(4.295,0.931,1.98),(3.381,0.169,1.98),(4.295,0.169,1.98),(3.381,0.169,-0.),(4.295,0.169,-0.),(3.381,0.931,-0.),(4.295,0.931,-0.),(3.381,0.169,1.98),(4.295,0.169,1.98),(3.381,0.169,-0.),(4.295,0.169,-0.),(4.295,0.931,1.98),(3.381,0.931,1.98),(4.295,0.931,-0.),(3.381,0.931,-0.)));
#568=IFCTRIANGULATEDFACESET(#567,$,$,((1,3,2),(3,4,2),(5,7,6),(7,8,6),(9,11,10),(11,12,10),(13,15,14),(15,16,14),(17,19,18),(19,20,18),(21,23,22),(23,24,22)),$);
#569=IFCSTYLEDITEM(#568,(#550),'clearance_lp3');
#570=IFCCARTESIANPOINTLIST3D(((4.295,-0.931,1.98),(4.295,-0.169,1.98),(4.295,-0.931,-0.),(4.295,-0.169,-0.),(3.381,-0.169,1.98),(3.381,-0.931,1.98),(3.381,-0.169,-0.),(3.381,-0.931,-0.),(3.381,-0.169,1.98),(4.295,-0.169,1.98),(3.381,-0.931,1.98),(4.295,-0.931,1.98),(3.381,-0.931,-0.),(4.295,-0.931,-0.),(3.381,-0.169,-0.),(4.295,-0.169,-0.),(3.381,-0.931,1.98),(4.295,-0.931,1.98),(3.381,-0.931,-0.),(4.295,-0.931,-0.),(4.295,-0.169,1.98),(3.381,-0.169,1.98),(4.295,-0.169,-0.),(3.381,-0.169,-0.)));
#571=IFCTRIANGULATEDFACESET(#570,$,$,((1,3,2),(3,4,2),(5,7,6),(7,8,6),(9,11,10),(11,12,10),(13,15,14),(15,16,14),(17,19,18),(19,20,18),(21,23,22),(23,24,22)),$);
#572=IFCSTYLEDITEM(#571,(#550),'clearance_lp4');
#573=IFCSHAPEREPRESENTATION(#11,'Body','Tessellation',(#546,#553,#556,#559,#562,#565,#568,#571));
#574=IFCPRODUCTDEFINITIONSHAPE($,$,(#573));
#575=IFCLOCALPLACEMENT(#25,#9);
#576=IFCBUILDINGELEMENTPROXY('0ShggqMRi5r5tFmjcJZBMH',#5,'NEC 110.26 working clearances','Condition 2: 1.07 m (3.5 ft) at the 2500 A switchboard; 0.914 m (3 ft) x 0.762 m x 1.98 m at panelboards and transformer',$,#575,#574,'CLEARANCE',.NOTDEFINED.);
#577=IFCRELCONTAINEDINSPATIALSTRUCTURE('3y8UbGDroPw_JszMsApSSb',#5,$,$,(#105,#137,#171,#207,#243,#279,#315,#351,#379,#425,#437,#477,#537,#576),#26);
ENDSEC;
END-ISO-10303-21;
