ISO-10303-21;
HEADER;
FILE_DESCRIPTION(('ViewDefinition [CoordinationView]'),'2;1');
FILE_NAME('rme_QUARANTINED.ifc','2026-08-04T00:00:00',(''),(''),'tekton frontdoor IFC addition','tekton frontdoor','');
FILE_SCHEMA(('IFC4'));
ENDSEC;
DATA;
#1=IFCPERSON($,$,'',$,$,$,$,$);
#2=IFCORGANIZATION($,'tekton',$,$,$);
#3=IFCPERSONANDORGANIZATION(#1,#2,$);
#4=IFCAPPLICATION(#2,'1.0','tekton frontdoor IFC addition','tekton_frontdoor');
#5=IFCOWNERHISTORY(#3,#4,$,.NOCHANGE.,$,$,$,0);
#6=IFCDIRECTION((1.,0.,0.));
#7=IFCDIRECTION((0.,0.,1.));
#8=IFCCARTESIANPOINT((0.,0.,0.));
#9=IFCAXIS2PLACEMENT3D(#8,#7,#6);
#10=IFCGEOMETRICREPRESENTATIONCONTEXT($,'Model',3,1.E-05,#9,$);
#11=IFCGEOMETRICREPRESENTATIONSUBCONTEXT('Body','Model',*,*,*,*,#10,$,.MODEL_VIEW.,$);
#12=IFCSIUNIT(*,.LENGTHUNIT.,$,.METRE.);
#13=IFCSIUNIT(*,.AREAUNIT.,$,.SQUARE_METRE.);
#14=IFCSIUNIT(*,.VOLUMEUNIT.,$,.CUBIC_METRE.);
#15=IFCSIUNIT(*,.PLANEANGLEUNIT.,$,.RADIAN.);
#16=IFCSIUNIT(*,.ELECTRICVOLTAGEUNIT.,$,.VOLT.);
#17=IFCSIUNIT(*,.ELECTRICCURRENTUNIT.,$,.AMPERE.);
#18=IFCSIUNIT(*,.POWERUNIT.,$,.WATT.);
#19=IFCUNITASSIGNMENT((#12,#13,#14,#15,#16,#17,#18));
#20=IFCPROJECT('2dVTqGua6pf5gP8aZZtRWj',#5,'rmebasicsampleproject','exported from rmebasicsampleproject.rvt by tekton convert (rvt.convert) -- FOREIGN design content, dev-only',$,$,$,(#10),#19);
#21=IFCLOCALPLACEMENT($,#9);
#22=IFCSITE('2Otlrkvmtx7Uf1REpVEHzO',#5,'Site',$,$,#21,$,$,.ELEMENT.,$,$,$,$,$);
#23=IFCLOCALPLACEMENT(#21,#9);
#24=IFCBUILDING('0R8Ea26peMi5aeVAtSU6Bs',#5,'Building',$,$,#23,$,$,.ELEMENT.,$,$,$);
#25=IFCLOCALPLACEMENT(#23,#9);
#26=IFCBUILDINGSTOREY('322RNsjUSauJFEpkVI4qGX',#5,'Level 2',$,$,#25,$,$,.ELEMENT.,3.8);
#27=IFCRELAGGREGATES('0gDq1dZFSe_kiHgEXyH5tk',#5,$,$,#20,(#22));
#28=IFCRELAGGREGATES('02xE1DG85cPBoFrrmSoz7i',#5,$,$,#22,(#24));
#29=IFCRELAGGREGATES('2rzk7PO2m$954MoleLbKUr',#5,$,$,#24,(#26));
#30=IFCCOLOURRGB($,0.611765,0.635294,0.639216);
#31=IFCSURFACESTYLERENDERING(#30,0.,$,$,$,$,$,$,.NOTDEFINED.);
#32=IFCSURFACESTYLE('tekton_gray',.BOTH.,(#31));
#33=IFCPRESENTATIONSTYLEASSIGNMENT((#32));
#34=IFCCARTESIANPOINTLIST3D(((9.008998,40.820281,3.8),(9.008998,32.455281,3.8),(9.208998,32.455281,3.8),(9.208998,40.820281,3.8),(9.008998,40.820281,7.),(9.008998,32.455281,7.),(9.208998,32.455281,7.),(9.208998,40.820281,7.)));
#35=IFCTRIANGULATEDFACESET(#34,$,$,((1,3,2),(1,4,3),(5,6,7),(5,7,8),(1,2,6),(1,6,5),(2,3,7),(2,7,6),(3,4,8),(3,8,7),(4,1,5),(4,5,8)),$);
#36=IFCSTYLEDITEM(#35,(#33),'wall_1');
#37=IFCCARTESIANPOINTLIST3D(((-1.091002,32.455281,3.8),(21.205589,32.455281,3.8),(21.205589,32.655281,3.8),(-1.091002,32.655281,3.8),(-1.091002,32.455281,7.),(21.205589,32.455281,7.),(21.205589,32.655281,7.),(-1.091002,32.655281,7.)));
#38=IFCTRIANGULATEDFACESET(#37,$,$,((1,3,2),(1,4,3),(5,6,7),(5,7,8),(1,2,6),(1,6,5),(2,3,7),(2,7,6),(3,4,8),(3,8,7),(4,1,5),(4,5,8)),$);
#39=IFCSTYLEDITEM(#38,(#33),'wall_2');
#40=IFCCARTESIANPOINTLIST3D(((-1.605403,-4.677219,0.094172),(9.458568,-4.677219,0.094172),(9.458568,-4.502219,0.094172),(-1.605403,-4.502219,0.094172),(-1.605403,-4.677219,3.5),(9.458568,-4.677219,3.5),(9.458568,-4.502219,3.5),(-1.605403,-4.502219,3.5)));
#41=IFCTRIANGULATEDFACESET(#40,$,$,((1,3,2),(1,4,3),(5,6,7),(5,7,8),(1,2,6),(1,6,5),(2,3,7),(2,7,6),(3,4,8),(3,8,7),(4,1,5),(4,5,8)),$);
#42=IFCSTYLEDITEM(#41,(#33),'wall_3');
#43=IFCCARTESIANPOINTLIST3D(((-1.605403,-6.932219,0.094172),(4.458568,-6.932219,0.094172),(4.458568,-6.757219,0.094172),(-1.605403,-6.757219,0.094172),(-1.605403,-6.932219,3.5),(4.458568,-6.932219,3.5),(4.458568,-6.757219,3.5),(-1.605403,-6.757219,3.5)));
#44=IFCTRIANGULATEDFACESET(#43,$,$,((1,3,2),(1,4,3),(5,6,7),(5,7,8),(1,2,6),(1,6,5),(2,3,7),(2,7,6),(3,4,8),(3,8,7),(4,1,5),(4,5,8)),$);
#45=IFCSTYLEDITEM(#44,(#33),'wall_4');
#46=IFCCARTESIANPOINTLIST3D(((1.369597,-12.836265,0.094172),(1.369597,-4.502219,0.094172),(1.194597,-4.502219,0.094172),(1.194597,-12.836265,0.094172),(1.369597,-12.836265,3.5),(1.369597,-4.502219,3.5),(1.194597,-4.502219,3.5),(1.194597,-12.836265,3.5)));
#47=IFCTRIANGULATEDFACESET(#46,$,$,((1,3,2),(1,4,3),(5,6,7),(5,7,8),(1,2,6),(1,6,5),(2,3,7),(2,7,6),(3,4,8),(3,8,7),(4,1,5),(4,5,8)),$);
#48=IFCSTYLEDITEM(#47,(#33),'wall_5');
#49=IFCCARTESIANPOINTLIST3D(((4.283568,-6.932219,0.094172),(6.058568,-6.932219,0.094172),(6.058568,-6.757219,0.094172),(4.283568,-6.757219,0.094172),(4.283568,-6.932219,3.5),(6.058568,-6.932219,3.5),(6.058568,-6.757219,3.5),(4.283568,-6.757219,3.5)));
#50=IFCTRIANGULATEDFACESET(#49,$,$,((1,3,2),(1,4,3),(5,6,7),(5,7,8),(1,2,6),(1,6,5),(2,3,7),(2,7,6),(3,4,8),(3,8,7),(4,1,5),(4,5,8)),$);
#51=IFCSTYLEDITEM(#50,(#33),'wall_6');
#52=IFCCARTESIANPOINTLIST3D(((-12.675403,-7.202219,0.094172),(-4.360403,-7.202219,0.094172),(-4.360403,-7.087219,0.094172),(-12.675403,-7.087219,0.094172),(-12.675403,-7.202219,3.5),(-4.360403,-7.202219,3.5),(-4.360403,-7.087219,3.5),(-12.675403,-7.087219,3.5)));
#53=IFCTRIANGULATEDFACESET(#52,$,$,((1,3,2),(1,4,3),(5,6,7),(5,7,8),(1,2,6),(1,6,5),(2,3,7),(2,7,6),(3,4,8),(3,8,7),(4,1,5),(4,5,8)),$);
#54=IFCSTYLEDITEM(#53,(#33),'wall_7');
#55=IFCCARTESIANPOINTLIST3D(((9.313568,-4.617219,0.094172),(50.339656,-4.617219,0.094172),(50.339656,-4.502219,0.094172),(9.313568,-4.502219,0.094172),(9.313568,-4.617219,3.5),(50.339656,-4.617219,3.5),(50.339656,-4.502219,3.5),(9.313568,-4.502219,3.5)));
#56=IFCTRIANGULATEDFACESET(#55,$,$,((1,3,2),(1,4,3),(5,6,7),(5,7,8),(1,2,6),(1,6,5),(2,3,7),(2,7,6),(3,4,8),(3,8,7),(4,1,5),(4,5,8)),$);
#57=IFCSTYLEDITEM(#56,(#33),'wall_8');
#58=IFCCARTESIANPOINTLIST3D(((5.021498,31.855281,0.094172),(21.193089,31.855281,0.094172),(21.193089,32.030281,0.094172),(5.021498,32.030281,0.094172),(5.021498,31.855281,3.5),(21.193089,31.855281,3.5),(21.193089,32.030281,3.5),(5.021498,32.030281,3.5)));
#59=IFCTRIANGULATEDFACESET(#58,$,$,((1,3,2),(1,4,3),(5,6,7),(5,7,8),(1,2,6),(1,6,5),(2,3,7),(2,7,6),(3,4,8),(3,8,7),(4,1,5),(4,5,8)),$);
#60=IFCSTYLEDITEM(#59,(#33),'wall_9');
#61=IFCCARTESIANPOINTLIST3D(((9.051498,40.777781,0.094172),(9.051498,31.885281,0.094172),(9.166498,31.885281,0.094172),(9.166498,40.777781,0.094172),(9.051498,40.777781,3.5),(9.051498,31.885281,3.5),(9.166498,31.885281,3.5),(9.166498,40.777781,3.5)));
#62=IFCTRIANGULATEDFACESET(#61,$,$,((1,3,2),(1,4,3),(5,6,7),(5,7,8),(1,2,6),(1,6,5),(2,3,7),(2,7,6),(3,4,8),(3,8,7),(4,1,5),(4,5,8)),$);
#63=IFCSTYLEDITEM(#62,(#33),'wall_10');
#64=IFCCARTESIANPOINTLIST3D(((5.051498,34.532781,0.094172),(11.726343,34.532781,0.094172),(11.726343,34.647781,0.094172),(5.051498,34.647781,0.094172),(5.051498,34.532781,3.5),(11.726343,34.532781,3.5),(11.726343,34.647781,3.5),(5.051498,34.647781,3.5)));
#65=IFCTRIANGULATEDFACESET(#64,$,$,((1,3,2),(1,4,3),(5,6,7),(5,7,8),(1,2,6),(1,6,5),(2,3,7),(2,7,6),(3,4,8),(3,8,7),(4,1,5),(4,5,8)),$);
#66=IFCSTYLEDITEM(#65,(#33),'wall_11');
#67=IFCCARTESIANPOINTLIST3D(((15.051498,40.777781,0.094172),(15.051498,31.885281,0.094172),(15.166498,31.885281,0.094172),(15.166498,40.777781,0.094172),(15.051498,40.777781,3.5),(15.051498,31.885281,3.5),(15.166498,31.885281,3.5),(15.166498,40.777781,3.5)));
#68=IFCTRIANGULATEDFACESET(#67,$,$,((1,3,2),(1,4,3),(5,6,7),(5,7,8),(1,2,6),(1,6,5),(2,3,7),(2,7,6),(3,4,8),(3,8,7),(4,1,5),(4,5,8)),$);
#69=IFCSTYLEDITEM(#68,(#33),'wall_12');
#70=IFCCARTESIANPOINTLIST3D(((9.051498,38.247781,0.094172),(21.163089,38.247781,0.094172),(21.163089,38.362781,0.094172),(9.051498,38.362781,0.094172),(9.051498,38.247781,3.5),(21.163089,38.247781,3.5),(21.163089,38.362781,3.5),(9.051498,38.362781,3.5)));
#71=IFCTRIANGULATEDFACESET(#70,$,$,((1,3,2),(1,4,3),(5,6,7),(5,7,8),(1,2,6),(1,6,5),(2,3,7),(2,7,6),(3,4,8),(3,8,7),(4,1,5),(4,5,8)),$);
#72=IFCSTYLEDITEM(#71,(#33),'wall_13');
#73=IFCCARTESIANPOINTLIST3D(((17.946343,34.532781,0.094172),(21.163089,34.532781,0.094172),(21.163089,34.647781,0.094172),(17.946343,34.647781,0.094172),(17.946343,34.532781,3.5),(21.163089,34.532781,3.5),(21.163089,34.647781,3.5),(17.946343,34.647781,3.5)));
#74=IFCTRIANGULATEDFACESET(#73,$,$,((1,3,2),(1,4,3),(5,6,7),(5,7,8),(1,2,6),(1,6,5),(2,3,7),(2,7,6),(3,4,8),(3,8,7),(4,1,5),(4,5,8)),$);
#75=IFCSTYLEDITEM(#74,(#33),'wall_14');
#76=IFCCARTESIANPOINTLIST3D(((-1.605403,-4.677219,3.8),(9.458568,-4.677219,3.8),(9.458568,-4.502219,3.8),(-1.605403,-4.502219,3.8),(-1.605403,-4.677219,7.),(9.458568,-4.677219,7.),(9.458568,-4.502219,7.),(-1.605403,-4.502219,7.)));
#77=IFCTRIANGULATEDFACESET(#76,$,$,((1,3,2),(1,4,3),(5,6,7),(5,7,8),(1,2,6),(1,6,5),(2,3,7),(2,7,6),(3,4,8),(3,8,7),(4,1,5),(4,5,8)),$);
#78=IFCSTYLEDITEM(#77,(#33),'wall_15');
#79=IFCCARTESIANPOINTLIST3D(((-1.605403,-6.932219,3.8),(4.458568,-6.932219,3.8),(4.458568,-6.757219,3.8),(-1.605403,-6.757219,3.8),(-1.605403,-6.932219,7.),(4.458568,-6.932219,7.),(4.458568,-6.757219,7.),(-1.605403,-6.757219,7.)));
#80=IFCTRIANGULATEDFACESET(#79,$,$,((1,3,2),(1,4,3),(5,6,7),(5,7,8),(1,2,6),(1,6,5),(2,3,7),(2,7,6),(3,4,8),(3,8,7),(4,1,5),(4,5,8)),$);
#81=IFCSTYLEDITEM(#80,(#33),'wall_16');
#82=IFCCARTESIANPOINTLIST3D(((1.369597,-12.836265,3.8),(1.369597,-4.502219,3.8),(1.194597,-4.502219,3.8),(1.194597,-12.836265,3.8),(1.369597,-12.836265,7.),(1.369597,-4.502219,7.),(1.194597,-4.502219,7.),(1.194597,-12.836265,7.)));
#83=IFCTRIANGULATEDFACESET(#82,$,$,((1,3,2),(1,4,3),(5,6,7),(5,7,8),(1,2,6),(1,6,5),(2,3,7),(2,7,6),(3,4,8),(3,8,7),(4,1,5),(4,5,8)),$);
#84=IFCSTYLEDITEM(#83,(#33),'wall_17');
#85=IFCCARTESIANPOINTLIST3D(((4.283568,-6.932219,3.8),(6.058568,-6.932219,3.8),(6.058568,-6.757219,3.8),(4.283568,-6.757219,3.8),(4.283568,-6.932219,7.),(6.058568,-6.932219,7.),(6.058568,-6.757219,7.),(4.283568,-6.757219,7.)));
#86=IFCTRIANGULATEDFACESET(#85,$,$,((1,3,2),(1,4,3),(5,6,7),(5,7,8),(1,2,6),(1,6,5),(2,3,7),(2,7,6),(3,4,8),(3,8,7),(4,1,5),(4,5,8)),$);
#87=IFCSTYLEDITEM(#86,(#33),'wall_18');
#88=IFCCARTESIANPOINTLIST3D(((-1.605403,-4.677219,7.3),(9.458568,-4.677219,7.3),(9.458568,-4.502219,7.3),(-1.605403,-4.502219,7.3),(-1.605403,-4.677219,10.6),(9.458568,-4.677219,10.6),(9.458568,-4.502219,10.6),(-1.605403,-4.502219,10.6)));
#89=IFCTRIANGULATEDFACESET(#88,$,$,((1,3,2),(1,4,3),(5,6,7),(5,7,8),(1,2,6),(1,6,5),(2,3,7),(2,7,6),(3,4,8),(3,8,7),(4,1,5),(4,5,8)),$);
#90=IFCSTYLEDITEM(#89,(#33),'wall_19');
#91=IFCCARTESIANPOINTLIST3D(((4.283568,-6.932219,7.3),(6.058568,-6.932219,7.3),(6.058568,-6.757219,7.3),(4.283568,-6.757219,7.3),(4.283568,-6.932219,10.6),(6.058568,-6.932219,10.6),(6.058568,-6.757219,10.6),(4.283568,-6.757219,10.6)));
#92=IFCTRIANGULATEDFACESET(#91,$,$,((1,3,2),(1,4,3),(5,6,7),(5,7,8),(1,2,6),(1,6,5),(2,3,7),(2,7,6),(3,4,8),(3,8,7),(4,1,5),(4,5,8)),$);
#93=IFCSTYLEDITEM(#92,(#33),'wall_20');
#94=IFCCARTESIANPOINTLIST3D(((-4.632844,35.937781,7.3),(-0.803502,35.937781,7.3),(-0.803502,36.112781,7.3),(-4.632844,36.112781,7.3),(-4.632844,35.937781,10.6),(-0.803502,35.937781,10.6),(-0.803502,36.112781,10.6),(-4.632844,36.112781,10.6)));
#95=IFCTRIANGULATEDFACESET(#94,$,$,((1,3,2),(1,4,3),(5,6,7),(5,7,8),(1,2,6),(1,6,5),(2,3,7),(2,7,6),(3,4,8),(3,8,7),(4,1,5),(4,5,8)),$);
#96=IFCSTYLEDITEM(#95,(#33),'wall_21');
#97=IFCCARTESIANPOINTLIST3D(((-4.662844,32.455281,7.3),(-0.803502,32.455281,7.3),(-0.803502,32.630281,7.3),(-4.662844,32.630281,7.3),(-4.662844,32.455281,10.6),(-0.803502,32.455281,10.6),(-0.803502,32.630281,10.6),(-4.662844,32.630281,10.6)));
#98=IFCTRIANGULATEDFACESET(#97,$,$,((1,3,2),(1,4,3),(5,6,7),(5,7,8),(1,2,6),(1,6,5),(2,3,7),(2,7,6),(3,4,8),(3,8,7),(4,1,5),(4,5,8)),$);
#99=IFCSTYLEDITEM(#98,(#33),'wall_22');
#100=IFCCARTESIANPOINTLIST3D(((-0.833502,34.395281,7.3),(-3.275344,34.395281,7.3),(-3.275344,34.280281,7.3),(-0.833502,34.280281,7.3),(-0.833502,34.395281,10.6),(-3.275344,34.395281,10.6),(-3.275344,34.280281,10.6),(-0.833502,34.280281,10.6)));
#101=IFCTRIANGULATEDFACESET(#100,$,$,((1,3,2),(1,4,3),(5,6,7),(5,7,8),(1,2,6),(1,6,5),(2,3,7),(2,7,6),(3,4,8),(3,8,7),(4,1,5),(4,5,8)),$);
#102=IFCSTYLEDITEM(#101,(#33),'wall_23');
#103=IFCCARTESIANPOINTLIST3D(((-1.996923,32.485281,7.3),(-1.996923,36.082781,7.3),(-2.111923,36.082781,7.3),(-2.111923,32.485281,7.3),(-1.996923,32.485281,10.6),(-1.996923,36.082781,10.6),(-2.111923,36.082781,10.6),(-2.111923,32.485281,10.6)));
#104=IFCTRIANGULATEDFACESET(#103,$,$,((1,3,2),(1,4,3),(5,6,7),(5,7,8),(1,2,6),(1,6,5),(2,3,7),(2,7,6),(3,4,8),(3,8,7),(4,1,5),(4,5,8)),$);
#105=IFCSTYLEDITEM(#104,(#33),'wall_24');
#106=IFCCARTESIANPOINTLIST3D(((2.051498,34.147781,3.8),(4.663147,34.147781,3.8),(4.663147,34.262781,3.8),(2.051498,34.262781,3.8),(2.051498,34.147781,7.),(4.663147,34.147781,7.),(4.663147,34.262781,7.),(2.051498,34.262781,7.)));
#107=IFCTRIANGULATEDFACESET(#106,$,$,((1,3,2),(1,4,3),(5,6,7),(5,7,8),(1,2,6),(1,6,5),(2,3,7),(2,7,6),(3,4,8),(3,8,7),(4,1,5),(4,5,8)),$);
#108=IFCSTYLEDITEM(#107,(#33),'wall_25');
#109=IFCCARTESIANPOINTLIST3D(((2.051498,40.777781,3.8),(2.051498,32.497781,3.8),(2.166498,32.497781,3.8),(2.166498,40.777781,3.8),(2.051498,40.777781,7.),(2.051498,32.497781,7.),(2.166498,32.497781,7.),(2.166498,40.777781,7.)));
#110=IFCTRIANGULATEDFACESET(#109,$,$,((1,3,2),(1,4,3),(5,6,7),(5,7,8),(1,2,6),(1,6,5),(2,3,7),(2,7,6),(3,4,8),(3,8,7),(4,1,5),(4,5,8)),$);
#111=IFCSTYLEDITEM(#110,(#33),'wall_26');
#112=IFCCARTESIANPOINTLIST3D(((21.163089,34.912781,3.8),(14.051498,34.912781,3.8),(14.051498,34.797781,3.8),(21.163089,34.797781,3.8),(21.163089,34.912781,7.),(14.051498,34.912781,7.),(14.051498,34.797781,7.),(21.163089,34.797781,7.)));
#113=IFCTRIANGULATEDFACESET(#112,$,$,((1,3,2),(1,4,3),(5,6,7),(5,7,8),(1,2,6),(1,6,5),(2,3,7),(2,7,6),(3,4,8),(3,8,7),(4,1,5),(4,5,8)),$);
#114=IFCSTYLEDITEM(#113,(#33),'wall_27');
#115=IFCCARTESIANPOINTLIST3D(((17.051498,40.777781,3.8),(17.051498,32.497781,3.8),(17.166498,32.497781,3.8),(17.166498,40.777781,3.8),(17.051498,40.777781,7.),(17.051498,32.497781,7.),(17.166498,32.497781,7.),(17.166498,40.777781,7.)));
#116=IFCTRIANGULATEDFACESET(#115,$,$,((1,3,2),(1,4,3),(5,6,7),(5,7,8),(1,2,6),(1,6,5),(2,3,7),(2,7,6),(3,4,8),(3,8,7),(4,1,5),(4,5,8)),$);
#117=IFCSTYLEDITEM(#116,(#33),'wall_28');
#118=IFCCARTESIANPOINTLIST3D(((10.472097,38.330281,0.094172),(10.472097,34.565281,0.094172),(10.522097,34.565281,0.094172),(10.522097,38.330281,0.094172),(10.472097,38.330281,3.5),(10.472097,34.565281,3.5),(10.522097,34.565281,3.5),(10.522097,38.330281,3.5)));
#119=IFCTRIANGULATEDFACESET(#118,$,$,((1,3,2),(1,4,3),(5,6,7),(5,7,8),(1,2,6),(1,6,5),(2,3,7),(2,7,6),(3,4,8),(3,8,7),(4,1,5),(4,5,8)),$);
#120=IFCSTYLEDITEM(#119,(#33),'wall_29');
#121=IFCCARTESIANPOINTLIST3D(((-4.632903,16.612781,0.094172),(-4.632903,-4.677219,0.094172),(-4.517903,-4.677219,0.094172),(-4.517903,16.612781,0.094172),(-4.632903,16.612781,3.5),(-4.632903,-4.677219,3.5),(-4.517903,-4.677219,3.5),(-4.517903,16.612781,3.5)));
#122=IFCTRIANGULATEDFACESET(#121,$,$,((1,3,2),(1,4,3),(5,6,7),(5,7,8),(1,2,6),(1,6,5),(2,3,7),(2,7,6),(3,4,8),(3,8,7),(4,1,5),(4,5,8)),$);
#123=IFCSTYLEDITEM(#122,(#33),'wall_30');
#124=IFCCARTESIANPOINTLIST3D(((9.313568,-4.617219,3.8),(50.339656,-4.617219,3.8),(50.339656,-4.502219,3.8),(9.313568,-4.502219,3.8),(9.313568,-4.617219,7.),(50.339656,-4.617219,7.),(50.339656,-4.502219,7.),(9.313568,-4.502219,7.)));
#125=IFCTRIANGULATEDFACESET(#124,$,$,((1,3,2),(1,4,3),(5,6,7),(5,7,8),(1,2,6),(1,6,5),(2,3,7),(2,7,6),(3,4,8),(3,8,7),(4,1,5),(4,5,8)),$);
#126=IFCSTYLEDITEM(#125,(#33),'wall_31');
#127=IFCCARTESIANPOINTLIST3D(((-4.632844,18.912781,3.8),(-4.632844,-4.703658,3.8),(-4.517844,-4.703658,3.8),(-4.517844,18.912781,3.8),(-4.632844,18.912781,7.),(-4.632844,-4.703658,7.),(-4.517844,-4.703658,7.),(-4.517844,18.912781,7.)));
#128=IFCTRIANGULATEDFACESET(#127,$,$,((1,3,2),(1,4,3),(5,6,7),(5,7,8),(1,2,6),(1,6,5),(2,3,7),(2,7,6),(3,4,8),(3,8,7),(4,1,5),(4,5,8)),$);
#129=IFCSTYLEDITEM(#128,(#33),'wall_32');
#130=IFCCARTESIANPOINTLIST3D(((9.413568,-4.617219,7.3),(50.339656,-4.617219,7.3),(50.339656,-4.502219,7.3),(9.413568,-4.502219,7.3),(9.413568,-4.617219,10.6),(50.339656,-4.617219,10.6),(50.339656,-4.502219,10.6),(9.413568,-4.502219,10.6)));
#131=IFCTRIANGULATEDFACESET(#130,$,$,((1,3,2),(1,4,3),(5,6,7),(5,7,8),(1,2,6),(1,6,5),(2,3,7),(2,7,6),(3,4,8),(3,8,7),(4,1,5),(4,5,8)),$);
#132=IFCSTYLEDITEM(#131,(#33),'wall_33');
#133=IFCCARTESIANPOINTLIST3D(((7.571068,-6.932219,3.8),(9.458568,-6.932219,3.8),(9.458568,-6.757219,3.8),(7.571068,-6.757219,3.8),(7.571068,-6.932219,7.),(9.458568,-6.932219,7.),(9.458568,-6.757219,7.),(7.571068,-6.757219,7.)));
#134=IFCTRIANGULATEDFACESET(#133,$,$,((1,3,2),(1,4,3),(5,6,7),(5,7,8),(1,2,6),(1,6,5),(2,3,7),(2,7,6),(3,4,8),(3,8,7),(4,1,5),(4,5,8)),$);
#135=IFCSTYLEDITEM(#134,(#33),'wall_34');
#136=IFCCARTESIANPOINTLIST3D(((7.583568,-6.932219,0.094172),(9.458568,-6.932219,0.094172),(9.458568,-6.757219,0.094172),(7.583568,-6.757219,0.094172),(7.583568,-6.932219,3.5),(9.458568,-6.932219,3.5),(9.458568,-6.757219,3.5),(7.583568,-6.757219,3.5)));
#137=IFCTRIANGULATEDFACESET(#136,$,$,((1,3,2),(1,4,3),(5,6,7),(5,7,8),(1,2,6),(1,6,5),(2,3,7),(2,7,6),(3,4,8),(3,8,7),(4,1,5),(4,5,8)),$);
#138=IFCSTYLEDITEM(#137,(#33),'wall_35');
#139=IFCCARTESIANPOINTLIST3D(((7.583568,-6.932219,7.3),(9.458568,-6.932219,7.3),(9.458568,-6.757219,7.3),(7.583568,-6.757219,7.3),(7.583568,-6.932219,10.6),(9.458568,-6.932219,10.6),(9.458568,-6.757219,10.6),(7.583568,-6.757219,10.6)));
#140=IFCTRIANGULATEDFACESET(#139,$,$,((1,3,2),(1,4,3),(5,6,7),(5,7,8),(1,2,6),(1,6,5),(2,3,7),(2,7,6),(3,4,8),(3,8,7),(4,1,5),(4,5,8)),$);
#141=IFCSTYLEDITEM(#140,(#33),'wall_36');
#142=IFCCARTESIANPOINTLIST3D(((-4.632844,32.600281,7.3),(-4.632844,-4.703658,7.3),(-4.517844,-4.703658,7.3),(-4.517844,32.600281,7.3),(-4.632844,32.600281,10.5),(-4.632844,-4.703658,10.5),(-4.517844,-4.703658,10.5),(-4.517844,32.600281,10.5)));
#143=IFCTRIANGULATEDFACESET(#142,$,$,((1,3,2),(1,4,3),(5,6,7),(5,7,8),(1,2,6),(1,6,5),(2,3,7),(2,7,6),(3,4,8),(3,8,7),(4,1,5),(4,5,8)),$);
#144=IFCSTYLEDITEM(#143,(#33),'wall_37');
#145=IFCCARTESIANPOINTLIST3D(((-0.861002,32.455281,7.3),(21.163089,32.455281,7.3),(21.163089,32.570281,7.3),(-0.861002,32.570281,7.3),(-0.861002,32.455281,10.6),(21.163089,32.455281,10.6),(21.163089,32.570281,10.6),(-0.861002,32.570281,10.6)));
#146=IFCTRIANGULATEDFACESET(#145,$,$,((1,3,2),(1,4,3),(5,6,7),(5,7,8),(1,2,6),(1,6,5),(2,3,7),(2,7,6),(3,4,8),(3,8,7),(4,1,5),(4,5,8)),$);
#147=IFCSTYLEDITEM(#146,(#33),'wall_38');
#148=IFCCARTESIANPOINTLIST3D(((7.216498,34.180281,3.8),(7.216498,36.080281,3.8),(7.166498,36.080281,3.8),(7.166498,34.180281,3.8),(7.216498,34.180281,6.9),(7.216498,36.080281,6.9),(7.166498,36.080281,6.9),(7.166498,34.180281,6.9)));
#149=IFCTRIANGULATEDFACESET(#148,$,$,((1,3,2),(1,4,3),(5,6,7),(5,7,8),(1,2,6),(1,6,5),(2,3,7),(2,7,6),(3,4,8),(3,8,7),(4,1,5),(4,5,8)),$);
#150=IFCSTYLEDITEM(#149,(#33),'wall_39');
#151=IFCCARTESIANPOINTLIST3D(((4.051498,34.180281,3.8),(4.051498,36.080281,3.8),(4.001498,36.080281,3.8),(4.001498,34.180281,3.8),(4.051498,34.180281,6.9),(4.051498,36.080281,6.9),(4.001498,36.080281,6.9),(4.001498,34.180281,6.9)));
#152=IFCTRIANGULATEDFACESET(#151,$,$,((1,3,2),(1,4,3),(5,6,7),(5,7,8),(1,2,6),(1,6,5),(2,3,7),(2,7,6),(3,4,8),(3,8,7),(4,1,5),(4,5,8)),$);
#153=IFCSTYLEDITEM(#152,(#33),'wall_40');
#154=IFCCARTESIANPOINTLIST3D(((6.248147,34.147781,3.8),(9.166498,34.147781,3.8),(9.166498,34.262781,3.8),(6.248147,34.262781,3.8),(6.248147,34.147781,7.),(9.166498,34.147781,7.),(9.166498,34.262781,7.),(6.248147,34.262781,7.)));
#155=IFCTRIANGULATEDFACESET(#154,$,$,((1,3,2),(1,4,3),(5,6,7),(5,7,8),(1,2,6),(1,6,5),(2,3,7),(2,7,6),(3,4,8),(3,8,7),(4,1,5),(4,5,8)),$);
#156=IFCSTYLEDITEM(#155,(#33),'wall_41');
#157=IFCCARTESIANPOINTLIST3D(((19.481498,36.662781,7.3),(21.163089,36.662781,7.3),(21.163089,36.777781,7.3),(19.481498,36.777781,7.3),(19.481498,36.662781,10.6),(21.163089,36.662781,10.6),(21.163089,36.777781,10.6),(19.481498,36.777781,10.6)));
#158=IFCTRIANGULATEDFACESET(#157,$,$,((1,3,2),(1,4,3),(5,6,7),(5,7,8),(1,2,6),(1,6,5),(2,3,7),(2,7,6),(3,4,8),(3,8,7),(4,1,5),(4,5,8)),$);
#159=IFCSTYLEDITEM(#158,(#33),'wall_42');
#160=IFCCARTESIANPOINTLIST3D(((-12.902903,31.855281,0.094172),(-4.367903,31.855281,0.094172),(-4.367903,32.155281,0.094172),(-12.902903,32.155281,0.094172),(-12.902903,31.855281,3.5),(-4.367903,31.855281,3.5),(-4.367903,32.155281,3.5),(-12.902903,32.155281,3.5)));
#161=IFCTRIANGULATEDFACESET(#160,$,$,((1,3,2),(1,4,3),(5,6,7),(5,7,8),(1,2,6),(1,6,5),(2,3,7),(2,7,6),(3,4,8),(3,8,7),(4,1,5),(4,5,8)),$);
#162=IFCSTYLEDITEM(#161,(#33),'wall_43');
#163=IFCCARTESIANPOINTLIST3D(((4.958998,40.870281,0.094172),(4.958998,31.792781,0.094172),(5.258998,31.792781,0.094172),(5.258998,40.870281,0.094172),(4.958998,40.870281,3.5),(4.958998,31.792781,3.5),(5.258998,31.792781,3.5),(5.258998,40.870281,3.5)));
#164=IFCTRIANGULATEDFACESET(#163,$,$,((1,3,2),(1,4,3),(5,6,7),(5,7,8),(1,2,6),(1,6,5),(2,3,7),(2,7,6),(3,4,8),(3,8,7),(4,1,5),(4,5,8)),$);
#165=IFCSTYLEDITEM(#164,(#33),'wall_44');
#166=IFCCARTESIANPOINTLIST3D(((-12.902903,16.555281,0.094172),(-4.367903,16.555281,0.094172),(-4.367903,16.855281,0.094172),(-12.902903,16.855281,0.094172),(-12.902903,16.555281,3.5),(-4.367903,16.555281,3.5),(-4.367903,16.855281,3.5),(-12.902903,16.855281,3.5)));
#167=IFCTRIANGULATEDFACESET(#166,$,$,((1,3,2),(1,4,3),(5,6,7),(5,7,8),(1,2,6),(1,6,5),(2,3,7),(2,7,6),(3,4,8),(3,8,7),(4,1,5),(4,5,8)),$);
#168=IFCSTYLEDITEM(#167,(#33),'wall_45');
#169=IFCCARTESIANPOINTLIST3D(((-4.517903,-4.344719,0.094172),(-4.517903,-12.848765,0.094172),(-4.317903,-12.848765,0.094172),(-4.317903,-4.344719,0.094172),(-4.517903,-4.344719,10.6),(-4.517903,-12.848765,10.6),(-4.317903,-12.848765,10.6),(-4.317903,-4.344719,10.6)));
#170=IFCTRIANGULATEDFACESET(#169,$,$,((1,3,2),(1,4,3),(5,6,7),(5,7,8),(1,2,6),(1,6,5),(2,3,7),(2,7,6),(3,4,8),(3,8,7),(4,1,5),(4,5,8)),$);
#171=IFCSTYLEDITEM(#170,(#33),'wall_46');
#172=IFCCARTESIANPOINTLIST3D(((-1.617903,-4.489719,0.094172),(-1.617903,-12.848765,0.094172),(-1.417903,-12.848765,0.094172),(-1.417903,-4.489719,0.094172),(-1.617903,-4.489719,10.6),(-1.617903,-12.848765,10.6),(-1.417903,-12.848765,10.6),(-1.417903,-4.489719,10.6)));
#173=IFCTRIANGULATEDFACESET(#172,$,$,((1,3,2),(1,4,3),(5,6,7),(5,7,8),(1,2,6),(1,6,5),(2,3,7),(2,7,6),(3,4,8),(3,8,7),(4,1,5),(4,5,8)),$);
#174=IFCSTYLEDITEM(#173,(#33),'wall_47');
#175=IFCCARTESIANPOINTLIST3D(((4.271068,-4.489719,0.094172),(4.271068,-12.848765,0.094172),(4.471068,-12.848765,0.094172),(4.471068,-4.489719,0.094172),(4.271068,-4.489719,10.6),(4.271068,-12.848765,10.6),(4.471068,-12.848765,10.6),(4.471068,-4.489719,10.6)));
#176=IFCTRIANGULATEDFACESET(#175,$,$,((1,3,2),(1,4,3),(5,6,7),(5,7,8),(1,2,6),(1,6,5),(2,3,7),(2,7,6),(3,4,8),(3,8,7),(4,1,5),(4,5,8)),$);
#177=IFCSTYLEDITEM(#176,(#33),'wall_48');
#178=IFCCARTESIANPOINTLIST3D(((9.271068,-4.459719,0.094172),(9.271068,-12.848765,0.094172),(9.471068,-12.848765,0.094172),(9.471068,-4.459719,0.094172),(9.271068,-4.459719,10.6),(9.271068,-12.848765,10.6),(9.471068,-12.848765,10.6),(9.471068,-4.459719,10.6)));
#179=IFCTRIANGULATEDFACESET(#178,$,$,((1,3,2),(1,4,3),(5,6,7),(5,7,8),(1,2,6),(1,6,5),(2,3,7),(2,7,6),(3,4,8),(3,8,7),(4,1,5),(4,5,8)),$);
#180=IFCSTYLEDITEM(#179,(#33),'wall_49');
#181=IFCCARTESIANPOINTLIST3D(((49.982156,-12.844719,0.094172),(53.082097,-12.844719,0.094172),(53.082097,-12.544719,0.094172),(49.982156,-12.544719,0.094172),(49.982156,-12.844719,3.8),(53.082097,-12.844719,3.8),(53.082097,-12.544719,3.8),(49.982156,-12.544719,3.8)));
#182=IFCTRIANGULATEDFACESET(#181,$,$,((1,3,2),(1,4,3),(5,6,7),(5,7,8),(1,2,6),(1,6,5),(2,3,7),(2,7,6),(3,4,8),(3,8,7),(4,1,5),(4,5,8)),$);
#183=IFCSTYLEDITEM(#182,(#33),'wall_50');
#184=IFCCARTESIANPOINTLIST3D(((52.782097,-4.352219,0.094172),(52.782097,-12.844719,0.094172),(53.082097,-12.844719,0.094172),(53.082097,-4.352219,0.094172),(52.782097,-4.352219,3.8),(52.782097,-12.844719,3.8),(53.082097,-12.844719,3.8),(53.082097,-4.352219,3.8)));
#185=IFCTRIANGULATEDFACESET(#184,$,$,((1,3,2),(1,4,3),(5,6,7),(5,7,8),(1,2,6),(1,6,5),(2,3,7),(2,7,6),(3,4,8),(3,8,7),(4,1,5),(4,5,8)),$);
#186=IFCSTYLEDITEM(#185,(#33),'wall_51');
#187=IFCCARTESIANPOINTLIST3D(((3.271068,9.453842,0.094172),(7.371068,9.453842,0.094172),(7.371068,9.653842,0.094172),(3.271068,9.653842,0.094172),(3.271068,9.453842,7.3),(7.371068,9.453842,7.3),(7.371068,9.653842,7.3),(3.271068,9.653842,7.3)));
#188=IFCTRIANGULATEDFACESET(#187,$,$,((1,3,2),(1,4,3),(5,6,7),(5,7,8),(1,2,6),(1,6,5),(2,3,7),(2,7,6),(3,4,8),(3,8,7),(4,1,5),(4,5,8)),$);
#189=IFCSTYLEDITEM(#188,(#33),'wall_52');
#190=IFCCARTESIANPOINTLIST3D(((3.271068,3.653842,0.094172),(7.371068,3.653842,0.094172),(7.371068,3.853842,0.094172),(3.271068,3.853842,0.094172),(3.271068,3.653842,7.3),(7.371068,3.653842,7.3),(7.371068,3.853842,7.3),(3.271068,3.853842,7.3)));
#191=IFCTRIANGULATEDFACESET(#190,$,$,((1,3,2),(1,4,3),(5,6,7),(5,7,8),(1,2,6),(1,6,5),(2,3,7),(2,7,6),(3,4,8),(3,8,7),(4,1,5),(4,5,8)),$);
#192=IFCSTYLEDITEM(#191,(#33),'wall_53');
#193=IFCCARTESIANPOINTLIST3D(((21.005589,40.805281,0.094172),(21.005589,31.842781,0.094172),(21.205589,31.842781,0.094172),(21.205589,40.805281,0.094172),(21.005589,40.805281,3.8),(21.005589,31.842781,3.8),(21.205589,31.842781,3.8),(21.205589,40.805281,3.8)));
#194=IFCTRIANGULATEDFACESET(#193,$,$,((1,3,2),(1,4,3),(5,6,7),(5,7,8),(1,2,6),(1,6,5),(2,3,7),(2,7,6),(3,4,8),(3,8,7),(4,1,5),(4,5,8)),$);
#195=IFCSTYLEDITEM(#194,(#33),'wall_54');
#196=IFCCARTESIANPOINTLIST3D(((23.905589,40.805281,0.094172),(23.905589,31.755281,0.094172),(24.105589,31.755281,0.094172),(24.105589,40.805281,0.094172),(23.905589,40.805281,3.8),(23.905589,31.755281,3.8),(24.105589,31.755281,3.8),(24.105589,40.805281,3.8)));
#197=IFCTRIANGULATEDFACESET(#196,$,$,((1,3,2),(1,4,3),(5,6,7),(5,7,8),(1,2,6),(1,6,5),(2,3,7),(2,7,6),(3,4,8),(3,8,7),(4,1,5),(4,5,8)),$);
#198=IFCSTYLEDITEM(#197,(#33),'wall_55');
#199=IFCCARTESIANPOINTLIST3D(((21.005589,40.955281,3.8),(21.005589,32.412781,3.8),(21.205589,32.412781,3.8),(21.205589,40.955281,3.8),(21.005589,40.955281,10.6),(21.005589,32.412781,10.6),(21.205589,32.412781,10.6),(21.205589,40.955281,10.6)));
#200=IFCTRIANGULATEDFACESET(#199,$,$,((1,3,2),(1,4,3),(5,6,7),(5,7,8),(1,2,6),(1,6,5),(2,3,7),(2,7,6),(3,4,8),(3,8,7),(4,1,5),(4,5,8)),$);
#201=IFCSTYLEDITEM(#200,(#33),'wall_56');
#202=IFCCARTESIANPOINTLIST3D(((23.905589,40.955281,3.8),(23.905589,31.755281,3.8),(24.105589,31.755281,3.8),(24.105589,40.955281,3.8),(23.905589,40.955281,10.6),(23.905589,31.755281,10.6),(24.105589,31.755281,10.6),(24.105589,40.955281,10.6)));
#203=IFCTRIANGULATEDFACESET(#202,$,$,((1,3,2),(1,4,3),(5,6,7),(5,7,8),(1,2,6),(1,6,5),(2,3,7),(2,7,6),(3,4,8),(3,8,7),(4,1,5),(4,5,8)),$);
#204=IFCSTYLEDITEM(#203,(#33),'wall_57');
#205=IFCCARTESIANPOINTLIST3D(((-0.991002,38.639858,3.8),(-0.991002,32.455281,3.8),(-0.791002,32.455281,3.8),(-0.791002,38.639858,3.8),(-0.991002,38.639858,7.),(-0.991002,32.455281,7.),(-0.791002,32.455281,7.),(-0.791002,38.639858,7.)));
#206=IFCTRIANGULATEDFACESET(#205,$,$,((1,3,2),(1,4,3),(5,6,7),(5,7,8),(1,2,6),(1,6,5),(2,3,7),(2,7,6),(3,4,8),(3,8,7),(4,1,5),(4,5,8)),$);
#207=IFCSTYLEDITEM(#206,(#33),'wall_58');
#208=IFCCARTESIANPOINTLIST3D(((-12.660403,28.797781,3.8),(-4.402844,28.797781,3.8),(-4.402844,28.912781,3.8),(-12.660403,28.912781,3.8),(-12.660403,28.797781,7.),(-4.402844,28.797781,7.),(-4.402844,28.912781,7.),(-12.660403,28.912781,7.)));
#209=IFCTRIANGULATEDFACESET(#208,$,$,((1,3,2),(1,4,3),(5,6,7),(5,7,8),(1,2,6),(1,6,5),(2,3,7),(2,7,6),(3,4,8),(3,8,7),(4,1,5),(4,5,8)),$);
#210=IFCSTYLEDITEM(#209,(#33),'wall_59');
#211=IFCCARTESIANPOINTLIST3D(((-12.617844,31.855281,3.8),(-12.617844,41.020281,3.8),(-12.917844,41.020281,3.8),(-12.917844,31.855281,3.8),(-12.617844,31.855281,8.092),(-12.617844,41.020281,8.092),(-12.917844,41.020281,8.092),(-12.917844,31.855281,8.092)));
#212=IFCTRIANGULATEDFACESET(#211,$,$,((1,3,2),(1,4,3),(5,6,7),(5,7,8),(1,2,6),(1,6,5),(2,3,7),(2,7,6),(3,4,8),(3,8,7),(4,1,5),(4,5,8)),$);
#213=IFCSTYLEDITEM(#212,(#33),'wall_60');
#214=IFCCARTESIANPOINTLIST3D(((-12.917844,40.720281,3.8),(-3.891002,40.720281,3.8),(-3.891002,41.020281,3.8),(-12.917844,41.020281,3.8),(-12.917844,40.720281,8.122),(-3.891002,40.720281,8.122),(-3.891002,41.020281,8.122),(-12.917844,41.020281,8.122)));
#215=IFCTRIANGULATEDFACESET(#214,$,$,((1,3,2),(1,4,3),(5,6,7),(5,7,8),(1,2,6),(1,6,5),(2,3,7),(2,7,6),(3,4,8),(3,8,7),(4,1,5),(4,5,8)),$);
#216=IFCSTYLEDITEM(#215,(#33),'wall_61');
#217=IFCCARTESIANPOINTLIST3D(((-4.848043,38.639858,3.8),(-4.848043,32.355281,3.8),(-4.648043,32.355281,3.8),(-4.648043,38.639858,3.8),(-4.848043,38.639858,7.),(-4.848043,32.355281,7.),(-4.648043,32.355281,7.),(-4.648043,38.639858,7.)));
#218=IFCTRIANGULATEDFACESET(#217,$,$,((1,3,2),(1,4,3),(5,6,7),(5,7,8),(1,2,6),(1,6,5),(2,3,7),(2,7,6),(3,4,8),(3,8,7),(4,1,5),(4,5,8)),$);
#219=IFCSTYLEDITEM(#218,(#33),'wall_62');
#220=IFCCARTESIANPOINTLIST3D(((52.782097,-4.352219,3.8),(52.782097,-12.994719,3.8),(53.082097,-12.994719,3.8),(53.082097,-4.352219,3.8),(52.782097,-4.352219,10.9),(52.782097,-12.994719,10.9),(53.082097,-12.994719,10.9),(53.082097,-4.352219,10.9)));
#221=IFCTRIANGULATEDFACESET(#220,$,$,((1,3,2),(1,4,3),(5,6,7),(5,7,8),(1,2,6),(1,6,5),(2,3,7),(2,7,6),(3,4,8),(3,8,7),(4,1,5),(4,5,8)),$);
#222=IFCSTYLEDITEM(#221,(#33),'wall_63');
#223=IFCCARTESIANPOINTLIST3D(((5.971068,-4.502219,0.094172),(5.971068,-6.932219,0.094172),(6.146068,-6.932219,0.094172),(6.146068,-4.502219,0.094172),(5.971068,-4.502219,3.5),(5.971068,-6.932219,3.5),(6.146068,-6.932219,3.5),(6.146068,-4.502219,3.5)));
#224=IFCTRIANGULATEDFACESET(#223,$,$,((1,3,2),(1,4,3),(5,6,7),(5,7,8),(1,2,6),(1,6,5),(2,3,7),(2,7,6),(3,4,8),(3,8,7),(4,1,5),(4,5,8)),$);
#225=IFCSTYLEDITEM(#224,(#33),'wall_64');
#226=IFCCARTESIANPOINTLIST3D(((7.496068,-4.502219,0.094172),(7.496068,-6.932219,0.094172),(7.671068,-6.932219,0.094172),(7.671068,-4.502219,0.094172),(7.496068,-4.502219,3.5),(7.496068,-6.932219,3.5),(7.671068,-6.932219,3.5),(7.671068,-4.502219,3.5)));
#227=IFCTRIANGULATEDFACESET(#226,$,$,((1,3,2),(1,4,3),(5,6,7),(5,7,8),(1,2,6),(1,6,5),(2,3,7),(2,7,6),(3,4,8),(3,8,7),(4,1,5),(4,5,8)),$);
#228=IFCSTYLEDITEM(#227,(#33),'wall_65');
#229=IFCCARTESIANPOINTLIST3D(((-12.675403,2.797781,0.094172),(-4.517903,2.797781,0.094172),(-4.517903,2.912781,0.094172),(-12.675403,2.912781,0.094172),(-12.675403,2.797781,3.5),(-4.517903,2.797781,3.5),(-4.517903,2.912781,3.5),(-12.675403,2.912781,3.5)));
#230=IFCTRIANGULATEDFACESET(#229,$,$,((1,3,2),(1,4,3),(5,6,7),(5,7,8),(1,2,6),(1,6,5),(2,3,7),(2,7,6),(3,4,8),(3,8,7),(4,1,5),(4,5,8)),$);
#231=IFCSTYLEDITEM(#230,(#33),'wall_66');
#232=IFCCARTESIANPOINTLIST3D(((-12.675403,6.797781,0.094172),(-4.517903,6.797781,0.094172),(-4.517903,6.912781,0.094172),(-12.675403,6.912781,0.094172),(-12.675403,6.797781,3.5),(-4.517903,6.797781,3.5),(-4.517903,6.912781,3.5),(-12.675403,6.912781,3.5)));
#233=IFCTRIANGULATEDFACESET(#232,$,$,((1,3,2),(1,4,3),(5,6,7),(5,7,8),(1,2,6),(1,6,5),(2,3,7),(2,7,6),(3,4,8),(3,8,7),(4,1,5),(4,5,8)),$);
#234=IFCSTYLEDITEM(#233,(#33),'wall_67');
#235=IFCCARTESIANPOINTLIST3D(((6.913568,-6.787219,0.094172),(6.913568,-12.806265,0.094172),(7.028568,-12.806265,0.094172),(7.028568,-6.787219,0.094172),(6.913568,-6.787219,3.5),(6.913568,-12.806265,3.5),(7.028568,-12.806265,3.5),(7.028568,-6.787219,3.5)));
#236=IFCTRIANGULATEDFACESET(#235,$,$,((1,3,2),(1,4,3),(5,6,7),(5,7,8),(1,2,6),(1,6,5),(2,3,7),(2,7,6),(3,4,8),(3,8,7),(4,1,5),(4,5,8)),$);
#237=IFCSTYLEDITEM(#236,(#33),'wall_68');
#238=IFCCARTESIANPOINTLIST3D(((3.171068,27.835698,0.094172),(4.871068,27.835698,0.094172),(4.871068,28.035698,0.094172),(3.171068,28.035698,0.094172),(3.171068,27.835698,10.6),(4.871068,27.835698,10.6),(4.871068,28.035698,10.6),(3.171068,28.035698,10.6)));
#239=IFCTRIANGULATEDFACESET(#238,$,$,((1,3,2),(1,4,3),(5,6,7),(5,7,8),(1,2,6),(1,6,5),(2,3,7),(2,7,6),(3,4,8),(3,8,7),(4,1,5),(4,5,8)),$);
#240=IFCSTYLEDITEM(#239,(#33),'wall_69');
#241=IFCCARTESIANPOINTLIST3D(((3.171068,20.010022,0.094172),(4.871068,20.010022,0.094172),(4.871068,20.210022,0.094172),(3.171068,20.210022,0.094172),(3.171068,20.010022,10.6),(4.871068,20.010022,10.6),(4.871068,20.210022,10.6),(3.171068,20.210022,10.6)));
#242=IFCTRIANGULATEDFACESET(#241,$,$,((1,3,2),(1,4,3),(5,6,7),(5,7,8),(1,2,6),(1,6,5),(2,3,7),(2,7,6),(3,4,8),(3,8,7),(4,1,5),(4,5,8)),$);
#243=IFCSTYLEDITEM(#242,(#33),'wall_70');
#244=IFCCARTESIANPOINTLIST3D(((45.558568,-12.641266,0.094172),(45.558568,-4.472219,0.094172),(45.383568,-4.472219,0.094172),(45.383568,-12.641266,0.094172),(45.558568,-12.641266,3.5),(45.558568,-4.472219,3.5),(45.383568,-4.472219,3.5),(45.383568,-12.641266,3.5)));
#245=IFCTRIANGULATEDFACESET(#244,$,$,((1,3,2),(1,4,3),(5,6,7),(5,7,8),(1,2,6),(1,6,5),(2,3,7),(2,7,6),(3,4,8),(3,8,7),(4,1,5),(4,5,8)),$);
#246=IFCSTYLEDITEM(#245,(#33),'wall_71');
#247=IFCCARTESIANPOINTLIST3D(((11.611343,38.362781,0.094172),(11.611343,31.885281,0.094172),(11.726343,31.885281,0.094172),(11.726343,38.362781,0.094172),(11.611343,38.362781,3.5),(11.611343,31.885281,3.5),(11.726343,31.885281,3.5),(11.726343,38.362781,3.5)));
#248=IFCTRIANGULATEDFACESET(#247,$,$,((1,3,2),(1,4,3),(5,6,7),(5,7,8),(1,2,6),(1,6,5),(2,3,7),(2,7,6),(3,4,8),(3,8,7),(4,1,5),(4,5,8)),$);
#249=IFCSTYLEDITEM(#248,(#33),'wall_72');
#250=IFCCARTESIANPOINTLIST3D(((17.946343,38.362781,0.094172),(17.946343,31.885281,0.094172),(18.061343,31.885281,0.094172),(18.061343,38.362781,0.094172),(17.946343,38.362781,3.5),(17.946343,31.885281,3.5),(18.061343,31.885281,3.5),(18.061343,38.362781,3.5)));
#251=IFCTRIANGULATEDFACESET(#250,$,$,((1,3,2),(1,4,3),(5,6,7),(5,7,8),(1,2,6),(1,6,5),(2,3,7),(2,7,6),(3,4,8),(3,8,7),(4,1,5),(4,5,8)),$);
#252=IFCSTYLEDITEM(#251,(#33),'wall_73');
#253=IFCCARTESIANPOINTLIST3D(((24.155589,40.855281,0.094172),(20.955589,40.855281,0.094172),(20.955589,40.555281,0.094172),(24.155589,40.555281,0.094172),(24.155589,40.855281,3.8),(20.955589,40.855281,3.8),(20.955589,40.555281,3.8),(24.155589,40.555281,3.8)));
#254=IFCTRIANGULATEDFACESET(#253,$,$,((1,3,2),(1,4,3),(5,6,7),(5,7,8),(1,2,6),(1,6,5),(2,3,7),(2,7,6),(3,4,8),(3,8,7),(4,1,5),(4,5,8)),$);
#255=IFCSTYLEDITEM(#254,(#33),'wall_74');
#256=IFCCARTESIANPOINTLIST3D(((-4.517903,-12.848765,0.094172),(9.471068,-12.848765,0.094172),(9.471068,-12.648765,0.094172),(-4.517903,-12.648765,0.094172),(-4.517903,-12.848765,10.6),(9.471068,-12.848765,10.6),(9.471068,-12.648765,10.6),(-4.517903,-12.648765,10.6)));
#257=IFCTRIANGULATEDFACESET(#256,$,$,((1,3,2),(1,4,3),(5,6,7),(5,7,8),(1,2,6),(1,6,5),(2,3,7),(2,7,6),(3,4,8),(3,8,7),(4,1,5),(4,5,8)),$);
#258=IFCSTYLEDITEM(#257,(#33),'wall_75');
#259=IFCCARTESIANPOINTLIST3D(((5.971068,-4.502219,3.8),(5.971068,-6.932219,3.8),(6.146068,-6.932219,3.8),(6.146068,-4.502219,3.8),(5.971068,-4.502219,7.),(5.971068,-6.932219,7.),(6.146068,-6.932219,7.),(6.146068,-4.502219,7.)));
#260=IFCTRIANGULATEDFACESET(#259,$,$,((1,3,2),(1,4,3),(5,6,7),(5,7,8),(1,2,6),(1,6,5),(2,3,7),(2,7,6),(3,4,8),(3,8,7),(4,1,5),(4,5,8)),$);
#261=IFCSTYLEDITEM(#260,(#33),'wall_76');
#262=IFCCARTESIANPOINTLIST3D(((7.496068,-4.502219,3.8),(7.496068,-6.932219,3.8),(7.671068,-6.932219,3.8),(7.671068,-4.502219,3.8),(7.496068,-4.502219,7.),(7.496068,-6.932219,7.),(7.671068,-6.932219,7.),(7.671068,-4.502219,7.)));
#263=IFCTRIANGULATEDFACESET(#262,$,$,((1,3,2),(1,4,3),(5,6,7),(5,7,8),(1,2,6),(1,6,5),(2,3,7),(2,7,6),(3,4,8),(3,8,7),(4,1,5),(4,5,8)),$);
#264=IFCSTYLEDITEM(#263,(#33),'wall_77');
#265=IFCCARTESIANPOINTLIST3D(((6.871068,-6.744719,3.8),(6.871068,-12.848765,3.8),(7.071068,-12.848765,3.8),(7.071068,-6.744719,3.8),(6.871068,-6.744719,7.),(6.871068,-12.848765,7.),(7.071068,-12.848765,7.),(7.071068,-6.744719,7.)));
#266=IFCTRIANGULATEDFACESET(#265,$,$,((1,3,2),(1,4,3),(5,6,7),(5,7,8),(1,2,6),(1,6,5),(2,3,7),(2,7,6),(3,4,8),(3,8,7),(4,1,5),(4,5,8)),$);
#267=IFCSTYLEDITEM(#266,(#33),'wall_78');
#268=IFCCARTESIANPOINTLIST3D(((5.971068,-4.502219,7.3),(5.971068,-6.932219,7.3),(6.146068,-6.932219,7.3),(6.146068,-4.502219,7.3),(5.971068,-4.502219,10.6),(5.971068,-6.932219,10.6),(6.146068,-6.932219,10.6),(6.146068,-4.502219,10.6)));
#269=IFCTRIANGULATEDFACESET(#268,$,$,((1,3,2),(1,4,3),(5,6,7),(5,7,8),(1,2,6),(1,6,5),(2,3,7),(2,7,6),(3,4,8),(3,8,7),(4,1,5),(4,5,8)),$);
#270=IFCSTYLEDITEM(#269,(#33),'wall_79');
#271=IFCCARTESIANPOINTLIST3D(((7.496068,-4.502219,7.3),(7.496068,-6.932219,7.3),(7.671068,-6.932219,7.3),(7.671068,-4.502219,7.3),(7.496068,-4.502219,10.6),(7.496068,-6.932219,10.6),(7.671068,-6.932219,10.6),(7.671068,-4.502219,10.6)));
#272=IFCTRIANGULATEDFACESET(#271,$,$,((1,3,2),(1,4,3),(5,6,7),(5,7,8),(1,2,6),(1,6,5),(2,3,7),(2,7,6),(3,4,8),(3,8,7),(4,1,5),(4,5,8)),$);
#273=IFCSTYLEDITEM(#272,(#33),'wall_80');
#274=IFCCARTESIANPOINTLIST3D(((6.913568,-6.787219,7.3),(6.913568,-12.806265,7.3),(7.028568,-12.806265,7.3),(7.028568,-6.787219,7.3),(6.913568,-6.787219,10.6),(6.913568,-12.806265,10.6),(7.028568,-12.806265,10.6),(7.028568,-6.787219,10.6)));
#275=IFCTRIANGULATEDFACESET(#274,$,$,((1,3,2),(1,4,3),(5,6,7),(5,7,8),(1,2,6),(1,6,5),(2,3,7),(2,7,6),(3,4,8),(3,8,7),(4,1,5),(4,5,8)),$);
#276=IFCSTYLEDITEM(#275,(#33),'wall_81');
#277=IFCCARTESIANPOINTLIST3D(((-0.978502,40.807781,7.3),(-0.978502,32.455281,7.3),(-0.803502,32.455281,7.3),(-0.803502,40.807781,7.3),(-0.978502,40.807781,10.6),(-0.978502,32.455281,10.6),(-0.803502,32.455281,10.6),(-0.803502,40.807781,10.6)));
#278=IFCTRIANGULATEDFACESET(#277,$,$,((1,3,2),(1,4,3),(5,6,7),(5,7,8),(1,2,6),(1,6,5),(2,3,7),(2,7,6),(3,4,8),(3,8,7),(4,1,5),(4,5,8)),$);
#279=IFCSTYLEDITEM(#278,(#33),'wall_82');
#280=IFCCARTESIANPOINTLIST3D(((-4.632844,36.112781,7.3),(-4.632844,32.455281,7.3),(-4.457844,32.455281,7.3),(-4.457844,36.112781,7.3),(-4.632844,36.112781,10.6),(-4.632844,32.455281,10.6),(-4.457844,32.455281,10.6),(-4.457844,36.112781,10.6)));
#281=IFCTRIANGULATEDFACESET(#280,$,$,((1,3,2),(1,4,3),(5,6,7),(5,7,8),(1,2,6),(1,6,5),(2,3,7),(2,7,6),(3,4,8),(3,8,7),(4,1,5),(4,5,8)),$);
#282=IFCSTYLEDITEM(#281,(#33),'wall_83');
#283=IFCCARTESIANPOINTLIST3D(((-3.275344,36.082781,7.3),(-3.275344,32.485281,7.3),(-3.160344,32.485281,7.3),(-3.160344,36.082781,7.3),(-3.275344,36.082781,10.6),(-3.275344,32.485281,10.6),(-3.160344,32.485281,10.6),(-3.160344,36.082781,10.6)));
#284=IFCTRIANGULATEDFACESET(#283,$,$,((1,3,2),(1,4,3),(5,6,7),(5,7,8),(1,2,6),(1,6,5),(2,3,7),(2,7,6),(3,4,8),(3,8,7),(4,1,5),(4,5,8)),$);
#285=IFCSTYLEDITEM(#284,(#33),'wall_84');
#286=IFCCARTESIANPOINTLIST3D(((19.413568,-4.502219,0.094172),(19.413568,-12.611266,0.094172),(19.528568,-12.611266,0.094172),(19.528568,-4.502219,0.094172),(19.413568,-4.502219,3.5),(19.413568,-12.611266,3.5),(19.528568,-12.611266,3.5),(19.528568,-4.502219,3.5)));
#287=IFCTRIANGULATEDFACESET(#286,$,$,((1,3,2),(1,4,3),(5,6,7),(5,7,8),(1,2,6),(1,6,5),(2,3,7),(2,7,6),(3,4,8),(3,8,7),(4,1,5),(4,5,8)),$);
#288=IFCSTYLEDITEM(#287,(#33),'wall_85');
#289=IFCCARTESIANPOINTLIST3D(((27.413568,-4.502219,0.094172),(27.413568,-12.611266,0.094172),(27.528568,-12.611266,0.094172),(27.528568,-4.502219,0.094172),(27.413568,-4.502219,3.5),(27.413568,-12.611266,3.5),(27.528568,-12.611266,3.5),(27.528568,-4.502219,3.5)));
#290=IFCTRIANGULATEDFACESET(#289,$,$,((1,3,2),(1,4,3),(5,6,7),(5,7,8),(1,2,6),(1,6,5),(2,3,7),(2,7,6),(3,4,8),(3,8,7),(4,1,5),(4,5,8)),$);
#291=IFCSTYLEDITEM(#290,(#33),'wall_86');
#292=IFCCARTESIANPOINTLIST3D(((37.413568,-4.502219,0.094172),(37.413568,-12.611266,0.094172),(37.528568,-12.611266,0.094172),(37.528568,-4.502219,0.094172),(37.413568,-4.502219,3.5),(37.413568,-12.611266,3.5),(37.528568,-12.611266,3.5),(37.528568,-4.502219,3.5)));
#293=IFCTRIANGULATEDFACESET(#292,$,$,((1,3,2),(1,4,3),(5,6,7),(5,7,8),(1,2,6),(1,6,5),(2,3,7),(2,7,6),(3,4,8),(3,8,7),(4,1,5),(4,5,8)),$);
#294=IFCSTYLEDITEM(#293,(#33),'wall_87');
#295=IFCCARTESIANPOINTLIST3D(((45.558568,-12.641266,3.8),(45.558568,-4.472219,3.8),(45.383568,-4.472219,3.8),(45.383568,-12.641266,3.8),(45.558568,-12.641266,7.),(45.558568,-4.472219,7.),(45.383568,-4.472219,7.),(45.383568,-12.641266,7.)));
#296=IFCTRIANGULATEDFACESET(#295,$,$,((1,3,2),(1,4,3),(5,6,7),(5,7,8),(1,2,6),(1,6,5),(2,3,7),(2,7,6),(3,4,8),(3,8,7),(4,1,5),(4,5,8)),$);
#297=IFCSTYLEDITEM(#296,(#33),'wall_88');
#298=IFCCARTESIANPOINTLIST3D(((17.413568,-4.502219,3.8),(17.413568,-12.611266,3.8),(17.528568,-12.611266,3.8),(17.528568,-4.502219,3.8),(17.413568,-4.502219,7.),(17.413568,-12.611266,7.),(17.528568,-12.611266,7.),(17.528568,-4.502219,7.)));
#299=IFCTRIANGULATEDFACESET(#298,$,$,((1,3,2),(1,4,3),(5,6,7),(5,7,8),(1,2,6),(1,6,5),(2,3,7),(2,7,6),(3,4,8),(3,8,7),(4,1,5),(4,5,8)),$);
#300=IFCSTYLEDITEM(#299,(#33),'wall_89');
#301=IFCCARTESIANPOINTLIST3D(((23.413568,-4.502219,3.8),(23.413568,-12.611266,3.8),(23.528568,-12.611266,3.8),(23.528568,-4.502219,3.8),(23.413568,-4.502219,7.),(23.413568,-12.611266,7.),(23.528568,-12.611266,7.),(23.528568,-4.502219,7.)));
#302=IFCTRIANGULATEDFACESET(#301,$,$,((1,3,2),(1,4,3),(5,6,7),(5,7,8),(1,2,6),(1,6,5),(2,3,7),(2,7,6),(3,4,8),(3,8,7),(4,1,5),(4,5,8)),$);
#303=IFCSTYLEDITEM(#302,(#33),'wall_90');
#304=IFCCARTESIANPOINTLIST3D(((35.413568,-4.502219,3.8),(35.413568,-12.611266,3.8),(35.528568,-12.611266,3.8),(35.528568,-4.502219,3.8),(35.413568,-4.502219,7.),(35.413568,-12.611266,7.),(35.528568,-12.611266,7.),(35.528568,-4.502219,7.)));
#305=IFCTRIANGULATEDFACESET(#304,$,$,((1,3,2),(1,4,3),(5,6,7),(5,7,8),(1,2,6),(1,6,5),(2,3,7),(2,7,6),(3,4,8),(3,8,7),(4,1,5),(4,5,8)),$);
#306=IFCSTYLEDITEM(#305,(#33),'wall_91');
#307=IFCCARTESIANPOINTLIST3D(((41.413568,-4.502219,3.8),(41.413568,-12.611266,3.8),(41.528568,-12.611266,3.8),(41.528568,-4.502219,3.8),(41.413568,-4.502219,7.),(41.413568,-12.611266,7.),(41.528568,-12.611266,7.),(41.528568,-4.502219,7.)));
#308=IFCTRIANGULATEDFACESET(#307,$,$,((1,3,2),(1,4,3),(5,6,7),(5,7,8),(1,2,6),(1,6,5),(2,3,7),(2,7,6),(3,4,8),(3,8,7),(4,1,5),(4,5,8)),$);
#309=IFCSTYLEDITEM(#308,(#33),'wall_92');
#310=IFCCARTESIANPOINTLIST3D(((27.413568,-4.387219,3.8),(27.413568,-12.611266,3.8),(27.528568,-12.611266,3.8),(27.528568,-4.387219,3.8),(27.413568,-4.387219,7.),(27.413568,-12.611266,7.),(27.528568,-12.611266,7.),(27.528568,-4.387219,7.)));
#311=IFCTRIANGULATEDFACESET(#310,$,$,((1,3,2),(1,4,3),(5,6,7),(5,7,8),(1,2,6),(1,6,5),(2,3,7),(2,7,6),(3,4,8),(3,8,7),(4,1,5),(4,5,8)),$);
#312=IFCSTYLEDITEM(#311,(#33),'wall_93');
#313=IFCCARTESIANPOINTLIST3D(((31.413568,-4.502219,3.8),(31.413568,-12.611266,3.8),(31.528568,-12.611266,3.8),(31.528568,-4.502219,3.8),(31.413568,-4.502219,7.),(31.413568,-12.611266,7.),(31.528568,-12.611266,7.),(31.528568,-4.502219,7.)));
#314=IFCTRIANGULATEDFACESET(#313,$,$,((1,3,2),(1,4,3),(5,6,7),(5,7,8),(1,2,6),(1,6,5),(2,3,7),(2,7,6),(3,4,8),(3,8,7),(4,1,5),(4,5,8)),$);
#315=IFCSTYLEDITEM(#314,(#33),'wall_94');
#316=IFCCARTESIANPOINTLIST3D(((-12.660403,-1.202219,3.8),(-4.517844,-1.202219,3.8),(-4.517844,-1.087219,3.8),(-12.660403,-1.087219,3.8),(-12.660403,-1.202219,7.),(-4.517844,-1.202219,7.),(-4.517844,-1.087219,7.),(-12.660403,-1.087219,7.)));
#317=IFCTRIANGULATEDFACESET(#316,$,$,((1,3,2),(1,4,3),(5,6,7),(5,7,8),(1,2,6),(1,6,5),(2,3,7),(2,7,6),(3,4,8),(3,8,7),(4,1,5),(4,5,8)),$);
#318=IFCSTYLEDITEM(#317,(#33),'wall_95');
#319=IFCCARTESIANPOINTLIST3D(((-12.660403,6.780281,3.8),(-4.517844,6.780281,3.8),(-4.517844,6.895281,3.8),(-12.660403,6.895281,3.8),(-12.660403,6.780281,7.),(-4.517844,6.780281,7.),(-4.517844,6.895281,7.),(-12.660403,6.895281,7.)));
#320=IFCTRIANGULATEDFACESET(#319,$,$,((1,3,2),(1,4,3),(5,6,7),(5,7,8),(1,2,6),(1,6,5),(2,3,7),(2,7,6),(3,4,8),(3,8,7),(4,1,5),(4,5,8)),$);
#321=IFCSTYLEDITEM(#320,(#33),'wall_96');
#322=IFCCARTESIANPOINTLIST3D(((-12.660403,18.797781,3.8),(-4.517844,18.797781,3.8),(-4.517844,18.912781,3.8),(-12.660403,18.912781,3.8),(-12.660403,18.797781,7.),(-4.517844,18.797781,7.),(-4.517844,18.912781,7.),(-12.660403,18.912781,7.)));
#323=IFCTRIANGULATEDFACESET(#322,$,$,((1,3,2),(1,4,3),(5,6,7),(5,7,8),(1,2,6),(1,6,5),(2,3,7),(2,7,6),(3,4,8),(3,8,7),(4,1,5),(4,5,8)),$);
#324=IFCSTYLEDITEM(#323,(#33),'wall_97');
#325=IFCCARTESIANPOINTLIST3D(((-12.660403,24.797781,3.8),(-6.460344,24.797781,3.8),(-6.460344,24.912781,3.8),(-12.660403,24.912781,3.8),(-12.660403,24.797781,7.),(-6.460344,24.797781,7.),(-6.460344,24.912781,7.),(-12.660403,24.912781,7.)));
#326=IFCTRIANGULATEDFACESET(#325,$,$,((1,3,2),(1,4,3),(5,6,7),(5,7,8),(1,2,6),(1,6,5),(2,3,7),(2,7,6),(3,4,8),(3,8,7),(4,1,5),(4,5,8)),$);
#327=IFCSTYLEDITEM(#326,(#33),'wall_98');
#328=IFCCARTESIANPOINTLIST3D(((2.051498,35.997781,3.8),(9.166498,35.997781,3.8),(9.166498,36.112781,3.8),(2.051498,36.112781,3.8),(2.051498,35.997781,7.),(9.166498,35.997781,7.),(9.166498,36.112781,7.),(2.051498,36.112781,7.)));
#329=IFCTRIANGULATEDFACESET(#328,$,$,((1,3,2),(1,4,3),(5,6,7),(5,7,8),(1,2,6),(1,6,5),(2,3,7),(2,7,6),(3,4,8),(3,8,7),(4,1,5),(4,5,8)),$);
#330=IFCSTYLEDITEM(#329,(#33),'wall_99');
#331=IFCCARTESIANPOINTLIST3D(((5.666498,34.147781,3.8),(5.666498,36.112781,3.8),(5.551498,36.112781,3.8),(5.551498,34.147781,3.8),(5.666498,34.147781,7.),(5.666498,36.112781,7.),(5.551498,36.112781,7.),(5.551498,34.147781,7.)));
#332=IFCTRIANGULATEDFACESET(#331,$,$,((1,3,2),(1,4,3),(5,6,7),(5,7,8),(1,2,6),(1,6,5),(2,3,7),(2,7,6),(3,4,8),(3,8,7),(4,1,5),(4,5,8)),$);
#333=IFCSTYLEDITEM(#332,(#33),'wall_100');
#334=IFCCARTESIANPOINTLIST3D(((4.548147,34.262781,3.8),(4.548147,32.497781,3.8),(4.663147,32.497781,3.8),(4.663147,34.262781,3.8),(4.548147,34.262781,7.),(4.548147,32.497781,7.),(4.663147,32.497781,7.),(4.663147,34.262781,7.)));
#335=IFCTRIANGULATEDFACESET(#334,$,$,((1,3,2),(1,4,3),(5,6,7),(5,7,8),(1,2,6),(1,6,5),(2,3,7),(2,7,6),(3,4,8),(3,8,7),(4,1,5),(4,5,8)),$);
#336=IFCSTYLEDITEM(#335,(#33),'wall_101');
#337=IFCCARTESIANPOINTLIST3D(((6.248147,34.262781,3.8),(6.248147,32.497781,3.8),(6.363147,32.497781,3.8),(6.363147,34.262781,3.8),(6.248147,34.262781,7.),(6.248147,32.497781,7.),(6.363147,32.497781,7.),(6.363147,34.262781,7.)));
#338=IFCTRIANGULATEDFACESET(#337,$,$,((1,3,2),(1,4,3),(5,6,7),(5,7,8),(1,2,6),(1,6,5),(2,3,7),(2,7,6),(3,4,8),(3,8,7),(4,1,5),(4,5,8)),$);
#339=IFCSTYLEDITEM(#338,(#33),'wall_102');
#340=IFCCARTESIANPOINTLIST3D(((4.001498,35.105281,3.8),(7.216498,35.105281,3.8),(7.216498,35.155281,3.8),(4.001498,35.155281,3.8),(4.001498,35.105281,7.),(7.216498,35.105281,7.),(7.216498,35.155281,7.),(4.001498,35.155281,7.)));
#341=IFCTRIANGULATEDFACESET(#340,$,$,((1,3,2),(1,4,3),(5,6,7),(5,7,8),(1,2,6),(1,6,5),(2,3,7),(2,7,6),(3,4,8),(3,8,7),(4,1,5),(4,5,8)),$);
#342=IFCSTYLEDITEM(#341,(#33),'wall_103');
#343=IFCCARTESIANPOINTLIST3D(((14.051498,40.777781,3.8),(14.051498,32.497781,3.8),(14.166498,32.497781,3.8),(14.166498,40.777781,3.8),(14.051498,40.777781,7.),(14.051498,32.497781,7.),(14.166498,32.497781,7.),(14.166498,40.777781,7.)));
#344=IFCTRIANGULATEDFACESET(#343,$,$,((1,3,2),(1,4,3),(5,6,7),(5,7,8),(1,2,6),(1,6,5),(2,3,7),(2,7,6),(3,4,8),(3,8,7),(4,1,5),(4,5,8)),$);
#345=IFCSTYLEDITEM(#344,(#33),'wall_104');
#346=IFCCARTESIANPOINTLIST3D(((15.624656,34.912781,3.8),(15.624656,32.497781,3.8),(15.739656,32.497781,3.8),(15.739656,34.912781,3.8),(15.624656,34.912781,7.),(15.624656,32.497781,7.),(15.739656,32.497781,7.),(15.739656,34.912781,7.)));
#347=IFCTRIANGULATEDFACESET(#346,$,$,((1,3,2),(1,4,3),(5,6,7),(5,7,8),(1,2,6),(1,6,5),(2,3,7),(2,7,6),(3,4,8),(3,8,7),(4,1,5),(4,5,8)),$);
#348=IFCSTYLEDITEM(#347,(#33),'wall_105');
#349=IFCCARTESIANPOINTLIST3D(((19.524656,34.912781,3.8),(19.524656,32.497781,3.8),(19.639656,32.497781,3.8),(19.639656,34.912781,3.8),(19.524656,34.912781,7.),(19.524656,32.497781,7.),(19.639656,32.497781,7.),(19.639656,34.912781,7.)));
#350=IFCTRIANGULATEDFACESET(#349,$,$,((1,3,2),(1,4,3),(5,6,7),(5,7,8),(1,2,6),(1,6,5),(2,3,7),(2,7,6),(3,4,8),(3,8,7),(4,1,5),(4,5,8)),$);
#351=IFCSTYLEDITEM(#350,(#33),'wall_106');
#352=IFCCARTESIANPOINTLIST3D(((17.413568,-4.387219,7.3),(17.413568,-12.611266,7.3),(17.528568,-12.611266,7.3),(17.528568,-4.387219,7.3),(17.413568,-4.387219,10.6),(17.413568,-12.611266,10.6),(17.528568,-12.611266,10.6),(17.528568,-4.387219,10.6)));
#353=IFCTRIANGULATEDFACESET(#352,$,$,((1,3,2),(1,4,3),(5,6,7),(5,7,8),(1,2,6),(1,6,5),(2,3,7),(2,7,6),(3,4,8),(3,8,7),(4,1,5),(4,5,8)),$);
#354=IFCSTYLEDITEM(#353,(#33),'wall_107');
#355=IFCCARTESIANPOINTLIST3D(((25.413568,-4.387219,7.3),(25.413568,-12.611266,7.3),(25.528568,-12.611266,7.3),(25.528568,-4.387219,7.3),(25.413568,-4.387219,10.6),(25.413568,-12.611266,10.6),(25.528568,-12.611266,10.6),(25.528568,-4.387219,10.6)));
#356=IFCTRIANGULATEDFACESET(#355,$,$,((1,3,2),(1,4,3),(5,6,7),(5,7,8),(1,2,6),(1,6,5),(2,3,7),(2,7,6),(3,4,8),(3,8,7),(4,1,5),(4,5,8)),$);
#357=IFCSTYLEDITEM(#356,(#33),'wall_108');
#358=IFCCARTESIANPOINTLIST3D(((33.413568,-4.387219,7.3),(33.413568,-12.611266,7.3),(33.528568,-12.611266,7.3),(33.528568,-4.387219,7.3),(33.413568,-4.387219,10.6),(33.413568,-12.611266,10.6),(33.528568,-12.611266,10.6),(33.528568,-4.387219,10.6)));
#359=IFCTRIANGULATEDFACESET(#358,$,$,((1,3,2),(1,4,3),(5,6,7),(5,7,8),(1,2,6),(1,6,5),(2,3,7),(2,7,6),(3,4,8),(3,8,7),(4,1,5),(4,5,8)),$);
#360=IFCSTYLEDITEM(#359,(#33),'wall_109');
#361=IFCCARTESIANPOINTLIST3D(((41.413568,-4.387219,7.3),(41.413568,-12.611266,7.3),(41.528568,-12.611266,7.3),(41.528568,-4.387219,7.3),(41.413568,-4.387219,10.6),(41.413568,-12.611266,10.6),(41.528568,-12.611266,10.6),(41.528568,-4.387219,10.6)));
#362=IFCTRIANGULATEDFACESET(#361,$,$,((1,3,2),(1,4,3),(5,6,7),(5,7,8),(1,2,6),(1,6,5),(2,3,7),(2,7,6),(3,4,8),(3,8,7),(4,1,5),(4,5,8)),$);
#363=IFCSTYLEDITEM(#362,(#33),'wall_110');
#364=IFCCARTESIANPOINTLIST3D(((-12.660403,-3.202219,7.3),(-4.517844,-3.202219,7.3),(-4.517844,-3.087219,7.3),(-12.660403,-3.087219,7.3),(-12.660403,-3.202219,10.6),(-4.517844,-3.202219,10.6),(-4.517844,-3.087219,10.6),(-12.660403,-3.087219,10.6)));
#365=IFCTRIANGULATEDFACESET(#364,$,$,((1,3,2),(1,4,3),(5,6,7),(5,7,8),(1,2,6),(1,6,5),(2,3,7),(2,7,6),(3,4,8),(3,8,7),(4,1,5),(4,5,8)),$);
#366=IFCSTYLEDITEM(#365,(#33),'wall_111');
#367=IFCCARTESIANPOINTLIST3D(((-12.660403,6.780281,7.3),(-4.517844,6.780281,7.3),(-4.517844,6.895281,7.3),(-12.660403,6.895281,7.3),(-12.660403,6.780281,10.6),(-4.517844,6.780281,10.6),(-4.517844,6.895281,10.6),(-12.660403,6.895281,10.6)));
#368=IFCTRIANGULATEDFACESET(#367,$,$,((1,3,2),(1,4,3),(5,6,7),(5,7,8),(1,2,6),(1,6,5),(2,3,7),(2,7,6),(3,4,8),(3,8,7),(4,1,5),(4,5,8)),$);
#369=IFCSTYLEDITEM(#368,(#33),'wall_112');
#370=IFCCARTESIANPOINTLIST3D(((-12.660403,12.797781,7.3),(-4.517844,12.797781,7.3),(-4.517844,12.912781,7.3),(-12.660403,12.912781,7.3),(-12.660403,12.797781,10.6),(-4.517844,12.797781,10.6),(-4.517844,12.912781,10.6),(-12.660403,12.912781,10.6)));
#371=IFCTRIANGULATEDFACESET(#370,$,$,((1,3,2),(1,4,3),(5,6,7),(5,7,8),(1,2,6),(1,6,5),(2,3,7),(2,7,6),(3,4,8),(3,8,7),(4,1,5),(4,5,8)),$);
#372=IFCSTYLEDITEM(#371,(#33),'wall_113');
#373=IFCCARTESIANPOINTLIST3D(((-12.660403,20.797781,7.3),(-4.517844,20.797781,7.3),(-4.517844,20.912781,7.3),(-12.660403,20.912781,7.3),(-12.660403,20.797781,10.6),(-4.517844,20.797781,10.6),(-4.517844,20.912781,10.6),(-12.660403,20.912781,10.6)));
#374=IFCTRIANGULATEDFACESET(#373,$,$,((1,3,2),(1,4,3),(5,6,7),(5,7,8),(1,2,6),(1,6,5),(2,3,7),(2,7,6),(3,4,8),(3,8,7),(4,1,5),(4,5,8)),$);
#375=IFCSTYLEDITEM(#374,(#33),'wall_114');
#376=IFCCARTESIANPOINTLIST3D(((-12.660403,28.797781,7.3),(-4.517844,28.797781,7.3),(-4.517844,28.912781,7.3),(-12.660403,28.912781,7.3),(-12.660403,28.797781,10.6),(-4.517844,28.797781,10.6),(-4.517844,28.912781,10.6),(-12.660403,28.912781,10.6)));
#377=IFCTRIANGULATEDFACESET(#376,$,$,((1,3,2),(1,4,3),(5,6,7),(5,7,8),(1,2,6),(1,6,5),(2,3,7),(2,7,6),(3,4,8),(3,8,7),(4,1,5),(4,5,8)),$);
#378=IFCSTYLEDITEM(#377,(#33),'wall_115');
#379=IFCCARTESIANPOINTLIST3D(((9.083998,36.422781,0.094172),(10.522097,36.422781,0.094172),(10.522097,36.472781,0.094172),(9.083998,36.472781,0.094172),(9.083998,36.422781,3.5),(10.522097,36.422781,3.5),(10.522097,36.472781,3.5),(9.083998,36.472781,3.5)));
#380=IFCTRIANGULATEDFACESET(#379,$,$,((1,3,2),(1,4,3),(5,6,7),(5,7,8),(1,2,6),(1,6,5),(2,3,7),(2,7,6),(3,4,8),(3,8,7),(4,1,5),(4,5,8)),$);
#381=IFCSTYLEDITEM(#380,(#33),'wall_116');
#382=IFCCARTESIANPOINTLIST3D(((10.522097,37.401531,0.094172),(9.083998,37.401531,0.094172),(9.083998,37.351531,0.094172),(10.522097,37.351531,0.094172),(10.522097,37.401531,3.5),(9.083998,37.401531,3.5),(9.083998,37.351531,3.5),(10.522097,37.351531,3.5)));
#383=IFCTRIANGULATEDFACESET(#382,$,$,((1,3,2),(1,4,3),(5,6,7),(5,7,8),(1,2,6),(1,6,5),(2,3,7),(2,7,6),(3,4,8),(3,8,7),(4,1,5),(4,5,8)),$);
#384=IFCSTYLEDITEM(#383,(#33),'wall_117');
#385=IFCCARTESIANPOINTLIST3D(((5.166498,35.997781,3.8),(5.166498,40.777781,3.8),(5.051498,40.777781,3.8),(5.051498,35.997781,3.8),(5.166498,35.997781,7.),(5.166498,40.777781,7.),(5.051498,40.777781,7.),(5.051498,35.997781,7.)));
#386=IFCTRIANGULATEDFACESET(#385,$,$,((1,3,2),(1,4,3),(5,6,7),(5,7,8),(1,2,6),(1,6,5),(2,3,7),(2,7,6),(3,4,8),(3,8,7),(4,1,5),(4,5,8)),$);
#387=IFCSTYLEDITEM(#386,(#33),'wall_118');
#388=IFCCARTESIANPOINTLIST3D(((7.051498,40.777781,7.3),(7.051498,32.455281,7.3),(7.166498,32.455281,7.3),(7.166498,40.777781,7.3),(7.051498,40.777781,10.6),(7.051498,32.455281,10.6),(7.166498,32.455281,10.6),(7.166498,40.777781,10.6)));
#389=IFCTRIANGULATEDFACESET(#388,$,$,((1,3,2),(1,4,3),(5,6,7),(5,7,8),(1,2,6),(1,6,5),(2,3,7),(2,7,6),(3,4,8),(3,8,7),(4,1,5),(4,5,8)),$);
#390=IFCSTYLEDITEM(#389,(#33),'wall_119');
#391=IFCCARTESIANPOINTLIST3D(((13.051498,40.777781,7.3),(13.051498,32.455281,7.3),(13.166498,32.455281,7.3),(13.166498,40.777781,7.3),(13.051498,40.777781,10.6),(13.051498,32.455281,10.6),(13.166498,32.455281,10.6),(13.166498,40.777781,10.6)));
#392=IFCTRIANGULATEDFACESET(#391,$,$,((1,3,2),(1,4,3),(5,6,7),(5,7,8),(1,2,6),(1,6,5),(2,3,7),(2,7,6),(3,4,8),(3,8,7),(4,1,5),(4,5,8)),$);
#393=IFCSTYLEDITEM(#392,(#33),'wall_120');
#394=IFCCARTESIANPOINTLIST3D(((50.432156,-12.994719,0.094172),(50.432156,-4.409719,0.094172),(50.132156,-4.409719,0.094172),(50.132156,-12.994719,0.094172),(50.432156,-12.994719,10.6),(50.432156,-4.409719,10.6),(50.132156,-4.409719,10.6),(50.132156,-12.994719,10.6)));
#395=IFCTRIANGULATEDFACESET(#394,$,$,((1,3,2),(1,4,3),(5,6,7),(5,7,8),(1,2,6),(1,6,5),(2,3,7),(2,7,6),(3,4,8),(3,8,7),(4,1,5),(4,5,8)),$);
#396=IFCSTYLEDITEM(#395,(#33),'wall_121');
#397=IFCCARTESIANPOINTLIST3D(((3.856068,9.838842,7.3),(3.856068,3.468842,7.3),(4.226068,3.468842,7.3),(4.226068,9.838842,7.3),(3.856068,9.838842,10.6),(3.856068,3.468842,10.6),(4.226068,3.468842,10.6),(4.226068,9.838842,10.6)));
#398=IFCTRIANGULATEDFACESET(#397,$,$,((1,3,2),(1,4,3),(5,6,7),(5,7,8),(1,2,6),(1,6,5),(2,3,7),(2,7,6),(3,4,8),(3,8,7),(4,1,5),(4,5,8)),$);
#399=IFCSTYLEDITEM(#398,(#33),'wall_122');
#400=IFCCARTESIANPOINTLIST3D(((-4.402844,28.797781,3.8),(-4.402844,30.412781,3.8),(-4.517844,30.412781,3.8),(-4.517844,28.797781,3.8),(-4.402844,28.797781,7.),(-4.402844,30.412781,7.),(-4.517844,30.412781,7.),(-4.517844,28.797781,7.)));
#401=IFCTRIANGULATEDFACESET(#400,$,$,((1,3,2),(1,4,3),(5,6,7),(5,7,8),(1,2,6),(1,6,5),(2,3,7),(2,7,6),(3,4,8),(3,8,7),(4,1,5),(4,5,8)),$);
#402=IFCSTYLEDITEM(#401,(#33),'wall_123');
#403=IFCCARTESIANPOINTLIST3D(((5.971068,-6.932219,3.8),(7.671068,-6.932219,3.8),(7.671068,-6.757219,3.8),(5.971068,-6.757219,3.8),(5.971068,-6.932219,7.),(7.671068,-6.932219,7.),(7.671068,-6.757219,7.),(5.971068,-6.757219,7.)));
#404=IFCTRIANGULATEDFACESET(#403,$,$,((1,3,2),(1,4,3),(5,6,7),(5,7,8),(1,2,6),(1,6,5),(2,3,7),(2,7,6),(3,4,8),(3,8,7),(4,1,5),(4,5,8)),$);
#405=IFCSTYLEDITEM(#404,(#33),'wall_124');
#406=IFCCARTESIANPOINTLIST3D(((5.971068,-6.932219,0.094172),(7.671068,-6.932219,0.094172),(7.671068,-6.757219,0.094172),(5.971068,-6.757219,0.094172),(5.971068,-6.932219,3.5),(7.671068,-6.932219,3.5),(7.671068,-6.757219,3.5),(5.971068,-6.757219,3.5)));
#407=IFCTRIANGULATEDFACESET(#406,$,$,((1,3,2),(1,4,3),(5,6,7),(5,7,8),(1,2,6),(1,6,5),(2,3,7),(2,7,6),(3,4,8),(3,8,7),(4,1,5),(4,5,8)),$);
#408=IFCSTYLEDITEM(#407,(#33),'wall_125');
#409=IFCCARTESIANPOINTLIST3D(((5.971068,-6.932219,7.3),(7.671068,-6.932219,7.3),(7.671068,-6.757219,7.3),(5.971068,-6.757219,7.3),(5.971068,-6.932219,10.6),(7.671068,-6.932219,10.6),(7.671068,-6.757219,10.6),(5.971068,-6.757219,10.6)));
#410=IFCTRIANGULATEDFACESET(#409,$,$,((1,3,2),(1,4,3),(5,6,7),(5,7,8),(1,2,6),(1,6,5),(2,3,7),(2,7,6),(3,4,8),(3,8,7),(4,1,5),(4,5,8)),$);
#411=IFCSTYLEDITEM(#410,(#33),'wall_126');
#412=IFCCARTESIANPOINTLIST3D(((9.083998,35.494031,0.094172),(10.522097,35.494031,0.094172),(10.522097,35.544031,0.094172),(9.083998,35.544031,0.094172),(9.083998,35.494031,3.5),(10.522097,35.494031,3.5),(10.522097,35.544031,3.5),(9.083998,35.544031,3.5)));
#413=IFCTRIANGULATEDFACESET(#412,$,$,((1,3,2),(1,4,3),(5,6,7),(5,7,8),(1,2,6),(1,6,5),(2,3,7),(2,7,6),(3,4,8),(3,8,7),(4,1,5),(4,5,8)),$);
#414=IFCSTYLEDITEM(#413,(#33),'wall_127');
#415=IFCCARTESIANPOINTLIST3D(((4.608998,34.147781,3.8),(6.363147,34.147781,3.8),(6.363147,34.262781,3.8),(4.608998,34.262781,3.8),(4.608998,34.147781,7.),(6.363147,34.147781,7.),(6.363147,34.262781,7.),(4.608998,34.262781,7.)));
#416=IFCTRIANGULATEDFACESET(#415,$,$,((1,3,2),(1,4,3),(5,6,7),(5,7,8),(1,2,6),(1,6,5),(2,3,7),(2,7,6),(3,4,8),(3,8,7),(4,1,5),(4,5,8)),$);
#417=IFCSTYLEDITEM(#416,(#33),'wall_128');
#418=IFCCARTESIANPOINTLIST3D(((19.481498,40.777781,7.3),(19.481498,36.662781,7.3),(19.596498,36.662781,7.3),(19.596498,40.777781,7.3),(19.481498,40.777781,10.6),(19.481498,36.662781,10.6),(19.596498,36.662781,10.6),(19.596498,40.777781,10.6)));
#419=IFCTRIANGULATEDFACESET(#418,$,$,((1,3,2),(1,4,3),(5,6,7),(5,7,8),(1,2,6),(1,6,5),(2,3,7),(2,7,6),(3,4,8),(3,8,7),(4,1,5),(4,5,8)),$);
#420=IFCSTYLEDITEM(#419,(#33),'wall_129');
#421=IFCCARTESIANPOINTLIST3D(((19.481498,38.997781,7.3),(21.163089,38.997781,7.3),(21.163089,39.112781,7.3),(19.481498,39.112781,7.3),(19.481498,38.997781,10.6),(21.163089,38.997781,10.6),(21.163089,39.112781,10.6),(19.481498,39.112781,10.6)));
#422=IFCTRIANGULATEDFACESET(#421,$,$,((1,3,2),(1,4,3),(5,6,7),(5,7,8),(1,2,6),(1,6,5),(2,3,7),(2,7,6),(3,4,8),(3,8,7),(4,1,5),(4,5,8)),$);
#423=IFCSTYLEDITEM(#422,(#33),'wall_130');
#424=IFCCARTESIANPOINTLIST3D(((19.581498,40.777781,3.8),(19.581498,38.662781,3.8),(19.696498,38.662781,3.8),(19.696498,40.777781,3.8),(19.581498,40.777781,7.),(19.581498,38.662781,7.),(19.696498,38.662781,7.),(19.696498,40.777781,7.)));
#425=IFCTRIANGULATEDFACESET(#424,$,$,((1,3,2),(1,4,3),(5,6,7),(5,7,8),(1,2,6),(1,6,5),(2,3,7),(2,7,6),(3,4,8),(3,8,7),(4,1,5),(4,5,8)),$);
#426=IFCSTYLEDITEM(#425,(#33),'wall_131');
#427=IFCCARTESIANPOINTLIST3D(((19.581498,38.662781,3.8),(21.163089,38.662781,3.8),(21.163089,38.777781,3.8),(19.581498,38.777781,3.8),(19.581498,38.662781,7.),(21.163089,38.662781,7.),(21.163089,38.777781,7.),(19.581498,38.777781,7.)));
#428=IFCTRIANGULATEDFACESET(#427,$,$,((1,3,2),(1,4,3),(5,6,7),(5,7,8),(1,2,6),(1,6,5),(2,3,7),(2,7,6),(3,4,8),(3,8,7),(4,1,5),(4,5,8)),$);
#429=IFCSTYLEDITEM(#428,(#33),'wall_132');
#430=IFCCARTESIANPOINTLIST3D(((-4.517844,2.915281,3.8),(-12.825403,2.915281,3.8),(-12.825403,2.800281,3.8),(-4.517844,2.800281,3.8),(-4.517844,2.915281,11.8),(-12.825403,2.915281,11.8),(-12.825403,2.800281,11.8),(-4.517844,2.800281,11.8)));
#431=IFCTRIANGULATEDFACESET(#430,$,$,((1,3,2),(1,4,3),(5,6,7),(5,7,8),(1,2,6),(1,6,5),(2,3,7),(2,7,6),(3,4,8),(3,8,7),(4,1,5),(4,5,8)),$);
#432=IFCSTYLEDITEM(#431,(#33),'wall_133');
#433=IFCSHAPEREPRESENTATION(#11,'Body','Tessellation',(#35,#38,#41,#44,#47,#50,#53,#56,#59,#62,#65,#68,#71,#74,#77,#80,#83,#86,#89,#92,#95,#98,#101,#104,#107,#110,#113,#116,#119,#122,#125,#128,#131,#134,#137,#140,#143,#146,#149,#152,#155,#158,#161,#164,#167,#170,#173,#176,#179,#182,#185,#188,#191,#194,#197,#200,#203,#206,#209,#212,#215,#218,#221,#224,#227,#230,#233,#236,#239,#242,#245,#248,#251,#254,#257,#260,#263,#266,#269,#272,#275,#278,#281,#284,#287,#290,#293,#296,#299,#302,#305,#308,#311,#314,#317,#320,#323,#326,#329,#332,#335,#338,#341,#344,#347,#350,#353,#356,#359,#362,#365,#368,#371,#374,#377,#380,#383,#386,#389,#392,#395,#398,#401,#404,#407,#410,#413,#416,#419,#422,#425,#428,#431));
#434=IFCPRODUCTDEFINITIONSHAPE($,$,(#433));
#435=IFCLOCALPLACEMENT(#25,#9);
#436=IFCBUILDINGELEMENTPROXY('34d32eEyzhhV0VP$0k_2lK',#5,'rmebasicsampleproject (extracted) room shell',$,$,#435,#434,$,$);
#437=IFCPROPERTYSINGLEVALUE('RoomName',$,IFCLABEL('rmebasicsampleproject (extracted)'),$);
#438=IFCPROPERTYSET('1vyxc329nQYBIZSYaL8tTB',#5,'RoomInformation',$,(#437));
#439=IFCRELDEFINESBYPROPERTIES('30kQmMMX0T1QUf$1izdXMX',#5,$,$,(#436),#438);
#440=IFCCARTESIANPOINTLIST3D(((19.893656,33.227145,4.746),(19.385656,33.227145,4.746),(19.385656,33.081045,4.746),(19.893656,33.081045,4.746),(19.893656,33.227145,6.0922),(19.385656,33.227145,6.0922),(19.385656,33.081045,6.0922),(19.893656,33.081045,6.0922)));
#441=IFCTRIANGULATEDFACESET(#440,$,$,((1,3,2),(1,4,3),(5,6,7),(5,7,8),(1,2,6),(1,6,5),(2,3,7),(2,7,6),(3,4,8),(3,8,7),(4,1,5),(4,5,8)),$);
#442=IFCSTYLEDITEM(#441,(#33),'EP-2_enclosure');
#443=IFCCARTESIANPOINTLIST3D(((19.759656,33.233145,5.621467),(19.519656,33.233145,5.621467),(19.519656,33.227145,5.621467),(19.759656,33.227145,5.621467),(19.759656,33.233145,5.665467),(19.519656,33.233145,5.665467),(19.519656,33.227145,5.665467),(19.759656,33.227145,5.665467)));
#444=IFCTRIANGULATEDFACESET(#443,$,$,((1,3,2),(1,4,3),(5,6,7),(5,7,8),(1,2,6),(1,6,5),(2,3,7),(2,7,6),(3,4,8),(3,8,7),(4,1,5),(4,5,8)),$);
#445=IFCSTYLEDITEM(#444,(#33),'EP-2_nameplate');
#446=IFCSHAPEREPRESENTATION(#11,'Body','Tessellation',(#441,#444));
#447=IFCPRODUCTDEFINITIONSHAPE($,$,(#446));
#448=IFCLOCALPLACEMENT(#25,#9);
#449=IFCELECTRICDISTRIBUTIONBOARD('0I_eAr3$8OJRedJNulpLqo',#5,'M_Lighting and Appliance Panelboard - 208V MLO - Surface',$,$,#448,#447,'EP-2',.DISTRIBUTIONBOARD.);
#450=IFCPROPERTYSINGLEVALUE('Width',$,IFCREAL(0.508),$);
#451=IFCPROPERTYSINGLEVALUE('Height',$,IFCREAL(1.3462),$);
#452=IFCPROPERTYSINGLEVALUE('Depth',$,IFCREAL(0.1461),$);
#453=IFCPROPERTYSINGLEVALUE('42 Circuit Height',$,IFCREAL(1.8796),$);
#454=IFCPROPERTYSINGLEVALUE('30 Circuit Height',$,IFCREAL(1.651),$);
#455=IFCPROPERTYSINGLEVALUE('24 Circuit Height',$,IFCREAL(1.3462),$);
#456=IFCPROPERTYSINGLEVALUE('12 Circuit Height',$,IFCREAL(1.3462),$);
#457=IFCPROPERTYSINGLEVALUE('PanelName',$,IFCLABEL('EP-2'),$);
#458=IFCPROPERTYSINGLEVALUE('FedFrom',$,IFCLABEL('PP-2B'),$);
#459=IFCPROPERTYSET('1zXMMSTAlTwdD6oDb4qRom',#5,'PanelSchedule',$,(#450,#451,#452,#453,#454,#455,#456,#457,#458));
#460=IFCRELDEFINESBYPROPERTIES('0D2ImEGRY3VlF6wPDWtdFa',#5,$,$,(#449),#459);
#461=IFCCARTESIANPOINTLIST3D(((19.893656,33.858888,4.746),(19.385656,33.858888,4.746),(19.385656,33.712788,4.746),(19.893656,33.712788,4.746),(19.893656,33.858888,6.0922),(19.385656,33.858888,6.0922),(19.385656,33.712788,6.0922),(19.893656,33.712788,6.0922)));
#462=IFCTRIANGULATEDFACESET(#461,$,$,((1,3,2),(1,4,3),(5,6,7),(5,7,8),(1,2,6),(1,6,5),(2,3,7),(2,7,6),(3,4,8),(3,8,7),(4,1,5),(4,5,8)),$);
#463=IFCSTYLEDITEM(#462,(#33),'PP-2B_enclosure');
#464=IFCCARTESIANPOINTLIST3D(((19.759656,33.864888,5.621467),(19.519656,33.864888,5.621467),(19.519656,33.858888,5.621467),(19.759656,33.858888,5.621467),(19.759656,33.864888,5.665467),(19.519656,33.864888,5.665467),(19.519656,33.858888,5.665467),(19.759656,33.858888,5.665467)));
#465=IFCTRIANGULATEDFACESET(#464,$,$,((1,3,2),(1,4,3),(5,6,7),(5,7,8),(1,2,6),(1,6,5),(2,3,7),(2,7,6),(3,4,8),(3,8,7),(4,1,5),(4,5,8)),$);
#466=IFCSTYLEDITEM(#465,(#33),'PP-2B_nameplate');
#467=IFCSHAPEREPRESENTATION(#11,'Body','Tessellation',(#462,#465));
#468=IFCPRODUCTDEFINITIONSHAPE($,$,(#467));
#469=IFCLOCALPLACEMENT(#25,#9);
#470=IFCELECTRICDISTRIBUTIONBOARD('2F6rE$pCPhUN7Aao5xDCqR',#5,'M_Lighting and Appliance Panelboard - 208V MLO - Surface',$,$,#469,#468,'PP-2B',.DISTRIBUTIONBOARD.);
#471=IFCPROPERTYSINGLEVALUE('Width',$,IFCREAL(0.508),$);
#472=IFCPROPERTYSINGLEVALUE('Height',$,IFCREAL(1.3462),$);
#473=IFCPROPERTYSINGLEVALUE('Depth',$,IFCREAL(0.1461),$);
#474=IFCPROPERTYSINGLEVALUE('42 Circuit Height',$,IFCREAL(1.8796),$);
#475=IFCPROPERTYSINGLEVALUE('30 Circuit Height',$,IFCREAL(1.651),$);
#476=IFCPROPERTYSINGLEVALUE('24 Circuit Height',$,IFCREAL(1.3462),$);
#477=IFCPROPERTYSINGLEVALUE('12 Circuit Height',$,IFCREAL(1.3462),$);
#478=IFCPROPERTYSINGLEVALUE('PanelName',$,IFCLABEL('PP-2B'),$);
#479=IFCPROPERTYSINGLEVALUE('FedFrom',$,IFCLABEL('PP-2A'),$);
#480=IFCPROPERTYSET('0VPpbxV4zTxYL8jGhY4cDw',#5,'PanelSchedule',$,(#471,#472,#473,#474,#475,#476,#477,#478,#479));
#481=IFCRELDEFINESBYPROPERTIES('2BjEvak3ftILky0rQCYv1Y',#5,$,$,(#470),#480);
#482=IFCCARTESIANPOINTLIST3D(((19.893656,34.490631,3.991127),(19.385656,34.490631,3.991127),(19.385656,34.344531,3.991127),(19.893656,34.344531,3.991127),(19.893656,34.490631,5.261127),(19.385656,34.490631,5.261127),(19.385656,34.344531,5.261127),(19.893656,34.344531,5.261127)));
#483=IFCTRIANGULATEDFACESET(#482,$,$,((1,3,2),(1,4,3),(5,6,7),(5,7,8),(1,2,6),(1,6,5),(2,3,7),(2,7,6),(3,4,8),(3,8,7),(4,1,5),(4,5,8)),$);
#484=IFCSTYLEDITEM(#483,(#33),'LP-2_enclosure');
#485=IFCCARTESIANPOINTLIST3D(((19.759656,34.496631,4.815794),(19.519656,34.496631,4.815794),(19.519656,34.490631,4.815794),(19.759656,34.490631,4.815794),(19.759656,34.496631,4.859794),(19.519656,34.496631,4.859794),(19.519656,34.490631,4.859794),(19.759656,34.490631,4.859794)));
#486=IFCTRIANGULATEDFACESET(#485,$,$,((1,3,2),(1,4,3),(5,6,7),(5,7,8),(1,2,6),(1,6,5),(2,3,7),(2,7,6),(3,4,8),(3,8,7),(4,1,5),(4,5,8)),$);
#487=IFCSTYLEDITEM(#486,(#33),'LP-2_nameplate');
#488=IFCSHAPEREPRESENTATION(#11,'Body','Tessellation',(#483,#486));
#489=IFCPRODUCTDEFINITIONSHAPE($,$,(#488));
#490=IFCLOCALPLACEMENT(#25,#9);
#491=IFCELECTRICDISTRIBUTIONBOARD('3XK4xao4eH$Cw6ty8Tmq4T',#5,'M_Lighting and Appliance Panelboard - 480V MLO - Surface',$,$,#490,#489,'LP-2',.DISTRIBUTIONBOARD.);
#492=IFCPROPERTYSINGLEVALUE('Width',$,IFCREAL(0.508),$);
#493=IFCPROPERTYSINGLEVALUE('Height',$,IFCREAL(1.27),$);
#494=IFCPROPERTYSINGLEVALUE('Depth',$,IFCREAL(0.1461),$);
#495=IFCPROPERTYSINGLEVALUE('42 Circuit Height',$,IFCREAL(1.4224),$);
#496=IFCPROPERTYSINGLEVALUE('30 Circuit Height',$,IFCREAL(1.27),$);
#497=IFCPROPERTYSINGLEVALUE('18 Circuit Height',$,IFCREAL(1.27),$);
#498=IFCPROPERTYSINGLEVALUE('12 Circuit Height',$,IFCREAL(1.27),$);
#499=IFCPROPERTYSINGLEVALUE('PanelName',$,IFCLABEL('LP-2'),$);
#500=IFCPROPERTYSINGLEVALUE('FedFrom',$,IFCLABEL('MDP-2'),$);
#501=IFCPROPERTYSET('0bdAovvzd$W7AAc6jguKBg',#5,'PanelSchedule',$,(#492,#493,#494,#495,#496,#497,#498,#499,#500));
#502=IFCRELDEFINESBYPROPERTIES('2de1NAvasK93sdWBKh5FU0',#5,$,$,(#491),#501);
#503=IFCCARTESIANPOINTLIST3D(((21.259589,37.353306,8.246),(20.751589,37.353306,8.246),(20.751589,37.207206,8.246),(21.259589,37.207206,8.246),(21.259589,37.353306,9.5922),(20.751589,37.353306,9.5922),(20.751589,37.207206,9.5922),(21.259589,37.207206,9.5922)));
#504=IFCTRIANGULATEDFACESET(#503,$,$,((1,3,2),(1,4,3),(5,6,7),(5,7,8),(1,2,6),(1,6,5),(2,3,7),(2,7,6),(3,4,8),(3,8,7),(4,1,5),(4,5,8)),$);
#505=IFCSTYLEDITEM(#504,(#33),'PP-3B_enclosure');
#506=IFCCARTESIANPOINTLIST3D(((21.125589,37.359306,9.121467),(20.885589,37.359306,9.121467),(20.885589,37.353306,9.121467),(21.125589,37.353306,9.121467),(21.125589,37.359306,9.165467),(20.885589,37.359306,9.165467),(20.885589,37.353306,9.165467),(21.125589,37.353306,9.165467)));
#507=IFCTRIANGULATEDFACESET(#506,$,$,((1,3,2),(1,4,3),(5,6,7),(5,7,8),(1,2,6),(1,6,5),(2,3,7),(2,7,6),(3,4,8),(3,8,7),(4,1,5),(4,5,8)),$);
#508=IFCSTYLEDITEM(#507,(#33),'PP-3B_nameplate');
#509=IFCSHAPEREPRESENTATION(#11,'Body','Tessellation',(#504,#507));
#510=IFCPRODUCTDEFINITIONSHAPE($,$,(#509));
#511=IFCLOCALPLACEMENT(#25,#9);
#512=IFCELECTRICDISTRIBUTIONBOARD('1MAB_yI3p2C6Fa_Y8y5EaM',#5,'M_Lighting and Appliance Panelboard - 208V MLO - Surface',$,$,#511,#510,'PP-3B',.DISTRIBUTIONBOARD.);
#513=IFCPROPERTYSINGLEVALUE('Width',$,IFCREAL(0.508),$);
#514=IFCPROPERTYSINGLEVALUE('Height',$,IFCREAL(1.3462),$);
#515=IFCPROPERTYSINGLEVALUE('Depth',$,IFCREAL(0.1461),$);
#516=IFCPROPERTYSINGLEVALUE('42 Circuit Height',$,IFCREAL(1.8796),$);
#517=IFCPROPERTYSINGLEVALUE('30 Circuit Height',$,IFCREAL(1.651),$);
#518=IFCPROPERTYSINGLEVALUE('24 Circuit Height',$,IFCREAL(1.3462),$);
#519=IFCPROPERTYSINGLEVALUE('12 Circuit Height',$,IFCREAL(1.3462),$);
#520=IFCPROPERTYSINGLEVALUE('PanelName',$,IFCLABEL('PP-3B'),$);
#521=IFCPROPERTYSINGLEVALUE('FedFrom',$,IFCLABEL('PP-3A'),$);
#522=IFCPROPERTYSET('345DgJ76dR3LYOnPErvyS$',#5,'PanelSchedule',$,(#513,#514,#515,#516,#517,#518,#519,#520,#521));
#523=IFCRELDEFINESBYPROPERTIES('1ahXDwrruykkIsFTrjgzj4',#5,$,$,(#512),#522);
#524=IFCCARTESIANPOINTLIST3D(((21.259589,38.053306,8.246),(20.751589,38.053306,8.246),(20.751589,37.907206,8.246),(21.259589,37.907206,8.246),(21.259589,38.053306,9.5922),(20.751589,38.053306,9.5922),(20.751589,37.907206,9.5922),(21.259589,37.907206,9.5922)));
#525=IFCTRIANGULATEDFACESET(#524,$,$,((1,3,2),(1,4,3),(5,6,7),(5,7,8),(1,2,6),(1,6,5),(2,3,7),(2,7,6),(3,4,8),(3,8,7),(4,1,5),(4,5,8)),$);
#526=IFCSTYLEDITEM(#525,(#33),'EP-3_enclosure');
#527=IFCCARTESIANPOINTLIST3D(((21.125589,38.059306,9.121467),(20.885589,38.059306,9.121467),(20.885589,38.053306,9.121467),(21.125589,38.053306,9.121467),(21.125589,38.059306,9.165467),(20.885589,38.059306,9.165467),(20.885589,38.053306,9.165467),(21.125589,38.053306,9.165467)));
#528=IFCTRIANGULATEDFACESET(#527,$,$,((1,3,2),(1,4,3),(5,6,7),(5,7,8),(1,2,6),(1,6,5),(2,3,7),(2,7,6),(3,4,8),(3,8,7),(4,1,5),(4,5,8)),$);
#529=IFCSTYLEDITEM(#528,(#33),'EP-3_nameplate');
#530=IFCSHAPEREPRESENTATION(#11,'Body','Tessellation',(#525,#528));
#531=IFCPRODUCTDEFINITIONSHAPE($,$,(#530));
#532=IFCLOCALPLACEMENT(#25,#9);
#533=IFCELECTRICDISTRIBUTIONBOARD('38L71CX6_lnnBCDIPbkm8w',#5,'M_Lighting and Appliance Panelboard - 208V MLO - Surface',$,$,#532,#531,'EP-3',.DISTRIBUTIONBOARD.);
#534=IFCPROPERTYSINGLEVALUE('Width',$,IFCREAL(0.508),$);
#535=IFCPROPERTYSINGLEVALUE('Height',$,IFCREAL(1.3462),$);
#536=IFCPROPERTYSINGLEVALUE('Depth',$,IFCREAL(0.1461),$);
#537=IFCPROPERTYSINGLEVALUE('42 Circuit Height',$,IFCREAL(1.8796),$);
#538=IFCPROPERTYSINGLEVALUE('30 Circuit Height',$,IFCREAL(1.651),$);
#539=IFCPROPERTYSINGLEVALUE('24 Circuit Height',$,IFCREAL(1.3462),$);
#540=IFCPROPERTYSINGLEVALUE('12 Circuit Height',$,IFCREAL(1.3462),$);
#541=IFCPROPERTYSINGLEVALUE('PanelName',$,IFCLABEL('EP-3'),$);
#542=IFCPROPERTYSINGLEVALUE('FedFrom',$,IFCLABEL('PP-3B'),$);
#543=IFCPROPERTYSET('2aF$dsFX5z3WCMkZVNQYOy',#5,'PanelSchedule',$,(#534,#535,#536,#537,#538,#539,#540,#541,#542));
#544=IFCRELDEFINESBYPROPERTIES('3otQCSFkGLE8Rpxh7XRxma',#5,$,$,(#533),#543);
#545=IFCCARTESIANPOINTLIST3D(((21.259589,38.753306,7.491127),(20.751589,38.753306,7.491127),(20.751589,38.607206,7.491127),(21.259589,38.607206,7.491127),(21.259589,38.753306,8.761127),(20.751589,38.753306,8.761127),(20.751589,38.607206,8.761127),(21.259589,38.607206,8.761127)));
#546=IFCTRIANGULATEDFACESET(#545,$,$,((1,3,2),(1,4,3),(5,6,7),(5,7,8),(1,2,6),(1,6,5),(2,3,7),(2,7,6),(3,4,8),(3,8,7),(4,1,5),(4,5,8)),$);
#547=IFCSTYLEDITEM(#546,(#33),'LP-3_enclosure');
#548=IFCCARTESIANPOINTLIST3D(((21.125589,38.759306,8.315794),(20.885589,38.759306,8.315794),(20.885589,38.753306,8.315794),(21.125589,38.753306,8.315794),(21.125589,38.759306,8.359794),(20.885589,38.759306,8.359794),(20.885589,38.753306,8.359794),(21.125589,38.753306,8.359794)));
#549=IFCTRIANGULATEDFACESET(#548,$,$,((1,3,2),(1,4,3),(5,6,7),(5,7,8),(1,2,6),(1,6,5),(2,3,7),(2,7,6),(3,4,8),(3,8,7),(4,1,5),(4,5,8)),$);
#550=IFCSTYLEDITEM(#549,(#33),'LP-3_nameplate');
#551=IFCSHAPEREPRESENTATION(#11,'Body','Tessellation',(#546,#549));
#552=IFCPRODUCTDEFINITIONSHAPE($,$,(#551));
#553=IFCLOCALPLACEMENT(#25,#9);
#554=IFCELECTRICDISTRIBUTIONBOARD('3LimQRsw7eqx$KnxbG$ZJ1',#5,'M_Lighting and Appliance Panelboard - 480V MLO - Surface',$,$,#553,#552,'LP-3',.DISTRIBUTIONBOARD.);
#555=IFCPROPERTYSINGLEVALUE('Width',$,IFCREAL(0.508),$);
#556=IFCPROPERTYSINGLEVALUE('Height',$,IFCREAL(1.27),$);
#557=IFCPROPERTYSINGLEVALUE('Depth',$,IFCREAL(0.1461),$);
#558=IFCPROPERTYSINGLEVALUE('42 Circuit Height',$,IFCREAL(1.4224),$);
#559=IFCPROPERTYSINGLEVALUE('30 Circuit Height',$,IFCREAL(1.27),$);
#560=IFCPROPERTYSINGLEVALUE('18 Circuit Height',$,IFCREAL(1.27),$);
#561=IFCPROPERTYSINGLEVALUE('12 Circuit Height',$,IFCREAL(1.27),$);
#562=IFCPROPERTYSINGLEVALUE('PanelName',$,IFCLABEL('LP-3'),$);
#563=IFCPROPERTYSINGLEVALUE('FedFrom',$,IFCLABEL('MDP-3'),$);
#564=IFCPROPERTYSET('2z12_K7LVK1QT4qFBiyy$Y',#5,'PanelSchedule',$,(#555,#556,#557,#558,#559,#560,#561,#562,#563));
#565=IFCRELDEFINESBYPROPERTIES('1ApzaekVP784H5UHaz5vLq',#5,$,$,(#554),#564);
#566=IFCCARTESIANPOINTLIST3D(((16.512051,36.214065,11.938873),(17.020051,36.214065,11.938873),(17.020051,36.360165,11.938873),(16.512051,36.360165,11.938873),(16.512051,36.214065,13.208873),(17.020051,36.214065,13.208873),(17.020051,36.360165,13.208873),(16.512051,36.360165,13.208873)));
#567=IFCTRIANGULATEDFACESET(#566,$,$,((1,3,2),(1,4,3),(5,6,7),(5,7,8),(1,2,6),(1,6,5),(2,3,7),(2,7,6),(3,4,8),(3,8,7),(4,1,5),(4,5,8)),$);
#568=IFCSTYLEDITEM(#567,(#33),'CTP_enclosure');
#569=IFCCARTESIANPOINTLIST3D(((16.646051,36.208065,12.763539),(16.886051,36.208065,12.763539),(16.886051,36.214065,12.763539),(16.646051,36.214065,12.763539),(16.646051,36.208065,12.807539),(16.886051,36.208065,12.807539),(16.886051,36.214065,12.807539),(16.646051,36.214065,12.807539)));
#570=IFCTRIANGULATEDFACESET(#569,$,$,((1,3,2),(1,4,3),(5,6,7),(5,7,8),(1,2,6),(1,6,5),(2,3,7),(2,7,6),(3,4,8),(3,8,7),(4,1,5),(4,5,8)),$);
#571=IFCSTYLEDITEM(#570,(#33),'CTP_nameplate');
#572=IFCSHAPEREPRESENTATION(#11,'Body','Tessellation',(#567,#570));
#573=IFCPRODUCTDEFINITIONSHAPE($,$,(#572));
#574=IFCLOCALPLACEMENT(#25,#9);
#575=IFCELECTRICDISTRIBUTIONBOARD('2zYHGKdA7EntqlSSqEOntD',#5,'M_Lighting and Appliance Panelboard - 480V MLO - Surface',$,$,#574,#573,'CTP',.DISTRIBUTIONBOARD.);
#576=IFCPROPERTYSINGLEVALUE('Width',$,IFCREAL(0.508),$);
#577=IFCPROPERTYSINGLEVALUE('Height',$,IFCREAL(1.27),$);
#578=IFCPROPERTYSINGLEVALUE('Depth',$,IFCREAL(0.1461),$);
#579=IFCPROPERTYSINGLEVALUE('42 Circuit Height',$,IFCREAL(1.4224),$);
#580=IFCPROPERTYSINGLEVALUE('30 Circuit Height',$,IFCREAL(1.27),$);
#581=IFCPROPERTYSINGLEVALUE('18 Circuit Height',$,IFCREAL(1.27),$);
#582=IFCPROPERTYSINGLEVALUE('12 Circuit Height',$,IFCREAL(1.27),$);
#583=IFCPROPERTYSINGLEVALUE('PanelName',$,IFCLABEL('CTP'),$);
#584=IFCPROPERTYSINGLEVALUE('FedFrom',$,IFCLABEL('SWB'),$);
#585=IFCPROPERTYSET('2FADD6hREItZJ7qPFMVCkv',#5,'PanelSchedule',$,(#576,#577,#578,#579,#580,#581,#582,#583,#584));
#586=IFCRELDEFINESBYPROPERTIES('17GwW8JttEnktSuQgsKTIl',#5,$,$,(#575),#585);
#587=IFCCARTESIANPOINTLIST3D(((40.701618,-4.366119,11.946),(40.193618,-4.366119,11.946),(40.193618,-4.512219,11.946),(40.701618,-4.512219,11.946),(40.701618,-4.366119,13.2922),(40.193618,-4.366119,13.2922),(40.193618,-4.512219,13.2922),(40.701618,-4.512219,13.2922)));
#588=IFCTRIANGULATEDFACESET(#587,$,$,((1,3,2),(1,4,3),(5,6,7),(5,7,8),(1,2,6),(1,6,5),(2,3,7),(2,7,6),(3,4,8),(3,8,7),(4,1,5),(4,5,8)),$);
#589=IFCSTYLEDITEM(#588,(#33),'AHP_enclosure');
#590=IFCCARTESIANPOINTLIST3D(((40.567618,-4.360119,12.821467),(40.327618,-4.360119,12.821467),(40.327618,-4.366119,12.821467),(40.567618,-4.366119,12.821467),(40.567618,-4.360119,12.865467),(40.327618,-4.360119,12.865467),(40.327618,-4.366119,12.865467),(40.567618,-4.366119,12.865467)));
#591=IFCTRIANGULATEDFACESET(#590,$,$,((1,3,2),(1,4,3),(5,6,7),(5,7,8),(1,2,6),(1,6,5),(2,3,7),(2,7,6),(3,4,8),(3,8,7),(4,1,5),(4,5,8)),$);
#592=IFCSTYLEDITEM(#591,(#33),'AHP_nameplate');
#593=IFCSHAPEREPRESENTATION(#11,'Body','Tessellation',(#588,#591));
#594=IFCPRODUCTDEFINITIONSHAPE($,$,(#593));
#595=IFCLOCALPLACEMENT(#25,#9);
#596=IFCELECTRICDISTRIBUTIONBOARD('1HStn12oaebNxR1vImcAqf',#5,'M_Lighting and Appliance Panelboard - 208V MLO - Surface',$,$,#595,#594,'AHP',.DISTRIBUTIONBOARD.);
#597=IFCPROPERTYSINGLEVALUE('Width',$,IFCREAL(0.508),$);
#598=IFCPROPERTYSINGLEVALUE('Height',$,IFCREAL(1.3462),$);
#599=IFCPROPERTYSINGLEVALUE('Depth',$,IFCREAL(0.1461),$);
#600=IFCPROPERTYSINGLEVALUE('42 Circuit Height',$,IFCREAL(1.8796),$);
#601=IFCPROPERTYSINGLEVALUE('30 Circuit Height',$,IFCREAL(1.651),$);
#602=IFCPROPERTYSINGLEVALUE('24 Circuit Height',$,IFCREAL(1.3462),$);
#603=IFCPROPERTYSINGLEVALUE('12 Circuit Height',$,IFCREAL(1.3462),$);
#604=IFCPROPERTYSINGLEVALUE('PanelName',$,IFCLABEL('AHP'),$);
#605=IFCPROPERTYSINGLEVALUE('FedFrom',$,IFCLABEL('PP-3A'),$);
#606=IFCPROPERTYSET('1GFY$mZ5bjTP6lRrKLcMdu',#5,'PanelSchedule',$,(#597,#598,#599,#600,#601,#602,#603,#604,#605));
#607=IFCRELDEFINESBYPROPERTIES('01HbpbBeRCdEe4u08LCBjp',#5,$,$,(#596),#606);
#608=IFCCARTESIANPOINTLIST3D(((17.807343,34.023758,0.938873),(18.315343,34.023758,0.938873),(18.315343,34.169858,0.938873),(17.807343,34.169858,0.938873),(17.807343,34.023758,2.208873),(18.315343,34.023758,2.208873),(18.315343,34.169858,2.208873),(17.807343,34.169858,2.208873)));
#609=IFCTRIANGULATEDFACESET(#608,$,$,((1,3,2),(1,4,3),(5,6,7),(5,7,8),(1,2,6),(1,6,5),(2,3,7),(2,7,6),(3,4,8),(3,8,7),(4,1,5),(4,5,8)),$);
#610=IFCSTYLEDITEM(#609,(#33),'LP-1_enclosure');
#611=IFCCARTESIANPOINTLIST3D(((17.941343,34.017758,1.763539),(18.181343,34.017758,1.763539),(18.181343,34.023758,1.763539),(17.941343,34.023758,1.763539),(17.941343,34.017758,1.807539),(18.181343,34.017758,1.807539),(18.181343,34.023758,1.807539),(17.941343,34.023758,1.807539)));
#612=IFCTRIANGULATEDFACESET(#611,$,$,((1,3,2),(1,4,3),(5,6,7),(5,7,8),(1,2,6),(1,6,5),(2,3,7),(2,7,6),(3,4,8),(3,8,7),(4,1,5),(4,5,8)),$);
#613=IFCSTYLEDITEM(#612,(#33),'LP-1_nameplate');
#614=IFCSHAPEREPRESENTATION(#11,'Body','Tessellation',(#609,#612));
#615=IFCPRODUCTDEFINITIONSHAPE($,$,(#614));
#616=IFCLOCALPLACEMENT(#25,#9);
#617=IFCELECTRICDISTRIBUTIONBOARD('05d798$LOTFFS1_ePtWmQV',#5,'M_Lighting and Appliance Panelboard - 480V MLO - Surface',$,$,#616,#615,'LP-1',.DISTRIBUTIONBOARD.);
#618=IFCPROPERTYSINGLEVALUE('Width',$,IFCREAL(0.508),$);
#619=IFCPROPERTYSINGLEVALUE('Height',$,IFCREAL(1.27),$);
#620=IFCPROPERTYSINGLEVALUE('Depth',$,IFCREAL(0.1461),$);
#621=IFCPROPERTYSINGLEVALUE('42 Circuit Height',$,IFCREAL(1.4224),$);
#622=IFCPROPERTYSINGLEVALUE('30 Circuit Height',$,IFCREAL(1.27),$);
#623=IFCPROPERTYSINGLEVALUE('18 Circuit Height',$,IFCREAL(1.27),$);
#624=IFCPROPERTYSINGLEVALUE('12 Circuit Height',$,IFCREAL(1.27),$);
#625=IFCPROPERTYSINGLEVALUE('PanelName',$,IFCLABEL('LP-1'),$);
#626=IFCPROPERTYSINGLEVALUE('FedFrom',$,IFCLABEL('MDP-1'),$);
#627=IFCPROPERTYSET('3nrojhrqDt87AjKezOo6_d',#5,'PanelSchedule',$,(#618,#619,#620,#621,#622,#623,#624,#625,#626));
#628=IFCRELDEFINESBYPROPERTIES('0vKGOhmwQV_aj9aszgGDjo',#5,$,$,(#617),#627);
#629=IFCCARTESIANPOINTLIST3D(((17.807343,33.443573,0.1078),(18.315343,33.443573,0.1078),(18.315343,33.589673,0.1078),(17.807343,33.589673,0.1078),(17.807343,33.443573,1.454),(18.315343,33.443573,1.454),(18.315343,33.589673,1.454),(17.807343,33.589673,1.454)));
#630=IFCTRIANGULATEDFACESET(#629,$,$,((1,3,2),(1,4,3),(5,6,7),(5,7,8),(1,2,6),(1,6,5),(2,3,7),(2,7,6),(3,4,8),(3,8,7),(4,1,5),(4,5,8)),$);
#631=IFCSTYLEDITEM(#630,(#33),'PP-1B_enclosure');
#632=IFCCARTESIANPOINTLIST3D(((17.941343,33.437573,0.983267),(18.181343,33.437573,0.983267),(18.181343,33.443573,0.983267),(17.941343,33.443573,0.983267),(17.941343,33.437573,1.027267),(18.181343,33.437573,1.027267),(18.181343,33.443573,1.027267),(17.941343,33.443573,1.027267)));
#633=IFCTRIANGULATEDFACESET(#632,$,$,((1,3,2),(1,4,3),(5,6,7),(5,7,8),(1,2,6),(1,6,5),(2,3,7),(2,7,6),(3,4,8),(3,8,7),(4,1,5),(4,5,8)),$);
#634=IFCSTYLEDITEM(#633,(#33),'PP-1B_nameplate');
#635=IFCSHAPEREPRESENTATION(#11,'Body','Tessellation',(#630,#633));
#636=IFCPRODUCTDEFINITIONSHAPE($,$,(#635));
#637=IFCLOCALPLACEMENT(#25,#9);
#638=IFCELECTRICDISTRIBUTIONBOARD('22ueRzy8KE3XbTOsfGNQ5F',#5,'M_Lighting and Appliance Panelboard - 208V MLO - Surface',$,$,#637,#636,'PP-1B',.DISTRIBUTIONBOARD.);
#639=IFCPROPERTYSINGLEVALUE('Width',$,IFCREAL(0.508),$);
#640=IFCPROPERTYSINGLEVALUE('Height',$,IFCREAL(1.3462),$);
#641=IFCPROPERTYSINGLEVALUE('Depth',$,IFCREAL(0.1461),$);
#642=IFCPROPERTYSINGLEVALUE('42 Circuit Height',$,IFCREAL(1.8796),$);
#643=IFCPROPERTYSINGLEVALUE('30 Circuit Height',$,IFCREAL(1.651),$);
#644=IFCPROPERTYSINGLEVALUE('24 Circuit Height',$,IFCREAL(1.3462),$);
#645=IFCPROPERTYSINGLEVALUE('12 Circuit Height',$,IFCREAL(1.3462),$);
#646=IFCPROPERTYSINGLEVALUE('PanelName',$,IFCLABEL('PP-1B'),$);
#647=IFCPROPERTYSINGLEVALUE('FedFrom',$,IFCLABEL('PP-2A'),$);
#648=IFCPROPERTYSET('3YPUZUQoyPqmQyVfrkIujd',#5,'PanelSchedule',$,(#639,#640,#641,#642,#643,#644,#645,#646,#647));
#649=IFCRELDEFINESBYPROPERTIES('3OYQDEv6hjDN_gzxDdrVKx',#5,$,$,(#638),#648);
#650=IFCCARTESIANPOINTLIST3D(((17.807343,32.863389,0.1078),(18.315343,32.863389,0.1078),(18.315343,33.009489,0.1078),(17.807343,33.009489,0.1078),(17.807343,32.863389,1.454),(18.315343,32.863389,1.454),(18.315343,33.009489,1.454),(17.807343,33.009489,1.454)));
#651=IFCTRIANGULATEDFACESET(#650,$,$,((1,3,2),(1,4,3),(5,6,7),(5,7,8),(1,2,6),(1,6,5),(2,3,7),(2,7,6),(3,4,8),(3,8,7),(4,1,5),(4,5,8)),$);
#652=IFCSTYLEDITEM(#651,(#33),'EP-1A_enclosure');
#653=IFCCARTESIANPOINTLIST3D(((17.941343,32.857389,0.983267),(18.181343,32.857389,0.983267),(18.181343,32.863389,0.983267),(17.941343,32.863389,0.983267),(17.941343,32.857389,1.027267),(18.181343,32.857389,1.027267),(18.181343,32.863389,1.027267),(17.941343,32.863389,1.027267)));
#654=IFCTRIANGULATEDFACESET(#653,$,$,((1,3,2),(1,4,3),(5,6,7),(5,7,8),(1,2,6),(1,6,5),(2,3,7),(2,7,6),(3,4,8),(3,8,7),(4,1,5),(4,5,8)),$);
#655=IFCSTYLEDITEM(#654,(#33),'EP-1A_nameplate');
#656=IFCSHAPEREPRESENTATION(#11,'Body','Tessellation',(#651,#654));
#657=IFCPRODUCTDEFINITIONSHAPE($,$,(#656));
#658=IFCLOCALPLACEMENT(#25,#9);
#659=IFCELECTRICDISTRIBUTIONBOARD('33gNwdNJyTJqAln0Hy0LMJ',#5,'M_Lighting and Appliance Panelboard - 208V MLO - Surface',$,$,#658,#657,'EP-1A',.DISTRIBUTIONBOARD.);
#660=IFCPROPERTYSINGLEVALUE('Width',$,IFCREAL(0.508),$);
#661=IFCPROPERTYSINGLEVALUE('Height',$,IFCREAL(1.3462),$);
#662=IFCPROPERTYSINGLEVALUE('Depth',$,IFCREAL(0.1461),$);
#663=IFCPROPERTYSINGLEVALUE('42 Circuit Height',$,IFCREAL(1.8796),$);
#664=IFCPROPERTYSINGLEVALUE('30 Circuit Height',$,IFCREAL(1.651),$);
#665=IFCPROPERTYSINGLEVALUE('24 Circuit Height',$,IFCREAL(1.3462),$);
#666=IFCPROPERTYSINGLEVALUE('12 Circuit Height',$,IFCREAL(1.3462),$);
#667=IFCPROPERTYSINGLEVALUE('PanelName',$,IFCLABEL('EP-1A'),$);
#668=IFCPROPERTYSINGLEVALUE('FedFrom',$,IFCLABEL('PP-1B'),$);
#669=IFCPROPERTYSET('3tiXdJPJXwYvhgP2HmgZXl',#5,'PanelSchedule',$,(#660,#661,#662,#663,#664,#665,#666,#667,#668));
#670=IFCRELDEFINESBYPROPERTIES('3PGAUVtl4l7LviifN7ZmP9',#5,$,$,(#659),#669);
#671=IFCCARTESIANPOINTLIST3D(((17.807343,32.263389,0.1078),(18.315343,32.263389,0.1078),(18.315343,32.409489,0.1078),(17.807343,32.409489,0.1078),(17.807343,32.263389,1.454),(18.315343,32.263389,1.454),(18.315343,32.409489,1.454),(17.807343,32.409489,1.454)));
#672=IFCTRIANGULATEDFACESET(#671,$,$,((1,3,2),(1,4,3),(5,6,7),(5,7,8),(1,2,6),(1,6,5),(2,3,7),(2,7,6),(3,4,8),(3,8,7),(4,1,5),(4,5,8)),$);
#673=IFCSTYLEDITEM(#672,(#33),'EP-1B_enclosure');
#674=IFCCARTESIANPOINTLIST3D(((17.941343,32.257389,0.983267),(18.181343,32.257389,0.983267),(18.181343,32.263389,0.983267),(17.941343,32.263389,0.983267),(17.941343,32.257389,1.027267),(18.181343,32.257389,1.027267),(18.181343,32.263389,1.027267),(17.941343,32.263389,1.027267)));
#675=IFCTRIANGULATEDFACESET(#674,$,$,((1,3,2),(1,4,3),(5,6,7),(5,7,8),(1,2,6),(1,6,5),(2,3,7),(2,7,6),(3,4,8),(3,8,7),(4,1,5),(4,5,8)),$);
#676=IFCSTYLEDITEM(#675,(#33),'EP-1B_nameplate');
#677=IFCSHAPEREPRESENTATION(#11,'Body','Tessellation',(#672,#675));
#678=IFCPRODUCTDEFINITIONSHAPE($,$,(#677));
#679=IFCLOCALPLACEMENT(#25,#9);
#680=IFCELECTRICDISTRIBUTIONBOARD('1qUb4dyRdDeiId98Iwh_db',#5,'M_Lighting and Appliance Panelboard - 208V MLO - Surface',$,$,#679,#678,'EP-1B',.DISTRIBUTIONBOARD.);
#681=IFCPROPERTYSINGLEVALUE('Width',$,IFCREAL(0.508),$);
#682=IFCPROPERTYSINGLEVALUE('Height',$,IFCREAL(1.3462),$);
#683=IFCPROPERTYSINGLEVALUE('Depth',$,IFCREAL(0.1461),$);
#684=IFCPROPERTYSINGLEVALUE('42 Circuit Height',$,IFCREAL(1.8796),$);
#685=IFCPROPERTYSINGLEVALUE('30 Circuit Height',$,IFCREAL(1.651),$);
#686=IFCPROPERTYSINGLEVALUE('24 Circuit Height',$,IFCREAL(1.3462),$);
#687=IFCPROPERTYSINGLEVALUE('12 Circuit Height',$,IFCREAL(1.3462),$);
#688=IFCPROPERTYSINGLEVALUE('PanelName',$,IFCLABEL('EP-1B'),$);
#689=IFCPROPERTYSINGLEVALUE('FedFrom',$,IFCLABEL('PP-1B'),$);
#690=IFCPROPERTYSET('3toEAtn7YErDuvAb552m8N',#5,'PanelSchedule',$,(#681,#682,#683,#684,#685,#686,#687,#688,#689));
#691=IFCRELDEFINESBYPROPERTIES('1fInM5PT9Yshu8_W7QHk46',#5,$,$,(#680),#690);
#692=IFCCARTESIANPOINTLIST3D(((-8.833003,6.943881,1.035372),(-9.341003,6.943881,1.035372),(-9.341003,6.797781,1.035372),(-8.833003,6.797781,1.035372),(-8.833003,6.943881,2.152972),(-9.341003,6.943881,2.152972),(-9.341003,6.797781,2.152972),(-8.833003,6.797781,2.152972)));
#693=IFCTRIANGULATEDFACESET(#692,$,$,((1,3,2),(1,4,3),(5,6,7),(5,7,8),(1,2,6),(1,6,5),(2,3,7),(2,7,6),(3,4,8),(3,8,7),(4,1,5),(4,5,8)),$);
#694=IFCSTYLEDITEM(#693,(#33),'LP-1B_enclosure');
#695=IFCCARTESIANPOINTLIST3D(((-8.967003,6.949881,1.758438),(-9.207003,6.949881,1.758438),(-9.207003,6.943881,1.758438),(-8.967003,6.943881,1.758438),(-8.967003,6.949881,1.802438),(-9.207003,6.949881,1.802438),(-9.207003,6.943881,1.802438),(-8.967003,6.943881,1.802438)));
#696=IFCTRIANGULATEDFACESET(#695,$,$,((1,3,2),(1,4,3),(5,6,7),(5,7,8),(1,2,6),(1,6,5),(2,3,7),(2,7,6),(3,4,8),(3,8,7),(4,1,5),(4,5,8)),$);
#697=IFCSTYLEDITEM(#696,(#33),'LP-1B_nameplate');
#698=IFCSHAPEREPRESENTATION(#11,'Body','Tessellation',(#693,#696));
#699=IFCPRODUCTDEFINITIONSHAPE($,$,(#698));
#700=IFCLOCALPLACEMENT(#25,#9);
#701=IFCELECTRICDISTRIBUTIONBOARD('0$LcB6W9aVypARcUbntPz3',#5,'M_Lighting and Appliance Panelboard - 480V MCB - Surface',$,$,#700,#699,'LP-1B',.DISTRIBUTIONBOARD.);
#702=IFCPROPERTYSINGLEVALUE('Width',$,IFCREAL(0.508),$);
#703=IFCPROPERTYSINGLEVALUE('Height',$,IFCREAL(1.1176),$);
#704=IFCPROPERTYSINGLEVALUE('Depth',$,IFCREAL(0.1461),$);
#705=IFCPROPERTYSINGLEVALUE('42 Circuit Height',$,IFCREAL(1.1176),$);
#706=IFCPROPERTYSINGLEVALUE('30 Circuit Height',$,IFCREAL(0.9652),$);
#707=IFCPROPERTYSINGLEVALUE('18 Circuit Height',$,IFCREAL(0.8128),$);
#708=IFCPROPERTYSINGLEVALUE('12 Circuit Height',$,IFCREAL(0.8128),$);
#709=IFCPROPERTYSINGLEVALUE('PanelName',$,IFCLABEL('LP-1B'),$);
#710=IFCPROPERTYSINGLEVALUE('FedFrom',$,IFCLABEL('MDP-1'),$);
#711=IFCPROPERTYSET('3ods5YNRnHhN0IQNzXbt0m',#5,'PanelSchedule',$,(#702,#703,#704,#705,#706,#707,#708,#709,#710));
#712=IFCRELDEFINESBYPROPERTIES('1n054BQ0FTtxgofouBl7cY',#5,$,$,(#701),#711);
#713=IFCCARTESIANPOINTLIST3D(((-7.700503,6.943881,1.035372),(-8.208503,6.943881,1.035372),(-8.208503,6.797781,1.035372),(-7.700503,6.797781,1.035372),(-7.700503,6.943881,2.152972),(-8.208503,6.943881,2.152972),(-8.208503,6.797781,2.152972),(-7.700503,6.797781,2.152972)));
#714=IFCTRIANGULATEDFACESET(#713,$,$,((1,3,2),(1,4,3),(5,6,7),(5,7,8),(1,2,6),(1,6,5),(2,3,7),(2,7,6),(3,4,8),(3,8,7),(4,1,5),(4,5,8)),$);
#715=IFCSTYLEDITEM(#714,(#33),'MP-1B_enclosure');
#716=IFCCARTESIANPOINTLIST3D(((-7.834503,6.949881,1.758438),(-8.074503,6.949881,1.758438),(-8.074503,6.943881,1.758438),(-7.834503,6.943881,1.758438),(-7.834503,6.949881,1.802438),(-8.074503,6.949881,1.802438),(-8.074503,6.943881,1.802438),(-7.834503,6.943881,1.802438)));
#717=IFCTRIANGULATEDFACESET(#716,$,$,((1,3,2),(1,4,3),(5,6,7),(5,7,8),(1,2,6),(1,6,5),(2,3,7),(2,7,6),(3,4,8),(3,8,7),(4,1,5),(4,5,8)),$);
#718=IFCSTYLEDITEM(#717,(#33),'MP-1B_nameplate');
#719=IFCSHAPEREPRESENTATION(#11,'Body','Tessellation',(#714,#717));
#720=IFCPRODUCTDEFINITIONSHAPE($,$,(#719));
#721=IFCLOCALPLACEMENT(#25,#9);
#722=IFCELECTRICDISTRIBUTIONBOARD('1ohh5gMOMmhagj7XbOZGnQ',#5,'M_Lighting and Appliance Panelboard - 480V MCB - Surface',$,$,#721,#720,'MP-1B',.DISTRIBUTIONBOARD.);
#723=IFCPROPERTYSINGLEVALUE('Width',$,IFCREAL(0.508),$);
#724=IFCPROPERTYSINGLEVALUE('Height',$,IFCREAL(1.1176),$);
#725=IFCPROPERTYSINGLEVALUE('Depth',$,IFCREAL(0.1461),$);
#726=IFCPROPERTYSINGLEVALUE('42 Circuit Height',$,IFCREAL(1.1176),$);
#727=IFCPROPERTYSINGLEVALUE('30 Circuit Height',$,IFCREAL(0.9652),$);
#728=IFCPROPERTYSINGLEVALUE('18 Circuit Height',$,IFCREAL(0.8128),$);
#729=IFCPROPERTYSINGLEVALUE('12 Circuit Height',$,IFCREAL(0.8128),$);
#730=IFCPROPERTYSINGLEVALUE('PanelName',$,IFCLABEL('MP-1B'),$);
#731=IFCPROPERTYSINGLEVALUE('FedFrom',$,IFCLABEL('MDP-1'),$);
#732=IFCPROPERTYSET('0TOh_W5FYrAYYa8W5o117n',#5,'PanelSchedule',$,(#723,#724,#725,#726,#727,#728,#729,#730,#731));
#733=IFCRELDEFINESBYPROPERTIES('1yLctwkT98ar3vcUKsN34M',#5,$,$,(#722),#732);
#734=IFCCARTESIANPOINTLIST3D(((-4.378903,5.519141,1.125206),(-4.886903,5.519141,1.125206),(-4.886903,5.373041,1.125206),(-4.378903,5.373041,1.125206),(-4.378903,5.519141,2.242806),(-4.886903,5.519141,2.242806),(-4.886903,5.373041,2.242806),(-4.378903,5.373041,2.242806)));
#735=IFCTRIANGULATEDFACESET(#734,$,$,((1,3,2),(1,4,3),(5,6,7),(5,7,8),(1,2,6),(1,6,5),(2,3,7),(2,7,6),(3,4,8),(3,8,7),(4,1,5),(4,5,8)),$);
#736=IFCSTYLEDITEM(#735,(#33),'PP-1A_enclosure');
#737=IFCCARTESIANPOINTLIST3D(((-4.512903,5.525141,1.848272),(-4.752903,5.525141,1.848272),(-4.752903,5.519141,1.848272),(-4.512903,5.519141,1.848272),(-4.512903,5.525141,1.892272),(-4.752903,5.525141,1.892272),(-4.752903,5.519141,1.892272),(-4.512903,5.519141,1.892272)));
#738=IFCTRIANGULATEDFACESET(#737,$,$,((1,3,2),(1,4,3),(5,6,7),(5,7,8),(1,2,6),(1,6,5),(2,3,7),(2,7,6),(3,4,8),(3,8,7),(4,1,5),(4,5,8)),$);
#739=IFCSTYLEDITEM(#738,(#33),'PP-1A_nameplate');
#740=IFCSHAPEREPRESENTATION(#11,'Body','Tessellation',(#735,#738));
#741=IFCPRODUCTDEFINITIONSHAPE($,$,(#740));
#742=IFCLOCALPLACEMENT(#25,#9);
#743=IFCELECTRICDISTRIBUTIONBOARD('18Y8k0is8Xw6PmEEPNkgpb',#5,'M_Lighting and Appliance Panelboard - 208V MCB - Surface',$,$,#742,#741,'PP-1A',.DISTRIBUTIONBOARD.);
#744=IFCPROPERTYSINGLEVALUE('Width',$,IFCREAL(0.508),$);
#745=IFCPROPERTYSINGLEVALUE('Height',$,IFCREAL(1.1176),$);
#746=IFCPROPERTYSINGLEVALUE('Depth',$,IFCREAL(0.1461),$);
#747=IFCPROPERTYSINGLEVALUE('42 Circuit Height',$,IFCREAL(1.4224),$);
#748=IFCPROPERTYSINGLEVALUE('30 Circuit Height',$,IFCREAL(1.1176),$);
#749=IFCPROPERTYSINGLEVALUE('24 Circuit Height',$,IFCREAL(1.1176),$);
#750=IFCPROPERTYSINGLEVALUE('12 Circuit Height',$,IFCREAL(1.1176),$);
#751=IFCPROPERTYSINGLEVALUE('PanelName',$,IFCLABEL('PP-1A'),$);
#752=IFCPROPERTYSINGLEVALUE('FedFrom',$,IFCLABEL('TP-1A'),$);
#753=IFCPROPERTYSET('0nJe_R8p0Rzmt$OW0G2iqb',#5,'PanelSchedule',$,(#744,#745,#746,#747,#748,#749,#750,#751,#752));
#754=IFCRELDEFINESBYPROPERTIES('270pyR59nkLOLOS9DnfxFy',#5,$,$,(#743),#753);
#755=IFCCARTESIANPOINTLIST3D(((-4.332903,6.267781,1.414172),(-4.932903,6.267781,1.414172),(-4.932903,5.967781,1.414172),(-4.332903,5.967781,1.414172),(-4.332903,6.267781,2.614172),(-4.932903,6.267781,2.614172),(-4.932903,5.967781,2.614172),(-4.332903,5.967781,2.614172)));
#756=IFCTRIANGULATEDFACESET(#755,$,$,((1,3,2),(1,4,3),(5,6,7),(5,7,8),(1,2,6),(1,6,5),(2,3,7),(2,7,6),(3,4,8),(3,8,7),(4,1,5),(4,5,8)),$);
#757=IFCSTYLEDITEM(#756,(#33),'TP-1A_body');
#758=IFCCARTESIANPOINTLIST3D(((-4.512903,6.273781,2.192172),(-4.752903,6.273781,2.192172),(-4.752903,6.267781,2.192172),(-4.512903,6.267781,2.192172),(-4.512903,6.273781,2.236172),(-4.752903,6.273781,2.236172),(-4.752903,6.267781,2.236172),(-4.512903,6.267781,2.236172)));
#759=IFCTRIANGULATEDFACESET(#758,$,$,((1,3,2),(1,4,3),(5,6,7),(5,7,8),(1,2,6),(1,6,5),(2,3,7),(2,7,6),(3,4,8),(3,8,7),(4,1,5),(4,5,8)),$);
#760=IFCSTYLEDITEM(#759,(#33),'TP-1A_nameplate');
#761=IFCSHAPEREPRESENTATION(#11,'Body','Tessellation',(#756,#759));
#762=IFCPRODUCTDEFINITIONSHAPE($,$,(#761));
#763=IFCLOCALPLACEMENT(#25,#9);
#764=IFCTRANSFORMER('3HDlyhJxaAFoQdo9eOY1yR',#5,'M_Dry Type Transformer - 480-208Y120 - NEMA Type 3R',$,$,#763,#762,'TP-1A',$);
#765=IFCPROPERTYSINGLEVALUE('Transformer Width',$,IFCREAL(0.229),$);
#766=IFCPROPERTYSINGLEVALUE('Transformer Material',$,IFCREAL(0.),$);
#767=IFCPROPERTYSINGLEVALUE('Transformer Length',$,IFCREAL(0.375),$);
#768=IFCPROPERTYSINGLEVALUE('Transformer Height',$,IFCREAL(0.343),$);
#769=IFCPROPERTYSINGLEVALUE('Primary Voltage',$,IFCREAL(480.),$);
#770=IFCPROPERTYSINGLEVALUE('Primary Number of Poles',$,IFCREAL(0.),$);
#771=IFCPROPERTYSINGLEVALUE('Half Width',$,IFCREAL(0.1145),$);
#772=IFCPROPERTYSINGLEVALUE('Half Length',$,IFCREAL(0.1875),$);
#773=IFCPROPERTYSINGLEVALUE('PanelName',$,IFCLABEL('TP-1A'),$);
#774=IFCPROPERTYSINGLEVALUE('FedFrom',$,IFCLABEL('MDP-1'),$);
#775=IFCPROPERTYSET('2tVZcij4L$1RKXcTUmr3nh',#5,'TransformerSchedule',$,(#765,#766,#767,#768,#769,#770,#771,#772,#773,#774));
#776=IFCRELDEFINESBYPROPERTIES('1ex9WEJkTKlVqceDCi$ioj',#5,$,$,(#764),#775);
#777=IFCCARTESIANPOINTLIST3D(((-15.367903,5.563066,0.094172),(-14.767903,5.563066,0.094172),(-14.767903,5.863066,0.094172),(-15.367903,5.863066,0.094172),(-15.367903,5.563066,1.294172),(-14.767903,5.563066,1.294172),(-14.767903,5.863066,1.294172),(-15.367903,5.863066,1.294172)));
#778=IFCTRIANGULATEDFACESET(#777,$,$,((1,3,2),(1,4,3),(5,6,7),(5,7,8),(1,2,6),(1,6,5),(2,3,7),(2,7,6),(3,4,8),(3,8,7),(4,1,5),(4,5,8)),$);
#779=IFCSTYLEDITEM(#778,(#33),'T-SVC_body');
#780=IFCCARTESIANPOINTLIST3D(((-15.187903,5.557066,0.872172),(-14.947903,5.557066,0.872172),(-14.947903,5.563066,0.872172),(-15.187903,5.563066,0.872172),(-15.187903,5.557066,0.916172),(-14.947903,5.557066,0.916172),(-14.947903,5.563066,0.916172),(-15.187903,5.563066,0.916172)));
#781=IFCTRIANGULATEDFACESET(#780,$,$,((1,3,2),(1,4,3),(5,6,7),(5,7,8),(1,2,6),(1,6,5),(2,3,7),(2,7,6),(3,4,8),(3,8,7),(4,1,5),(4,5,8)),$);
#782=IFCSTYLEDITEM(#781,(#33),'T-SVC_nameplate');
#783=IFCSHAPEREPRESENTATION(#11,'Body','Tessellation',(#778,#781));
#784=IFCPRODUCTDEFINITIONSHAPE($,$,(#783));
#785=IFCLOCALPLACEMENT(#25,#9);
#786=IFCTRANSFORMER('0CFbOYW67p2kRNhdHswA00',#5,'M_Dry Type Transformer - 480-208Y120 - NEMA Type 2',$,$,#785,#784,'T-SVC',$);
#787=IFCPROPERTYSINGLEVALUE('Transformer Material',$,IFCREAL(0.),$);
#788=IFCPROPERTYSINGLEVALUE('Transformer Length',$,IFCREAL(0.508),$);
#789=IFCPROPERTYSINGLEVALUE('Primary Voltage',$,IFCREAL(480.),$);
#790=IFCPROPERTYSINGLEVALUE('Primary Number of Poles',$,IFCREAL(0.),$);
#791=IFCPROPERTYSINGLEVALUE('Transformer Height',$,IFCREAL(0.686),$);
#792=IFCPROPERTYSINGLEVALUE('Transformer Width',$,IFCREAL(0.406),$);
#793=IFCPROPERTYSINGLEVALUE('PanelName',$,IFCLABEL('T-SVC'),$);
#794=IFCPROPERTYSET('169sOYoNQnRC$UK1g7DQDZ',#5,'TransformerSchedule',$,(#787,#788,#789,#790,#791,#792,#793));
#795=IFCRELDEFINESBYPROPERTIES('0xsAlkQshmieSKV_km8_bc',#5,$,$,(#786),#794);
#796=IFCCARTESIANPOINTLIST3D(((-9.980444,6.926381,4.7412),(-10.488444,6.926381,4.7412),(-10.488444,6.780281,4.7412),(-9.980444,6.780281,4.7412),(-9.980444,6.926381,5.8588),(-10.488444,6.926381,5.8588),(-10.488444,6.780281,5.8588),(-9.980444,6.780281,5.8588)));
#797=IFCTRIANGULATEDFACESET(#796,$,$,((1,3,2),(1,4,3),(5,6,7),(5,7,8),(1,2,6),(1,6,5),(2,3,7),(2,7,6),(3,4,8),(3,8,7),(4,1,5),(4,5,8)),$);
#798=IFCSTYLEDITEM(#797,(#33),'LP-2B_enclosure');
#799=IFCCARTESIANPOINTLIST3D(((-10.114444,6.932381,5.464267),(-10.354444,6.932381,5.464267),(-10.354444,6.926381,5.464267),(-10.114444,6.926381,5.464267),(-10.114444,6.932381,5.508267),(-10.354444,6.932381,5.508267),(-10.354444,6.926381,5.508267),(-10.114444,6.926381,5.508267)));
#800=IFCTRIANGULATEDFACESET(#799,$,$,((1,3,2),(1,4,3),(5,6,7),(5,7,8),(1,2,6),(1,6,5),(2,3,7),(2,7,6),(3,4,8),(3,8,7),(4,1,5),(4,5,8)),$);
#801=IFCSTYLEDITEM(#800,(#33),'LP-2B_nameplate');
#802=IFCSHAPEREPRESENTATION(#11,'Body','Tessellation',(#797,#800));
#803=IFCPRODUCTDEFINITIONSHAPE($,$,(#802));
#804=IFCLOCALPLACEMENT(#25,#9);
#805=IFCELECTRICDISTRIBUTIONBOARD('0vIaPEvM4E68vpHBbYr9KP',#5,'M_Lighting and Appliance Panelboard - 480V MCB - Surface',$,$,#804,#803,'LP-2B',.DISTRIBUTIONBOARD.);
#806=IFCPROPERTYSINGLEVALUE('Width',$,IFCREAL(0.508),$);
#807=IFCPROPERTYSINGLEVALUE('Height',$,IFCREAL(1.1176),$);
#808=IFCPROPERTYSINGLEVALUE('Depth',$,IFCREAL(0.1461),$);
#809=IFCPROPERTYSINGLEVALUE('42 Circuit Height',$,IFCREAL(1.1176),$);
#810=IFCPROPERTYSINGLEVALUE('30 Circuit Height',$,IFCREAL(0.9652),$);
#811=IFCPROPERTYSINGLEVALUE('18 Circuit Height',$,IFCREAL(0.8128),$);
#812=IFCPROPERTYSINGLEVALUE('12 Circuit Height',$,IFCREAL(0.8128),$);
#813=IFCPROPERTYSINGLEVALUE('PanelName',$,IFCLABEL('LP-2B'),$);
#814=IFCPROPERTYSINGLEVALUE('FedFrom',$,IFCLABEL('MDP-2'),$);
#815=IFCPROPERTYSET('3cSsGPFypkVUp5XFPhj4VS',#5,'PanelSchedule',$,(#806,#807,#808,#809,#810,#811,#812,#813,#814));
#816=IFCRELDEFINESBYPROPERTIES('3aBt_57bfqr87I6XxivqKA',#5,$,$,(#805),#815);
#817=IFCCARTESIANPOINTLIST3D(((-8.680444,6.926381,4.7412),(-9.188444,6.926381,4.7412),(-9.188444,6.780281,4.7412),(-8.680444,6.780281,4.7412),(-8.680444,6.926381,5.8588),(-9.188444,6.926381,5.8588),(-9.188444,6.780281,5.8588),(-8.680444,6.780281,5.8588)));
#818=IFCTRIANGULATEDFACESET(#817,$,$,((1,3,2),(1,4,3),(5,6,7),(5,7,8),(1,2,6),(1,6,5),(2,3,7),(2,7,6),(3,4,8),(3,8,7),(4,1,5),(4,5,8)),$);
#819=IFCSTYLEDITEM(#818,(#33),'MP-2B_enclosure');
#820=IFCCARTESIANPOINTLIST3D(((-8.814444,6.932381,5.464267),(-9.054444,6.932381,5.464267),(-9.054444,6.926381,5.464267),(-8.814444,6.926381,5.464267),(-8.814444,6.932381,5.508267),(-9.054444,6.932381,5.508267),(-9.054444,6.926381,5.508267),(-8.814444,6.926381,5.508267)));
#821=IFCTRIANGULATEDFACESET(#820,$,$,((1,3,2),(1,4,3),(5,6,7),(5,7,8),(1,2,6),(1,6,5),(2,3,7),(2,7,6),(3,4,8),(3,8,7),(4,1,5),(4,5,8)),$);
#822=IFCSTYLEDITEM(#821,(#33),'MP-2B_nameplate');
#823=IFCSHAPEREPRESENTATION(#11,'Body','Tessellation',(#818,#821));
#824=IFCPRODUCTDEFINITIONSHAPE($,$,(#823));
#825=IFCLOCALPLACEMENT(#25,#9);
#826=IFCELECTRICDISTRIBUTIONBOARD('1zo$chKetXmV0t$S7YEXD4',#5,'M_Lighting and Appliance Panelboard - 480V MCB - Surface',$,$,#825,#824,'MP-2B',.DISTRIBUTIONBOARD.);
#827=IFCPROPERTYSINGLEVALUE('Width',$,IFCREAL(0.508),$);
#828=IFCPROPERTYSINGLEVALUE('Height',$,IFCREAL(1.1176),$);
#829=IFCPROPERTYSINGLEVALUE('Depth',$,IFCREAL(0.1461),$);
#830=IFCPROPERTYSINGLEVALUE('42 Circuit Height',$,IFCREAL(1.1176),$);
#831=IFCPROPERTYSINGLEVALUE('30 Circuit Height',$,IFCREAL(0.9652),$);
#832=IFCPROPERTYSINGLEVALUE('18 Circuit Height',$,IFCREAL(0.8128),$);
#833=IFCPROPERTYSINGLEVALUE('12 Circuit Height',$,IFCREAL(0.8128),$);
#834=IFCPROPERTYSINGLEVALUE('PanelName',$,IFCLABEL('MP-2B'),$);
#835=IFCPROPERTYSINGLEVALUE('FedFrom',$,IFCLABEL('MDP-2'),$);
#836=IFCPROPERTYSET('2YBU5BkYkzAariftTsYeVg',#5,'PanelSchedule',$,(#827,#828,#829,#830,#831,#832,#833,#834,#835));
#837=IFCRELDEFINESBYPROPERTIES('0vdW13DIMSddP9vBvx9y09',#5,$,$,(#826),#836);
#838=IFCCARTESIANPOINTLIST3D(((-6.474103,6.926381,4.831034),(-6.982103,6.926381,4.831034),(-6.982103,6.780281,4.831034),(-6.474103,6.780281,4.831034),(-6.474103,6.926381,5.948634),(-6.982103,6.926381,5.948634),(-6.982103,6.780281,5.948634),(-6.474103,6.780281,5.948634)));
#839=IFCTRIANGULATEDFACESET(#838,$,$,((1,3,2),(1,4,3),(5,6,7),(5,7,8),(1,2,6),(1,6,5),(2,3,7),(2,7,6),(3,4,8),(3,8,7),(4,1,5),(4,5,8)),$);
#840=IFCSTYLEDITEM(#839,(#33),'PP-2A_enclosure');
#841=IFCCARTESIANPOINTLIST3D(((-6.608103,6.932381,5.554101),(-6.848103,6.932381,5.554101),(-6.848103,6.926381,5.554101),(-6.608103,6.926381,5.554101),(-6.608103,6.932381,5.598101),(-6.848103,6.932381,5.598101),(-6.848103,6.926381,5.598101),(-6.608103,6.926381,5.598101)));
#842=IFCTRIANGULATEDFACESET(#841,$,$,((1,3,2),(1,4,3),(5,6,7),(5,7,8),(1,2,6),(1,6,5),(2,3,7),(2,7,6),(3,4,8),(3,8,7),(4,1,5),(4,5,8)),$);
#843=IFCSTYLEDITEM(#842,(#33),'PP-2A_nameplate');
#844=IFCSHAPEREPRESENTATION(#11,'Body','Tessellation',(#839,#842));
#845=IFCPRODUCTDEFINITIONSHAPE($,$,(#844));
#846=IFCLOCALPLACEMENT(#25,#9);
#847=IFCELECTRICDISTRIBUTIONBOARD('1gHPbbwT13GEYQ7bo3tuAP',#5,'M_Lighting and Appliance Panelboard - 208V MCB - Surface',$,$,#846,#845,'PP-2A',.DISTRIBUTIONBOARD.);
#848=IFCPROPERTYSINGLEVALUE('Width',$,IFCREAL(0.508),$);
#849=IFCPROPERTYSINGLEVALUE('Height',$,IFCREAL(1.1176),$);
#850=IFCPROPERTYSINGLEVALUE('Depth',$,IFCREAL(0.1461),$);
#851=IFCPROPERTYSINGLEVALUE('42 Circuit Height',$,IFCREAL(1.4224),$);
#852=IFCPROPERTYSINGLEVALUE('30 Circuit Height',$,IFCREAL(1.1176),$);
#853=IFCPROPERTYSINGLEVALUE('24 Circuit Height',$,IFCREAL(1.1176),$);
#854=IFCPROPERTYSINGLEVALUE('12 Circuit Height',$,IFCREAL(1.1176),$);
#855=IFCPROPERTYSINGLEVALUE('PanelName',$,IFCLABEL('PP-2A'),$);
#856=IFCPROPERTYSINGLEVALUE('FedFrom',$,IFCLABEL('TP-2A'),$);
#857=IFCPROPERTYSET('2Xoj1FPZv686p69UPX3oAy',#5,'PanelSchedule',$,(#848,#849,#850,#851,#852,#853,#854,#855,#856));
#858=IFCRELDEFINESBYPROPERTIES('3Mw1yXrcXc8E8ozqT0X3_K',#5,$,$,(#847),#857);
#859=IFCCARTESIANPOINTLIST3D(((-7.432844,6.930281,5.12),(-8.032844,6.930281,5.12),(-8.032844,6.630281,5.12),(-7.432844,6.630281,5.12),(-7.432844,6.930281,6.32),(-8.032844,6.930281,6.32),(-8.032844,6.630281,6.32),(-7.432844,6.630281,6.32)));
#860=IFCTRIANGULATEDFACESET(#859,$,$,((1,3,2),(1,4,3),(5,6,7),(5,7,8),(1,2,6),(1,6,5),(2,3,7),(2,7,6),(3,4,8),(3,8,7),(4,1,5),(4,5,8)),$);
#861=IFCSTYLEDITEM(#860,(#33),'TP-2A_body');
#862=IFCCARTESIANPOINTLIST3D(((-7.612844,6.936281,5.898),(-7.852844,6.936281,5.898),(-7.852844,6.930281,5.898),(-7.612844,6.930281,5.898),(-7.612844,6.936281,5.942),(-7.852844,6.936281,5.942),(-7.852844,6.930281,5.942),(-7.612844,6.930281,5.942)));
#863=IFCTRIANGULATEDFACESET(#862,$,$,((1,3,2),(1,4,3),(5,6,7),(5,7,8),(1,2,6),(1,6,5),(2,3,7),(2,7,6),(3,4,8),(3,8,7),(4,1,5),(4,5,8)),$);
#864=IFCSTYLEDITEM(#863,(#33),'TP-2A_nameplate');
#865=IFCSHAPEREPRESENTATION(#11,'Body','Tessellation',(#860,#863));
#866=IFCPRODUCTDEFINITIONSHAPE($,$,(#865));
#867=IFCLOCALPLACEMENT(#25,#9);
#868=IFCTRANSFORMER('3Pnbo7EZsfzTrjpBK$pxV$',#5,'M_Dry Type Transformer - 480-208Y120 - NEMA Type 3R',$,$,#867,#866,'TP-2A',$);
#869=IFCPROPERTYSINGLEVALUE('Transformer Width',$,IFCREAL(0.229),$);
#870=IFCPROPERTYSINGLEVALUE('Transformer Material',$,IFCREAL(0.),$);
#871=IFCPROPERTYSINGLEVALUE('Transformer Length',$,IFCREAL(0.375),$);
#872=IFCPROPERTYSINGLEVALUE('Transformer Height',$,IFCREAL(0.343),$);
#873=IFCPROPERTYSINGLEVALUE('Primary Voltage',$,IFCREAL(480.),$);
#874=IFCPROPERTYSINGLEVALUE('Primary Number of Poles',$,IFCREAL(0.),$);
#875=IFCPROPERTYSINGLEVALUE('Half Width',$,IFCREAL(0.1145),$);
#876=IFCPROPERTYSINGLEVALUE('Half Length',$,IFCREAL(0.1875),$);
#877=IFCPROPERTYSINGLEVALUE('PanelName',$,IFCLABEL('TP-2A'),$);
#878=IFCPROPERTYSINGLEVALUE('FedFrom',$,IFCLABEL('MDP-2'),$);
#879=IFCPROPERTYSET('10cFOMh3yLgg7jHNCqd8Pf',#5,'TransformerSchedule',$,(#869,#870,#871,#872,#873,#874,#875,#876,#877,#878));
#880=IFCRELDEFINESBYPROPERTIES('04G1hAjovTCqKhbjBZkyQU',#5,$,$,(#868),#879);
#881=IFCCARTESIANPOINTLIST3D(((-9.880444,6.926381,8.2412),(-10.388444,6.926381,8.2412),(-10.388444,6.780281,8.2412),(-9.880444,6.780281,8.2412),(-9.880444,6.926381,9.3588),(-10.388444,6.926381,9.3588),(-10.388444,6.780281,9.3588),(-9.880444,6.780281,9.3588)));
#882=IFCTRIANGULATEDFACESET(#881,$,$,((1,3,2),(1,4,3),(5,6,7),(5,7,8),(1,2,6),(1,6,5),(2,3,7),(2,7,6),(3,4,8),(3,8,7),(4,1,5),(4,5,8)),$);
#883=IFCSTYLEDITEM(#882,(#33),'LP-3B_enclosure');
#884=IFCCARTESIANPOINTLIST3D(((-10.014444,6.932381,8.964267),(-10.254444,6.932381,8.964267),(-10.254444,6.926381,8.964267),(-10.014444,6.926381,8.964267),(-10.014444,6.932381,9.008267),(-10.254444,6.932381,9.008267),(-10.254444,6.926381,9.008267),(-10.014444,6.926381,9.008267)));
#885=IFCTRIANGULATEDFACESET(#884,$,$,((1,3,2),(1,4,3),(5,6,7),(5,7,8),(1,2,6),(1,6,5),(2,3,7),(2,7,6),(3,4,8),(3,8,7),(4,1,5),(4,5,8)),$);
#886=IFCSTYLEDITEM(#885,(#33),'LP-3B_nameplate');
#887=IFCSHAPEREPRESENTATION(#11,'Body','Tessellation',(#882,#885));
#888=IFCPRODUCTDEFINITIONSHAPE($,$,(#887));
#889=IFCLOCALPLACEMENT(#25,#9);
#890=IFCELECTRICDISTRIBUTIONBOARD('3v0P6sgS4jA_HOW11g_Hun',#5,'M_Lighting and Appliance Panelboard - 480V MCB - Surface',$,$,#889,#888,'LP-3B',.DISTRIBUTIONBOARD.);
#891=IFCPROPERTYSINGLEVALUE('Width',$,IFCREAL(0.508),$);
#892=IFCPROPERTYSINGLEVALUE('Height',$,IFCREAL(1.1176),$);
#893=IFCPROPERTYSINGLEVALUE('Depth',$,IFCREAL(0.1461),$);
#894=IFCPROPERTYSINGLEVALUE('42 Circuit Height',$,IFCREAL(1.1176),$);
#895=IFCPROPERTYSINGLEVALUE('30 Circuit Height',$,IFCREAL(0.9652),$);
#896=IFCPROPERTYSINGLEVALUE('18 Circuit Height',$,IFCREAL(0.8128),$);
#897=IFCPROPERTYSINGLEVALUE('12 Circuit Height',$,IFCREAL(0.8128),$);
#898=IFCPROPERTYSINGLEVALUE('PanelName',$,IFCLABEL('LP-3B'),$);
#899=IFCPROPERTYSINGLEVALUE('FedFrom',$,IFCLABEL('MDP-3'),$);
#900=IFCPROPERTYSET('2Vk5Pwb09eByJ9m$veuNdS',#5,'PanelSchedule',$,(#891,#892,#893,#894,#895,#896,#897,#898,#899));
#901=IFCRELDEFINESBYPROPERTIES('07ooQkl4FXGGevtJ3QkJJ5',#5,$,$,(#890),#900);
#902=IFCCARTESIANPOINTLIST3D(((-8.680444,6.926381,8.2412),(-9.188444,6.926381,8.2412),(-9.188444,6.780281,8.2412),(-8.680444,6.780281,8.2412),(-8.680444,6.926381,9.3588),(-9.188444,6.926381,9.3588),(-9.188444,6.780281,9.3588),(-8.680444,6.780281,9.3588)));
#903=IFCTRIANGULATEDFACESET(#902,$,$,((1,3,2),(1,4,3),(5,6,7),(5,7,8),(1,2,6),(1,6,5),(2,3,7),(2,7,6),(3,4,8),(3,8,7),(4,1,5),(4,5,8)),$);
#904=IFCSTYLEDITEM(#903,(#33),'MP-3B_enclosure');
#905=IFCCARTESIANPOINTLIST3D(((-8.814444,6.932381,8.964267),(-9.054444,6.932381,8.964267),(-9.054444,6.926381,8.964267),(-8.814444,6.926381,8.964267),(-8.814444,6.932381,9.008267),(-9.054444,6.932381,9.008267),(-9.054444,6.926381,9.008267),(-8.814444,6.926381,9.008267)));
#906=IFCTRIANGULATEDFACESET(#905,$,$,((1,3,2),(1,4,3),(5,6,7),(5,7,8),(1,2,6),(1,6,5),(2,3,7),(2,7,6),(3,4,8),(3,8,7),(4,1,5),(4,5,8)),$);
#907=IFCSTYLEDITEM(#906,(#33),'MP-3B_nameplate');
#908=IFCSHAPEREPRESENTATION(#11,'Body','Tessellation',(#903,#906));
#909=IFCPRODUCTDEFINITIONSHAPE($,$,(#908));
#910=IFCLOCALPLACEMENT(#25,#9);
#911=IFCELECTRICDISTRIBUTIONBOARD('1xrPmXAusD6t5IuL8agohM',#5,'M_Lighting and Appliance Panelboard - 480V MCB - Surface',$,$,#910,#909,'MP-3B',.DISTRIBUTIONBOARD.);
#912=IFCPROPERTYSINGLEVALUE('Width',$,IFCREAL(0.508),$);
#913=IFCPROPERTYSINGLEVALUE('Height',$,IFCREAL(1.1176),$);
#914=IFCPROPERTYSINGLEVALUE('Depth',$,IFCREAL(0.1461),$);
#915=IFCPROPERTYSINGLEVALUE('42 Circuit Height',$,IFCREAL(1.1176),$);
#916=IFCPROPERTYSINGLEVALUE('30 Circuit Height',$,IFCREAL(0.9652),$);
#917=IFCPROPERTYSINGLEVALUE('18 Circuit Height',$,IFCREAL(0.8128),$);
#918=IFCPROPERTYSINGLEVALUE('12 Circuit Height',$,IFCREAL(0.8128),$);
#919=IFCPROPERTYSINGLEVALUE('PanelName',$,IFCLABEL('MP-3B'),$);
#920=IFCPROPERTYSINGLEVALUE('FedFrom',$,IFCLABEL('MDP-3'),$);
#921=IFCPROPERTYSET('2QXmITRhdgNKfCo9fA$rlA',#5,'PanelSchedule',$,(#912,#913,#914,#915,#916,#917,#918,#919,#920));
#922=IFCRELDEFINESBYPROPERTIES('1Kge_Sl$yK17C2QJxTlEHu',#5,$,$,(#911),#921);
#923=IFCCARTESIANPOINTLIST3D(((-6.374103,6.926381,8.331034),(-6.882103,6.926381,8.331034),(-6.882103,6.780281,8.331034),(-6.374103,6.780281,8.331034),(-6.374103,6.926381,9.448634),(-6.882103,6.926381,9.448634),(-6.882103,6.780281,9.448634),(-6.374103,6.780281,9.448634)));
#924=IFCTRIANGULATEDFACESET(#923,$,$,((1,3,2),(1,4,3),(5,6,7),(5,7,8),(1,2,6),(1,6,5),(2,3,7),(2,7,6),(3,4,8),(3,8,7),(4,1,5),(4,5,8)),$);
#925=IFCSTYLEDITEM(#924,(#33),'PP-3A_enclosure');
#926=IFCCARTESIANPOINTLIST3D(((-6.508103,6.932381,9.054101),(-6.748103,6.932381,9.054101),(-6.748103,6.926381,9.054101),(-6.508103,6.926381,9.054101),(-6.508103,6.932381,9.098101),(-6.748103,6.932381,9.098101),(-6.748103,6.926381,9.098101),(-6.508103,6.926381,9.098101)));
#927=IFCTRIANGULATEDFACESET(#926,$,$,((1,3,2),(1,4,3),(5,6,7),(5,7,8),(1,2,6),(1,6,5),(2,3,7),(2,7,6),(3,4,8),(3,8,7),(4,1,5),(4,5,8)),$);
#928=IFCSTYLEDITEM(#927,(#33),'PP-3A_nameplate');
#929=IFCSHAPEREPRESENTATION(#11,'Body','Tessellation',(#924,#927));
#930=IFCPRODUCTDEFINITIONSHAPE($,$,(#929));
#931=IFCLOCALPLACEMENT(#25,#9);
#932=IFCELECTRICDISTRIBUTIONBOARD('1SWcL5C$pQeAjYqkvBZsvP',#5,'M_Lighting and Appliance Panelboard - 208V MCB - Surface',$,$,#931,#930,'PP-3A',.DISTRIBUTIONBOARD.);
#933=IFCPROPERTYSINGLEVALUE('Width',$,IFCREAL(0.508),$);
#934=IFCPROPERTYSINGLEVALUE('Height',$,IFCREAL(1.1176),$);
#935=IFCPROPERTYSINGLEVALUE('Depth',$,IFCREAL(0.1461),$);
#936=IFCPROPERTYSINGLEVALUE('42 Circuit Height',$,IFCREAL(1.4224),$);
#937=IFCPROPERTYSINGLEVALUE('30 Circuit Height',$,IFCREAL(1.1176),$);
#938=IFCPROPERTYSINGLEVALUE('24 Circuit Height',$,IFCREAL(1.1176),$);
#939=IFCPROPERTYSINGLEVALUE('12 Circuit Height',$,IFCREAL(1.1176),$);
#940=IFCPROPERTYSINGLEVALUE('PanelName',$,IFCLABEL('PP-3A'),$);
#941=IFCPROPERTYSINGLEVALUE('FedFrom',$,IFCLABEL('TP-3A'),$);
#942=IFCPROPERTYSET('23dlKntPbs06WksWD94rCq',#5,'PanelSchedule',$,(#933,#934,#935,#936,#937,#938,#939,#940,#941));
#943=IFCRELDEFINESBYPROPERTIES('3fY4VQxleY_cvVw83Xb0XE',#5,$,$,(#932),#942);
#944=IFCCARTESIANPOINTLIST3D(((-7.332844,6.930281,8.62),(-7.932844,6.930281,8.62),(-7.932844,6.630281,8.62),(-7.332844,6.630281,8.62),(-7.332844,6.930281,9.82),(-7.932844,6.930281,9.82),(-7.932844,6.630281,9.82),(-7.332844,6.630281,9.82)));
#945=IFCTRIANGULATEDFACESET(#944,$,$,((1,3,2),(1,4,3),(5,6,7),(5,7,8),(1,2,6),(1,6,5),(2,3,7),(2,7,6),(3,4,8),(3,8,7),(4,1,5),(4,5,8)),$);
#946=IFCSTYLEDITEM(#945,(#33),'TP-3A_body');
#947=IFCCARTESIANPOINTLIST3D(((-7.512844,6.936281,9.398),(-7.752844,6.936281,9.398),(-7.752844,6.930281,9.398),(-7.512844,6.930281,9.398),(-7.512844,6.936281,9.442),(-7.752844,6.936281,9.442),(-7.752844,6.930281,9.442),(-7.512844,6.930281,9.442)));
#948=IFCTRIANGULATEDFACESET(#947,$,$,((1,3,2),(1,4,3),(5,6,7),(5,7,8),(1,2,6),(1,6,5),(2,3,7),(2,7,6),(3,4,8),(3,8,7),(4,1,5),(4,5,8)),$);
#949=IFCSTYLEDITEM(#948,(#33),'TP-3A_nameplate');
#950=IFCSHAPEREPRESENTATION(#11,'Body','Tessellation',(#945,#948));
#951=IFCPRODUCTDEFINITIONSHAPE($,$,(#950));
#952=IFCLOCALPLACEMENT(#25,#9);
#953=IFCTRANSFORMER('0R0uoqlL_G22ETmk163pK5',#5,'M_Dry Type Transformer - 480-208Y120 - NEMA Type 3R',$,$,#952,#951,'TP-3A',$);
#954=IFCPROPERTYSINGLEVALUE('Transformer Width',$,IFCREAL(0.229),$);
#955=IFCPROPERTYSINGLEVALUE('Transformer Material',$,IFCREAL(0.),$);
#956=IFCPROPERTYSINGLEVALUE('Transformer Length',$,IFCREAL(0.375),$);
#957=IFCPROPERTYSINGLEVALUE('Transformer Height',$,IFCREAL(0.343),$);
#958=IFCPROPERTYSINGLEVALUE('Primary Voltage',$,IFCREAL(480.),$);
#959=IFCPROPERTYSINGLEVALUE('Primary Number of Poles',$,IFCREAL(0.),$);
#960=IFCPROPERTYSINGLEVALUE('Half Width',$,IFCREAL(0.1145),$);
#961=IFCPROPERTYSINGLEVALUE('Half Length',$,IFCREAL(0.1875),$);
#962=IFCPROPERTYSINGLEVALUE('PanelName',$,IFCLABEL('TP-3A'),$);
#963=IFCPROPERTYSINGLEVALUE('FedFrom',$,IFCLABEL('MDP-3'),$);
#964=IFCPROPERTYSET('1b8amGhX5_4o8lDNYO2f8c',#5,'TransformerSchedule',$,(#954,#955,#956,#957,#958,#959,#960,#961,#962,#963));
#965=IFCRELDEFINESBYPROPERTIES('3QMxf9OHNsQohil7JbIeOs',#5,$,$,(#953),#964);
#966=IFCCARTESIANPOINTLIST3D(((-11.632903,5.347781,0.094172),(-11.032903,5.347781,0.094172),(-11.032903,5.647781,0.094172),(-11.632903,5.647781,0.094172),(-11.632903,5.347781,1.294172),(-11.032903,5.347781,1.294172),(-11.032903,5.647781,1.294172),(-11.632903,5.647781,1.294172)));
#967=IFCTRIANGULATEDFACESET(#966,$,$,((1,3,2),(1,4,3),(5,6,7),(5,7,8),(1,2,6),(1,6,5),(2,3,7),(2,7,6),(3,4,8),(3,8,7),(4,1,5),(4,5,8)),$);
#968=IFCSTYLEDITEM(#967,(#33),'SWB_body');
#969=IFCCARTESIANPOINTLIST3D(((-11.452903,5.341781,0.872172),(-11.212903,5.341781,0.872172),(-11.212903,5.347781,0.872172),(-11.452903,5.347781,0.872172),(-11.452903,5.341781,0.916172),(-11.212903,5.341781,0.916172),(-11.212903,5.347781,0.916172),(-11.452903,5.347781,0.916172)));
#970=IFCTRIANGULATEDFACESET(#969,$,$,((1,3,2),(1,4,3),(5,6,7),(5,7,8),(1,2,6),(1,6,5),(2,3,7),(2,7,6),(3,4,8),(3,8,7),(4,1,5),(4,5,8)),$);
#971=IFCSTYLEDITEM(#970,(#33),'SWB_nameplate');
#972=IFCSHAPEREPRESENTATION(#11,'Body','Tessellation',(#967,#970));
#973=IFCPRODUCTDEFINITIONSHAPE($,$,(#972));
#974=IFCLOCALPLACEMENT(#25,#9);
#975=IFCELECTRICDISTRIBUTIONBOARD('1Wz3BMwtvYBHp76TrWOCuQ',#5,'M_Circuit Breaker Switchboard',$,$,#974,#973,'SWB',.SWITCHBOARD.);
#976=IFCPROPERTYSINGLEVALUE('Switchboard Width',$,IFCREAL(0.66),$);
#977=IFCPROPERTYSINGLEVALUE('Switchboard Voltage',$,IFCREAL(480.),$);
#978=IFCPROPERTYSINGLEVALUE('Switchboard Material',$,IFCREAL(0.),$);
#979=IFCPROPERTYSINGLEVALUE('Switchboard Length',$,IFCREAL(0.61),$);
#980=IFCPROPERTYSINGLEVALUE('Switchboard Height',$,IFCREAL(2.286),$);
#981=IFCPROPERTYSINGLEVALUE('Switch Visibility',$,IFCREAL(0.),$);
#982=IFCPROPERTYSINGLEVALUE('Switch Material',$,IFCREAL(0.),$);
#983=IFCPROPERTYSINGLEVALUE('Switch Count',$,IFCREAL(0.),$);
#984=IFCPROPERTYSINGLEVALUE('Number of Poles',$,IFCREAL(0.),$);
#985=IFCPROPERTYSINGLEVALUE('Length',$,IFCREAL(0.00655),$);
#986=IFCPROPERTYSINGLEVALUE('PanelName',$,IFCLABEL('SWB'),$);
#987=IFCPROPERTYSINGLEVALUE('FedFrom',$,IFCLABEL('T-SVC'),$);
#988=IFCPROPERTYSET('0hyVldDWLfTNb20yOpI5fm',#5,'SwitchboardSchedule',$,(#976,#977,#978,#979,#980,#981,#982,#983,#984,#985,#986,#987));
#989=IFCRELDEFINESBYPROPERTIES('2DMCIZ7hqhYhYXnY1RJy3i',#5,$,$,(#975),#988);
#990=IFCCARTESIANPOINTLIST3D(((-9.9805,6.943881,1.735372),(-10.4885,6.943881,1.735372),(-10.4885,6.797781,1.735372),(-9.9805,6.797781,1.735372),(-9.9805,6.943881,2.852972),(-10.4885,6.943881,2.852972),(-10.4885,6.797781,2.852972),(-9.9805,6.797781,2.852972)));
#991=IFCTRIANGULATEDFACESET(#990,$,$,((1,3,2),(1,4,3),(5,6,7),(5,7,8),(1,2,6),(1,6,5),(2,3,7),(2,7,6),(3,4,8),(3,8,7),(4,1,5),(4,5,8)),$);
#992=IFCSTYLEDITEM(#991,(#33),'MDP-1_enclosure');
#993=IFCCARTESIANPOINTLIST3D(((-10.1145,6.949881,2.458438),(-10.3545,6.949881,2.458438),(-10.3545,6.943881,2.458438),(-10.1145,6.943881,2.458438),(-10.1145,6.949881,2.502438),(-10.3545,6.949881,2.502438),(-10.3545,6.943881,2.502438),(-10.1145,6.943881,2.502438)));
#994=IFCTRIANGULATEDFACESET(#993,$,$,((1,3,2),(1,4,3),(5,6,7),(5,7,8),(1,2,6),(1,6,5),(2,3,7),(2,7,6),(3,4,8),(3,8,7),(4,1,5),(4,5,8)),$);
#995=IFCSTYLEDITEM(#994,(#33),'MDP-1_nameplate');
#996=IFCSHAPEREPRESENTATION(#11,'Body','Tessellation',(#991,#994));
#997=IFCPRODUCTDEFINITIONSHAPE($,$,(#996));
#998=IFCLOCALPLACEMENT(#25,#9);
#999=IFCELECTRICDISTRIBUTIONBOARD('0vqqMeLftQluwSP2G1rF0R',#5,'M_Lighting and Appliance Panelboard - 480V MCB - Surface',$,$,#998,#997,'MDP-1',.DISTRIBUTIONBOARD.);
#1000=IFCPROPERTYSINGLEVALUE('Width',$,IFCREAL(0.508),$);
#1001=IFCPROPERTYSINGLEVALUE('Height',$,IFCREAL(1.1176),$);
#1002=IFCPROPERTYSINGLEVALUE('Depth',$,IFCREAL(0.1461),$);
#1003=IFCPROPERTYSINGLEVALUE('42 Circuit Height',$,IFCREAL(1.1176),$);
#1004=IFCPROPERTYSINGLEVALUE('30 Circuit Height',$,IFCREAL(0.9652),$);
#1005=IFCPROPERTYSINGLEVALUE('18 Circuit Height',$,IFCREAL(0.8128),$);
#1006=IFCPROPERTYSINGLEVALUE('12 Circuit Height',$,IFCREAL(0.8128),$);
#1007=IFCPROPERTYSINGLEVALUE('PanelName',$,IFCLABEL('MDP-1'),$);
#1008=IFCPROPERTYSINGLEVALUE('FedFrom',$,IFCLABEL('SWB'),$);
#1009=IFCPROPERTYSET('3Gc0DFp9KeHwasfuq6ZChO',#5,'PanelSchedule',$,(#1000,#1001,#1002,#1003,#1004,#1005,#1006,#1007,#1008));
#1010=IFCRELDEFINESBYPROPERTIES('0JQxILK7jttSxYdzOcriEZ',#5,$,$,(#999),#1009);
#1011=IFCCARTESIANPOINTLIST3D(((-11.148859,6.926381,5.2209),(-11.656859,6.926381,5.2209),(-11.656859,6.780281,5.2209),(-11.148859,6.780281,5.2209),(-11.148859,6.926381,6.3385),(-11.656859,6.926381,6.3385),(-11.656859,6.780281,6.3385),(-11.148859,6.780281,6.3385)));
#1012=IFCTRIANGULATEDFACESET(#1011,$,$,((1,3,2),(1,4,3),(5,6,7),(5,7,8),(1,2,6),(1,6,5),(2,3,7),(2,7,6),(3,4,8),(3,8,7),(4,1,5),(4,5,8)),$);
#1013=IFCSTYLEDITEM(#1012,(#33),'MDP-2_enclosure');
#1014=IFCCARTESIANPOINTLIST3D(((-11.282859,6.932381,5.943967),(-11.522859,6.932381,5.943967),(-11.522859,6.926381,5.943967),(-11.282859,6.926381,5.943967),(-11.282859,6.932381,5.987967),(-11.522859,6.932381,5.987967),(-11.522859,6.926381,5.987967),(-11.282859,6.926381,5.987967)));
#1015=IFCTRIANGULATEDFACESET(#1014,$,$,((1,3,2),(1,4,3),(5,6,7),(5,7,8),(1,2,6),(1,6,5),(2,3,7),(2,7,6),(3,4,8),(3,8,7),(4,1,5),(4,5,8)),$);
#1016=IFCSTYLEDITEM(#1015,(#33),'MDP-2_nameplate');
#1017=IFCSHAPEREPRESENTATION(#11,'Body','Tessellation',(#1012,#1015));
#1018=IFCPRODUCTDEFINITIONSHAPE($,$,(#1017));
#1019=IFCLOCALPLACEMENT(#25,#9);
#1020=IFCELECTRICDISTRIBUTIONBOARD('2C5nekSP3mk$2PPldxdHbA',#5,'M_Lighting and Appliance Panelboard - 480V MCB - Surface',$,$,#1019,#1018,'MDP-2',.DISTRIBUTIONBOARD.);
#1021=IFCPROPERTYSINGLEVALUE('Width',$,IFCREAL(0.508),$);
#1022=IFCPROPERTYSINGLEVALUE('Height',$,IFCREAL(1.1176),$);
#1023=IFCPROPERTYSINGLEVALUE('Depth',$,IFCREAL(0.1461),$);
#1024=IFCPROPERTYSINGLEVALUE('42 Circuit Height',$,IFCREAL(1.1176),$);
#1025=IFCPROPERTYSINGLEVALUE('30 Circuit Height',$,IFCREAL(0.9652),$);
#1026=IFCPROPERTYSINGLEVALUE('18 Circuit Height',$,IFCREAL(0.8128),$);
#1027=IFCPROPERTYSINGLEVALUE('12 Circuit Height',$,IFCREAL(0.8128),$);
#1028=IFCPROPERTYSINGLEVALUE('PanelName',$,IFCLABEL('MDP-2'),$);
#1029=IFCPROPERTYSINGLEVALUE('FedFrom',$,IFCLABEL('SWB'),$);
#1030=IFCPROPERTYSET('0THFEa8OzURTRS7hwVrgwt',#5,'PanelSchedule',$,(#1021,#1022,#1023,#1024,#1025,#1026,#1027,#1028,#1029));
#1031=IFCRELDEFINESBYPROPERTIES('01DOEB0et353LVyY4xDKec',#5,$,$,(#1020),#1030);
#1032=IFCCARTESIANPOINTLIST3D(((-11.105503,6.926381,8.5908),(-11.613503,6.926381,8.5908),(-11.613503,6.780281,8.5908),(-11.105503,6.780281,8.5908),(-11.105503,6.926381,9.7084),(-11.613503,6.926381,9.7084),(-11.613503,6.780281,9.7084),(-11.105503,6.780281,9.7084)));
#1033=IFCTRIANGULATEDFACESET(#1032,$,$,((1,3,2),(1,4,3),(5,6,7),(5,7,8),(1,2,6),(1,6,5),(2,3,7),(2,7,6),(3,4,8),(3,8,7),(4,1,5),(4,5,8)),$);
#1034=IFCSTYLEDITEM(#1033,(#33),'MDP-3_enclosure');
#1035=IFCCARTESIANPOINTLIST3D(((-11.239503,6.932381,9.313867),(-11.479503,6.932381,9.313867),(-11.479503,6.926381,9.313867),(-11.239503,6.926381,9.313867),(-11.239503,6.932381,9.357867),(-11.479503,6.932381,9.357867),(-11.479503,6.926381,9.357867),(-11.239503,6.926381,9.357867)));
#1036=IFCTRIANGULATEDFACESET(#1035,$,$,((1,3,2),(1,4,3),(5,6,7),(5,7,8),(1,2,6),(1,6,5),(2,3,7),(2,7,6),(3,4,8),(3,8,7),(4,1,5),(4,5,8)),$);
#1037=IFCSTYLEDITEM(#1036,(#33),'MDP-3_nameplate');
#1038=IFCSHAPEREPRESENTATION(#11,'Body','Tessellation',(#1033,#1036));
#1039=IFCPRODUCTDEFINITIONSHAPE($,$,(#1038));
#1040=IFCLOCALPLACEMENT(#25,#9);
#1041=IFCELECTRICDISTRIBUTIONBOARD('3JQrUVczl$C4vo4wXTCXMc',#5,'M_Lighting and Appliance Panelboard - 480V MCB - Surface',$,$,#1040,#1039,'MDP-3',.DISTRIBUTIONBOARD.);
#1042=IFCPROPERTYSINGLEVALUE('Width',$,IFCREAL(0.508),$);
#1043=IFCPROPERTYSINGLEVALUE('Height',$,IFCREAL(1.1176),$);
#1044=IFCPROPERTYSINGLEVALUE('Depth',$,IFCREAL(0.1461),$);
#1045=IFCPROPERTYSINGLEVALUE('42 Circuit Height',$,IFCREAL(1.1176),$);
#1046=IFCPROPERTYSINGLEVALUE('30 Circuit Height',$,IFCREAL(0.9652),$);
#1047=IFCPROPERTYSINGLEVALUE('18 Circuit Height',$,IFCREAL(0.8128),$);
#1048=IFCPROPERTYSINGLEVALUE('12 Circuit Height',$,IFCREAL(0.8128),$);
#1049=IFCPROPERTYSINGLEVALUE('PanelName',$,IFCLABEL('MDP-3'),$);
#1050=IFCPROPERTYSINGLEVALUE('FedFrom',$,IFCLABEL('SWB'),$);
#1051=IFCPROPERTYSET('32MtddoSUKM9IidzwFqMh9',#5,'PanelSchedule',$,(#1042,#1043,#1044,#1045,#1046,#1047,#1048,#1049,#1050));
#1052=IFCRELDEFINESBYPROPERTIES('17gHd0sIZu3qGFVqiO88Dx',#5,$,$,(#1041),#1051);
#1053=IFCRELCONTAINEDINSPATIALSTRUCTURE('2QcmzThzz0e0YoEDADR1CL',#5,$,$,(#436,#449,#470,#491,#512,#533,#554,#575,#596,#617,#638,#659,#680,#701,#722,#743,#764,#786,#805,#826,#847,#868,#890,#911,#932,#953,#975,#999,#1020,#1041),#26);
ENDSEC;
END-ISO-10303-21;
